"","orf","chr","gene","geneflag","WtMean","MutMean","WtMean2","MutMean2","sd.wt","sd.mut","fold.mut.by.wt","sd.ratio","p","p.paired","start","end","strand","chr2","loc"
"1360","orf19.7125","Chr7","","1",536.914344695234,895.27586859043,392.447710010657,410.144143936122,143.851541072765,202.822524085979,1.04509246320990,0.309872889155681,0.957506136700813,0.89388700208778,1155,97,"C","7",626
"564","orf19.7124","Chr7","RVS161","1",3287.59313131896,9785.36673658785,4456.01301405942,7005.08648306257,3306.02526898921,3376.02091018192,1.57205251891330,0.533531950771368,0.126598311368498,0.00517677511605061,2040,1246,"C","7",1643
"2505","orf19.7123","Chr7","","1",1791.8035982009,5827.6963562753,2114.95738169383,3842.7173175408,825.972006282543,1086.70228025290,1.81692423251727,0.60866168310823,0.0923932494577845,0.0713973165354135,2278,2769,"W","7",2523.5
"5560","orf19.7121","Chr7","","1",1370.61157701947,4540.65544082354,1403.92257317473,2499.75255731992,282.916846007312,819.76876308792,1.78054873187712,0.52778279832237,0.0823325630649395,0.0749681405894759,3421,2747,"C","7",3084
"4949","orf19.7119","Chr7","RAD3","1",1075.36464849679,3055.10217630726,1043.29621666543,1759.48439463944,198.045984834126,470.501741427692,1.68646676421686,0.583399440313649,0.00391316457033103,0.0209007284918678,5689,3464,"C","7",4576.5
"5834","orf19.7118","Chr7","ADK2","1",2848.20141700405,6986.26496695984,3295.84615520368,4179.3651868498,1469.19683007002,1834.81622588609,1.26807047114477,0.464474358831,0.42962550876479,0.202231755408739,6467,5799,"C","7",6133
"1540","orf19.7116","Chr7","LEO1","1",1717.17868641876,5845.76715426386,1935.01464230953,3797.71766720623,484.450817754117,1735.55777745160,1.96262993786625,0.614970981031413,0.0154643143061155,0.00319916242709555,7476,6523,"C","7",6999.5
"2574","orf19.7115","Chr7","SAC7","1",784.396918299092,2035.36763452065,685.475899871007,1113.13700998500,337.89097554949,485.291305949406,1.62388934489816,0.707222992757097,0.0967101690149198,0.0228571426520061,9430,7583,"C","7",8506.5
"4664","orf19.7114","Chr7","CSA1/WAP1","1",459.778161695131,841.232285094921,310.607014814106,359.983636751489,252.016893585172,122.487877298651,1.15896814811776,1.70173793386707,0.348378170064166,0.352558802971293,13080,10024,"C","7",11552
"268","orf19.7112","Chr7","FRP2","1",688.733158049855,1617.09898526975,584.427907563088,839.661416038485,270.305673297013,262.355781769379,1.43672368340460,0.458256211022855,0.131220563232685,0.0153115157819467,14047,15825,"W","7",14936
"2999","orf19.7111.1","Chr7","FIS1/SOD3","1",1146.52748831628,3502.47918120899,1195.08038494682,2039.6720995899,262.938457392877,554.064932128909,1.70672376961543,0.579784485431047,0.00542613626146862,0.0146897984523250,15982,16662,"W","7",16322
"4530","orf19.7111","Chr7","SOD3","1",6409.65547240116,27745.516025641,9865.31891667602,17290.6360860461,12028.7900831111,4372.55046859571,1.75266874108029,3.93417192297936,0.0631599499535796,0.0693943061823714,16744,17208,"W","7",16976
"4356","orf19.7110","Chr7","TAD1","1",474.119782629651,1409.02066755084,314.56392536218,685.301000907797,84.9306817418038,179.963533932323,2.17857467323617,0.478569429546579,0.000695373009424148,0.000436701522834652,17255,18298,"W","7",17776.5
"318","orf19.7109","Chr7","","1",1505.09331947796,4754.11723218302,1587.91764980962,2653.40658817559,451.388918934981,924.254927976816,1.67099760399648,0.684256754699647,0.0234184228102750,0.0279718149622182,18851,18321,"C","7",18586
"104","orf19.7108","Chr7","RPE1","1",4371.67097701149,17227.6153200390,5539.35455410353,11412.2448612668,3984.38259916661,7571.17147832603,2.06021202466858,0.433530836847870,0.123455552717159,0.000251955551035517,19179,19871,"W","7",19525
"5390","orf19.7107","Chr7","","1",1321.53293545535,5036.61840027788,1439.80737009682,3074.51788469194,268.403748967658,169.640555962788,2.13536751411766,0.327201086206069,0.0144129952211199,0.0117972798165732,20349,19888,"C","7",20118.5
"3117","orf19.7106","Chr7","VPS70","1",821.41475954475,1870.32887562629,739.899897034569,1005.68273906566,514.319870878463,707.640035345874,1.3592145952396,1.03366758482812,0.457540392275731,0.099201364546516,21072,23375,"W","7",22223.5
"1350","orf19.7105","Chr7","FAR1","1",218.919276113582,596.818426981564,3.61365381187412,197.573017058302,7.53724125738236,204.72738881005,46.1584636124388,214.64919791486,0.000189696724708991,0.00294813524749024,23536,25842,"W","7",24689
"952","orf19.7104","Chr7","","1",769.80608974359,2523.42285587975,727.773422861082,1493.40500064927,297.0802856011,340.569229340007,2.05201915010619,0.998906981051183,0.00863485880453117,0.00409970611136575,26062,27036,"W","7",26549
"2297","orf19.7103","Chr7","GFD2","1",695.214783405,2269.06848852901,658.862309302105,1505.87268526395,753.169162159846,1691.52671491235,2.28556507786738,1.07658962515254,0.192801672554181,0.00276469863813268,27138,28232,"W","7",27685
"3354","orf19.7101","Chr7","TEL2","1",668.111200713505,1406.18887699214,589.351853596413,729.338775995658,611.293445475375,615.187134835051,1.23717703672852,23.3924711353447,0.476777746757941,0.216903401602304,30591,28225,"C","7",29408
"1104","orf19.7102","Chr7","","1",585.194012883668,1438.31572091701,439.631091628406,658.020485269118,218.696792216182,487.811097602056,1.49675602522058,1.01593941364307,0.507018402978923,0.189430909273133,30551,31618,"W","7",31084.5
"4652","orf19.7100","Chr7","","1",427.328497525866,682.196160300176,229.052062259195,198.025563783473,307.697717271091,228.335468400083,0.864642393659914,1.6609197113032,0.912522578503564,0.630912857679423,31779,33545,"W","7",32662
"174","orf19.7098","Chr7","","1",505.565418213874,1829.74148512306,382.479002930755,1009.93939369075,230.209980933471,361.130146752109,2.64050937686008,1.48417040413241,0.00465983011931898,0.00238029291399601,33810,34454,"W","7",34132
"2925","orf19.7097","Chr7","","1",1851.24415924870,5696.191383216,2068.93184060045,3262.23748319802,523.926548646056,1182.47433430991,1.57677378209388,0.486145073711696,0.0479461756214352,0.0226500787019990,35195,34632,"C","7",34913.5
"3646","orf19.7096","Chr7","","1",1229.44863775819,2657.91208791209,1267.91477230632,1450.59427005437,286.181647490203,363.443312854854,1.14407868867697,0.400793161964508,0.339790267881964,0.423649491236458,38295,35365,"C","7",36830
"300","orf19.7095","Chr7","","1",1281.39215194336,4230.82894257262,1353.04481876043,2595.54924699687,187.798404339817,781.546924539208,1.91830249154255,0.444327583373705,0.00240807206771086,0.0017868804397561,38507,39679,"W","7",39093
"2523","orf19.7094","Chr7","SNF32(CG13C)/HGT12","1",454.971527376133,655.371674931022,263.417287203309,194.892712714949,147.433173591571,99.6915830330754,0.740495741386424,0.429961338213103,0.480763749770488,0.217909468890781,41587,43167,"W","7",42377
"3300","orf19.7093","Chr7","STL12/HGT13/STL1","1",364.169305334115,596.678050397878,157.776874129485,169.979001887841,138.534767816317,163.926111454748,1.07733787239530,3.85482366831268,0.920861184563152,0.893507545047422,45102,43379,"C","7",44240.5
"1243","orf19.7092","Chr7","","1",954.978813357443,3556.85019578123,938.580936574992,2104.59859722327,265.805371610366,709.728140414696,2.24231977788004,0.860587968943668,0.00146478558415655,0.00263511759316286,46309,47109,"W","7",46709
"1790","orf19.7091","Chr7","","1",2195.16546754818,4537.31162455210,2586.61199189160,2853.26689294686,976.84024488205,1176.97171303463,1.10309041398213,0.340091718040647,0.696166372198768,0.466230433490783,47988,47152,"C","7",47570
"3787","orf19.7089","Chr7","PMR1","1",1532.09254026833,3755.12614468864,1570.11670187220,2101.19792646344,690.657031001255,709.255453308498,1.33824315349170,0.515223299811014,0.222209961331664,0.082083160706898,51214,48461,"C","7",49837.5
"252","orf19.7088","Chr7","SUA5","1",671.053139590798,1735.69230769231,549.547144550028,874.685020461629,188.821769440241,235.622231418817,1.59164692080754,0.327369315717728,0.0456430049519477,0.00164889581378488,52855,51707,"C","7",52281
"5957","orf19.7086","Chr7","KAP114","1",669.556218456706,1727.85016877406,543.796698016952,835.819524156216,100.427602899834,306.206411023813,1.53700735441053,0.592678481420032,0.0438179355961531,0.0534554801348602,55866,52951,"C","7",54408.5
"3688","orf19.7085","Chr7","","1",7810.65587044534,20850.4636501455,11281.0497861734,13708.3054504151,10453.5445450538,4568.71214750585,1.2151622154187,1.12479042546830,0.273911870573966,0.180848385612891,57377,56058,"C","7",56717.5
"1223","orf19.7084","Chr7","","1",1651.82350853925,5499.76586096652,1902.59653870635,3286.15088872165,558.117965085176,898.903343541115,1.72719271893348,0.925119136049545,0.00470039482565198,0.0466679535516937,59071,60084,"W","7",59577.5
"4641","orf19.7083","Chr7","DCC1","1",380.085377291593,791.960872007605,177.411798810849,256.305505973509,100.706673758031,166.593697950548,1.44563199493635,0.823891319458032,0.784072989244936,0.712614575027284,60279,61298,"W","7",60788.5
"3137","orf19.7082","Chr7","PET8","1",426.961427939876,1417.51794794958,246.980595653652,625.466614248911,138.033163542902,445.766409231319,2.53245244871796,1.13520729938093,0.271898500949690,0.0233167612678845,61437,62255,"W","7",61846
"5526","orf19.7081","Chr7","NSF1/SPL1/NFS1","1",3446.39635171449,8933.23805562757,4140.3696069052,5679.32614583659,1651.64691536973,3368.17597896235,1.37169544872631,0.545835676591786,0.429580351787439,0.199128236336941,62478,63944,"W","7",63211
"2827","orf19.7080","Chr7","LEU2(LEU3)/LEU2","1",1228.40633192176,4309.69870188291,1285.42011820516,2520.98033821399,1119.16898532981,2290.37573091791,1.96121120442245,0.670158079741891,0.40963066368141,0.00352898658922679,64158,65279,"W","7",64718.5
"5866","orf19.7079","Chr7","BUD3","1",407.47121035347,633.892801480616,217.185330679880,177.576864152782,163.503493459981,150.626427378403,0.817768104224289,0.160165856662713,0.88295395853704,0.0611790712262833,68746,65303,"C","7",67024.5
"2716","orf19.7078","Chr7","","1",630.997252747253,1736.20850978020,570.77522201716,1093.03474222352,420.171573978821,780.42077688785,1.91500033649088,0.186926589008093,0.302383911042972,0.00700924195996303,69539,69078,"C","7",69308.5
"770","orf19.7077","Chr7","FRE7","1",1418.59913793103,3849.43740816198,1640.57080034469,2316.54716371215,1769.02544485091,1986.98894219777,1.41203730020395,0.983249707066202,0.518197521579673,0.105850340280689,70601,72361,"W","7",71481
"377","orf19.7076","Chr7","GBP2","1",3834.99960638776,9534.79389808542,4690.1096138938,5993.30614992834,1481.6322433947,1659.72173694401,1.27786057114188,0.255234859885361,0.16853357099081,0.0214828538994352,74332,72658,"C","7",73495
"3684","orf19.7074","Chr7","SGF29","1",460.269359078895,1228.49831258460,284.182853497237,567.645343142897,128.245780743319,228.873786542687,1.99746513963558,1.09981586819299,0.0208583954094418,0.0158508936889857,75454,74657,"C","7",75055.5
"5611","orf19.7073","Chr7","","1",379.379877218466,897.574481269654,178.633753642449,380.204354291768,72.1102756431552,105.245610119590,2.12840152848593,1.85862371498408,0.00692815961045726,0.0346901357223695,75620,76342,"W","7",75981
"1063","orf19.7072","Chr7","PGS1/PEL1","1",688.74458443855,1432.87108875704,614.026316957122,752.068013367886,398.793522918524,474.046803632499,1.22481397392679,0.509102222666701,0.772883502029547,0.601879903802183,77930,76425,"C","7",77177.5
"4408","orf19.7071","Chr7","FGR2/PHO84","1",339.919687561879,509.064582045299,155.146349771921,151.706239866463,184.704216405265,199.786035952304,0.97787421586697,0.713539010408672,0.955624416495715,0.7074443917814,79446,80990,"W","7",80218
"960","orf19.7069","Chr7","","1",529.582768814166,1769.16724462017,373.995324841333,851.271633372763,171.170183821105,541.492489137875,2.27615581487259,1.38735061896865,0.166850076208246,0.0234104561833819,81905,81174,"C","7",81539.5
"6244","orf19.7070","Chr7","","1",252.662466843501,468.31323507332,31.7861095669025,90.9438880642763,27.0800467714882,93.4633958376178,1,1.39104621833278,0.770330075469126,0.228667142623817,81346,81816,"W","7",81581
"3469","orf19.7068","Chr7","MAC1","1",349.305039787798,671.445965156038,143.245662862546,205.939229933770,129.149921506499,171.313396603571,1.43715604702212,1.30345847672552,0.813113255832452,0.266427793306123,82584,83879,"W","7",83231.5
"2249","orf19.7067","Chr7","CTR9","1",931.733826069421,1859.82662766,821.56686718392,930.33216095974,568.28731201504,555.49389268834,1.13238763406883,0.735398199986594,0.629348251685089,0.157392853616244,84177,87452,"W","7",85814.5
"3169","orf19.7065","Chr7","","1",600.887380365148,1883.65296198055,491.352322647853,948.220450420853,119.508991121282,511.830137342018,1.92981778392942,1.44555502333821,0.264748378023658,0.381439289494498,88111,87578,"C","7",87844.5
"2151","orf19.7064","Chr7","GLN4","1",1043.15592279771,3000.6598065677,1005.66967809859,1654.81416321496,974.308743733385,1661.71269054225,1.64521213796580,13.0906445256731,0.531077683553083,0.137459560880340,91080,88681,"C","7",89880.5
"2163","orf19.7063","Chr7","","1",514.079517945384,1407.30825461089,348.925494265467,639.593250547521,215.933622432660,368.551972364012,1.83303674010392,0.478537725727157,0.145502517901613,0.0051049122429301,92165,91359,"C","7",91762
"3434","orf19.7062","Chr7","RPA135","1",1041.16557308390,3466.73016822633,1031.55365036419,1999.58051833907,764.516512022179,1716.05139101329,1.93841640484051,0.782972930104126,0.356945636993818,0.0213414472143695,92423,95923,"W","7",94173
"4480","orf19.7061","Chr7","","1",348.054799354709,833.14005615276,155.458760370878,350.765031425171,160.387637602433,313.215304373209,2.25390566376115,33.856098651668,0.237516834688216,0.0486009746584028,96723,96043,"C","7",96383
"1907","orf19.7060","Chr7","","1",881.320623342175,1826.97966401415,824.059491386931,1003.88185741228,225.944713695538,278.044825923781,1.21821527196137,0.606646885728581,0.276265067856261,0.320089440165781,96928,97902,"W","7",97415
"47","orf19.7059","Chr7","","1",336.060030713388,790.371207000606,132.475583600065,276.788977640858,109.082073932832,201.784444839398,2.08673312676965,8.01480947280422,0.267396057101768,0.034072179977098,99298,97943,"C","7",98620.5
"5857","orf19.7058","Chr7","RMD8","1",472.395092782797,1025.86319551088,294.143111327383,401.743416149945,189.902537645872,250.293882315222,1.36503591178023,43.8067786358308,0.373963932990099,0.246962279494262,101327,99537,"C","7",100432
"3990","orf19.7057","Chr7","","1",1146.15008052293,2875.84877257246,1184.88741633634,1616.57149313056,1015.33619163998,1331.87497672772,1.36432497370002,0.421933882772989,0.579554532888953,0.0213460992826992,101629,103806,"W","7",102717.5
"951","orf19.7056","Chr7","DIP53","1",234.924841150853,334.857143965129,19.6848679712922,14.8410201591029,39.2864941160113,22.3485900262740,1,5.22021440237625,0.772619713678781,0.606927867693461,105816,103977,"C","7",104896.5
"4038","orf19.7055","Chr7","","1",195.527963919525,267.451591511936,0,0,0,0,1,0,NA,NA,106646,106320,"C","7",106483
"5136","orf19.7054","Chr7","","1",330.651034637877,458.749402771142,144.197826950373,101.707912016267,122.45118508879,66.6151360522336,0.70533595524481,0.137870972442700,0.684840442447292,0.141595651909197,114110,114475,"W","7",114292.5
"5429","orf19.7053","Chr7","GAC1","1",950.08549428767,3263.22840049394,889.395136840431,1832.03396889991,846.657143713856,1630.55398383438,2.05986506223566,0.977582244377093,0.238113907280913,0.00266769198237458,115894,117909,"W","7",116901.5
"3835","orf19.7052","Chr7","INP52","1",513.495818976477,862.582833631382,331.06672117984,313.242327259167,271.096358779335,171.594520297675,0.946160719938414,2.18032502612632,0.651234625900842,0.466647706030537,126245,122844,"C","7",124544.5
"969","orf19.7051","Chr7","","1",331.658305245873,763.244542750555,119.928174517702,259.518717017183,66.5655333008336,117.367043346623,2.1609480845124,59.3976576618042,0.174080087304851,0.132781593216973,126561,127202,"W","7",126881.5
"68","orf19.7050","Chr7","NOP15","1",400.551392572944,956.406865832796,200.192246943110,362.103630812722,154.694703322364,213.05435941858,1.80727487631502,67.7333808438032,0.207654473295108,0.157900230037424,127379,128182,"W","7",127780.5
"472","orf19.7049","Chr7","CYB5/CYTB5","1",1021.89458421695,2780.94227666868,925.634366756419,1324.33832976353,502.976522178858,970.139689138664,1.43073591185280,0.700484315123241,0.67928561003025,0.356738366576873,129228,129608,"W","7",129418
"1615","orf19.7048.1","Chr7","RPS28B","1",4890.81808134394,15795.904658585,5953.98142083222,9067.03784802491,1399.84385776470,3597.74289826375,1.52285289576157,0.722283237996515,0.0743605336424849,0.146256955312161,131585,131860,"W","7",131722.5
"4648","orf19.7047","Chr7","RTF1","1",1148.70355472567,2490.66537433881,1086.33992006460,1307.43620259974,1361.66664626420,1505.07329054708,1.20352403373154,1.04604995316589,0.966553744303817,0.901732823304424,132567,134273,"W","7",133420
"2442","orf19.7046","Chr7","MET4","1",2219.80092721858,7093.89406581773,2525.47509712743,4045.23009102062,418.762777408553,1668.71933909269,1.60176993850457,0.676267823560458,0.0519074074995697,0.0806083391345774,135510,136031,"W","7",135770.5
"2069","orf19.7044","Chr7","RIM15","1",1015.91243720486,2186.70581501832,1002.15887204704,1223.27885445109,972.902504919344,1026.73322613413,1.22064364101511,0.886407651134308,0.676006667321416,0.0811679122215259,137282,143053,"W","7",140167.5
"5865","orf19.7043.1","Chr7","","1",196.190805677988,415.150016000772,0,57.6815102417849,0,50.0633740145984,1,50.0633740145984,0.0256372329954585,0.0256372329954585,143529,143912,"W","7",143720.5
"4625","orf19.7043","Chr7","ACB1","1",2800.46080746739,10077.6550492888,3265.36319097721,6090.82259839504,961.148924358261,2534.55969615114,1.86528182078646,0.630238085216446,0.0761699273688177,0.0299122160155918,144569,144060,"C","7",144314.5
"3937","orf19.7042","Chr7","","1",747.840659340659,2437.65771552001,687.770404161191,1204.48033989955,436.846203314613,881.014221479703,1.75128259752401,1.01773721799511,0.19704557927831,0.0759678730099859,145917,146819,"W","7",146368
"3191","orf19.7041","Chr7","PTA1","1",389.457876231837,776.070938010366,191.652980869889,236.794465740945,178.867759886328,258.680279250325,1.23446408531127,0.435770217476601,0.964280815628841,0.699446860906221,148191,150485,"W","7",149338
"2278","orf19.7038","Chr7","MVP1","1",727.336638866801,1778.11340769031,641.245520934654,987.621828755663,651.519617599993,1008.09107923055,1.53976155714948,15.4913024101657,0.488413911488685,0.129353218991753,150850,153243,"W","7",152046.5
"2049","orf19.7037","Chr7","YAE1","1",522.355868118572,1269.04459604471,383.616779568311,592.035740270595,106.950015009535,174.588198352591,1.54329990710214,0.506662761880574,0.0326113648935478,0.0139895284126693,153889,153347,"C","7",153618
"1588","orf19.7036","Chr7","WHI2","1",2550.86118673120,5741.48691298382,3020.2811595064,3822.56709997993,2533.81016859429,2840.84504214603,1.26563286598280,0.492089947538878,0.531206758582183,0.0572885596991612,154466,155746,"W","7",155106
"772","orf19.7035","Chr7","RFC2","1",409.656560720989,954.243834470128,209.755333101932,345.183464888206,192.640073192473,300.269809380251,1.64513548811253,7.00539459873862,0.609710891889244,0.129797553182386,156150,157241,"W","7",156695.5
"3476","orf19.7034","Chr7","","1",643.784300494827,1351.25878744164,518.324590663498,620.941815616656,388.195005636307,465.270889774839,1.19759360806590,71.4674978034288,0.434377437936722,0.319790484087908,159808,157502,"C","7",158655
"3953","orf19.7033","Chr7","PPS1","1",579.879596946033,858.510823228496,514.850009534912,369.368607508852,723.298491912658,180.353793504265,0.71742954388312,0.77660145558049,0.767973748554837,0.641222460855124,163940,160710,"C","7",162325
"2071","orf19.7032","Chr7","","1",1003.60086935277,1834.52577633850,996.40855165095,982.48525535867,842.610575614135,751.321949910771,0.986026518671271,0.333585779790808,0.9991479021702,0.995801588252024,165660,168671,"W","7",167165.5
"1281","orf19.7030","Chr7","CCW14(CCW14)/SSR1","1",4624.32750795534,12788.3410083001,5529.49773457188,8241.33432492733,5507.99074926485,8556.29213270431,1.49043090720525,0.329887912799410,0.84187165122363,0.146272206761650,171720,172424,"W","7",172072
"418","orf19.7029","Chr7","","1",356.678760478783,632.227093623759,152.130318727068,189.462708936024,111.612207138657,126.581273219120,1.24539743636463,0.538570890858944,0.705021475491058,0.41507317815668,174289,176121,"W","7",175205
"297","orf19.7028","Chr7","","1",734.68245533706,1466.13465211076,717.313713606938,876.899832966608,879.231942156491,974.5951297658,1.22247744094729,0.597686427919506,0.651508770726452,0.150057941637928,177455,176562,"C","7",177008.5
"2243","orf19.7027","Chr7","","1",205.012765251989,297.60176779742,3.89521977589230,8.68956149451474,6.01113762462168,17.4329033347452,1,1.94044827610497,0.842770614208341,0.631235313194579,179319,177508,"C","7",178413.5
"1287","orf19.7025","Chr7","MCM1","1",1154.92514843506,2311.78663636139,1157.43958448756,1300.64109808148,231.169749354267,270.66949175721,1.12372266813159,0.295899606230233,0.105479721418833,0.0702352590536229,188812,188024,"C","7",188418
"4371","orf19.7024","Chr7","","1",219.868315842079,328.686118479222,14.9369571927766,19.2088368539407,25.2942184991809,32.6933311161372,1,0.165118694556578,0.966082161412914,0.422649730810374,189688,189996,"W","7",189842
"3020","orf19.7023","Chr7","","1",221.431674007800,364.344944009102,29.3930243150351,49.2622518553103,45.0299193615643,80.0289749832807,1,0.439694065714034,0.912425543553632,0.247508965173731,191256,190075,"C","7",190665.5
"4961","orf19.7022","Chr7","","1",551.045023035041,1480.32102091667,409.984558833653,736.168852715983,203.785527374023,399.220810097392,1.79560141194165,0.455384894447638,0.174144797758338,0.0025216394414469,192482,191454,"C","7",191968
"3390","orf19.7021","Chr7","GPH1","1",2787.22774830533,11361.4620543678,3166.7762641258,7079.64250163319,1819.92487443221,2855.44776749057,2.23559920599176,1.03889016850691,0.0124857670367491,0.00376995654391068,195080,197782,"W","7",196431
"3037","orf19.7020","Chr7","KEX1","1",1063.72137488948,2176.36356890236,1098.65277002832,1230.48985723545,1068.73433748705,1167.01267458548,1.11999886661527,0.288596411267836,0.929697661958494,0.593031202323752,198461,200569,"W","7",199515
"2847","orf19.7019","Chr7","YML6","1",677.82844600449,2075.10442144348,519.986698810722,988.12795480858,307.271531368046,530.519805791862,1.90029467497642,0.796631912036264,0.165721669570178,0.0061191332559681,200873,201709,"W","7",201291
"1739","orf19.7018","Chr7","RPS18B/RPS18","1",16729.6425031411,46217.9172212140,20945.1390131781,29171.8008189234,5967.39972732121,8711.60642764083,1.39277188853076,0.328070134144696,0.083069519657739,0.0219797219738877,202218,203083,"W","7",202650.5
"4452","orf19.7017","Chr7","YOX1","1",752.4151272578,1733.76180770425,659.423237730072,872.145055608505,185.527650131112,349.303936439833,1.32258768831181,0.47653055182165,0.572175945758687,0.365907507977092,206041,205034,"C","7",205537.5
"1403","orf19.7016","Chr7","PHM5","1",531.851141309286,1132.53839838323,355.101521361577,481.73283969446,210.262622345592,188.542768245458,1.35660595833928,0.768899001110087,0.282656586252094,0.0457623033319576,209135,211123,"W","7",210129
"3846","orf19.7014","Chr7","","1",277.482066658978,405.317201048599,59.2616306579784,54.6838620625821,24.5245079138292,26.7535605891284,1,0.700203035968368,0.772983494341374,0.776275778235123,212250,211828,"C","7",212039
"2232","orf19.7015","Chr7","RPP0","1",30706.9063553280,54002.3359991491,38139.2308513329,35424.8632205715,6384.61477302205,8353.5091019623,0.928830037466094,0.18321725915521,0.515614847608833,0.378686965367504,211802,212740,"W","7",212271
"2868","orf19.7013","Chr7","","1",420.903892689283,706.402309724,277.983107089252,265.310873575214,424.870196428228,207.454676519208,0.95441365611483,1.98858106348382,0.481231447651678,0.143057312943101,212899,214128,"W","7",213513.5
"936","orf19.7012","Chr7","LPA4","1",895.689950023301,3442.95168956875,846.135665706692,1967.95271885031,610.357280281487,1702.66671116210,2.32581227645886,0.748919284960408,0.178264374325115,0.00118804186361070,214767,214246,"C","7",214506.5
"2814","orf19.7011","Chr7","RRP12","1",1796.77829548451,4475.99346343312,1869.32553121960,2451.13136308941,873.719720943008,931.576894159462,1.31123837028547,0.509352432997648,0.313599940006196,0.183532379486624,218579,214926,"C","7",216752.5
"5381","orf19.7010","Chr7","","1",456.525265183342,1248.54549270694,258.227636884273,502.290159725889,180.487049847913,335.701041414707,1.94514485663281,1.55401320481637,0.285521157720043,0.0232048604789158,220612,218780,"C","7",219696
"4191","orf19.7009","Chr7","GRP8","1",324.711023573653,621.454764696325,119.65273677424,166.104911048209,67.995667481479,112.618209411193,1.38768490695147,0.754039267915545,0.858057158277857,0.392091518621733,221547,222590,"W","7",222068.5
"3717","orf19.7007","Chr7","","1",277.895148579556,375.48275862069,101.197221208684,72.670948647029,174.701378449038,111.430030268993,0.71668462202912,9.1390469839655,0.760422083248167,0.512099816714383,222727,223155,"W","7",222941
"4413","orf19.7006","Chr7","","1",876.27157254706,1888.25882691366,827.024854163298,1040.38603908961,377.639860303541,433.032630944998,1.25798642429213,0.384785178371083,0.361349795276744,0.0706695587108203,226654,223297,"C","7",224975.5
"3028","orf19.6896","Chr7","","1",310.824703982043,558.46627453817,106.899531146283,134.964349745859,71.9201810313063,79.6896221895032,1.26253453404928,2.43807924915312,0.656372021272946,0.579174452160292,232413,230875,"C","7",231644
"6224","orf19.6897","Chr7","","1",925.437492105596,1274.43655438764,907.675032998943,606.908860983807,311.818239265929,28.4728302709438,0.668641131373406,0.314430677508607,0.230847255893988,0.264319128552674,236563,236123,"C","7",236343
"1207","orf19.6898","Chr7","","1",1010.21233339374,3199.19095774915,1066.25678319937,1894.42861058829,1174.20141785806,1917.25228700373,1.77670955105574,0.722419664817589,0.585968272423643,0.0223671198725286,244444,245343,"W","7",244893.5
"76","orf19.6898.1","Chr7","","1",1928.38074712644,3565.75474079762,2230.97893149777,2213.59852284206,2544.76564349728,2532.61808505091,0.992209514661784,0.406609646669265,0.887090073725863,0.361160154066377,245756,245478,"C","7",245617
"3513","orf19.6899","Chr7","","1",1451.76089814405,2279.12646191252,1587.24521237664,1193.88353133016,323.77965475819,294.701531259182,0.752173339078788,0.235232319465954,0.0551814453110405,0.0808505350112694,247261,246119,"C","7",246690
"1120","orf19.6900","Chr7","MDM12","1",319.284469185785,538.995468611848,105.231804627148,119.063734818219,77.7753707783081,84.3305604198294,1.12965333706131,8.57432914083656,0.524087192056118,0.301644458534017,248253,249539,"W","7",248896
"3895","orf19.6901","Chr7","DCS1","1",292.569791521243,533.989394490869,73.0226883064296,118.098147881647,59.8437584030829,80.2944542055688,1.61587452972890,15.0309936137767,0.63738267632413,0.484123524471539,249863,250771,"W","7",250317
"5555","orf19.6902","Chr7","DBP7","1",1096.99697519661,2102.42073394694,1064.00619080844,1129.08732256606,246.357968375756,406.826068412950,1.06116612132508,0.629338628627546,0.89705926428914,0.919175994311972,252978,250795,"C","7",251886.5
"5749","orf19.6903","Chr7","RPC37","1",1759.21444443336,2899.6565965499,1867.79671557755,1638.08025018485,1777.64184869341,1366.73764806087,0.877012062674247,0.386339014582387,0.977165661761101,0.903320846328075,254186,253350,"C","7",253768
"2320","orf19.6904","Chr7","GCN3","1",1015.54116862670,2017.81609583198,961.734789691259,1005.94132344256,735.682373140507,669.6704195755,1.04596540982519,0.427808956972039,0.778109419851241,0.40188212762145,254407,255342,"W","7",254874.5
"4280","orf19.6905","Chr7","","1",606.980905790116,1066.96889133754,481.989774701025,507.772203789342,290.33514372056,339.681782825618,1.05349165156939,0.66552221729837,0.814364533726665,0.652577974848402,256809,255376,"C","7",256092.5
"2908","orf19.6906","Chr7","ASC1","1",9331.038003663,16904.2770462296,11563.3276051546,10540.3117417976,3270.97914423308,1915.50398677946,0.911529284796794,0.250750538742002,0.654514585232168,0.544179852040681,257915,259127,"W","7",258521
"5339","orf19.6907","Chr7","","1",915.68542926339,1378.17960365658,828.176585288849,599.829716709391,297.670660899239,278.629384913545,0.724277560322699,0.210913642814514,0.232226863266734,0.0274698061053506,261085,259277,"C","7",260181
"2811","orf19.6908","Chr7","FOL3","1",310.951723362340,575.929818744474,96.1885213251608,161.497244733312,48.8547338183217,56.1009298895638,1.67896587356176,1.67357984526141,0.0887972788002744,0.0618838533724631,262555,261263,"C","7",261909
"3107","orf19.6909","Chr7","MED11","1",286.547314766802,461.023341694537,76.8310537856476,90.9444454669649,55.1217851399544,72.9992836259174,1,23.8395534859375,0.925222955413576,0.922445692675992,263355,263861,"W","7",263608
"5916","orf19.6910","Chr7","PFS1","1",474.540319631971,779.388214125056,330.767478539575,271.435220737166,373.86300161336,261.178197593293,0.82071279539489,2.1044085429221,0.963077916874973,0.88654730923681,264609,263899,"C","7",264254
"5062","orf19.6911","Chr7","","1",216.357767313496,356.539462050351,0.659054463538343,31.1492606522777,0.781376635896696,57.7731479274826,1,58.3991456409375,0.124167532577988,0.119980878546714,265076,264747,"C","7",264911.5
"3427","orf19.6912","Chr7","","1",536.044848111658,790.055552924087,352.995676518985,271.931277233347,275.095892682933,158.260061253952,0.770352996713607,1.62243394452579,0.863605137423302,0.79846025405902,266122,267942,"W","7",267032
"4237","orf19.6913","Chr7","GCN2","1",516.863807534974,1036.29642006763,378.404814823394,467.409173580366,374.423892746787,413.048161334646,1.23466556894523,29.8302981432630,0.449287273782306,0.225625311430319,273404,268110,"C","7",270757
"5777","orf19.6915","Chr7","MRE11","1",477.731021851711,826.03253919358,294.888150120403,284.855834642786,207.813115472302,226.367849725608,0.966544437926982,0.317710998772247,0.897432461701382,0.252996388581506,273672,275720,"W","7",274696
"6283","orf19.6916","Chr7","ATP11","1",602.224240558292,873.096153846154,430.073104393185,294.179589956582,255.959154451137,212.212531285781,0.684022290516531,0.470662073412015,0.492968141352484,0.231236204202634,276748,275789,"C","7",276268.5
"5465","orf19.6917","Chr7","","1",326.089743589744,557.028018764861,117.747084582601,121.077116787316,39.3929682948965,116.476924490999,1.03111215492965,0.764991426931228,0.534203241930210,0.489312184680628,277739,277185,"C","7",277462
"4","orf19.6918","Chr7","","1",649.737198876945,1132.38616355273,601.477434299285,620.309963552641,831.330027139356,828.654590187727,1.03130177662030,0.532738285384615,0.799743789531515,0.266199093680145,278056,279504,"W","7",278780
"4107","orf19.6919","Chr7","","1",235.511604774536,325.505834241882,21.1627637966678,15.6118748394019,33.2934800781254,33.4610015724747,1,0.395444616714435,0.61129478404779,0.362569303556388,281378,282505,"W","7",281941.5
"6267","orf19.6920","Chr7","","1",885.005847953216,1123.15870910698,737.502207132231,409.150099493268,548.593935419297,390.583514316933,0.554778135626528,0.424477415273303,0.487461602950727,0.201654924037509,285903,286295,"W","7",286099
"2787","orf19.6921","Chr7","RRN5","1",493.091612666772,720.424275210573,319.67660625279,241.921822221296,143.851897249424,110.746300687292,0.756770490831575,0.328799545185311,0.330707439275496,0.139162416834079,289096,286778,"C","7",287937
"6168","orf19.6588","Chr7","NBP2","1",807.032914126607,1384.98162541536,713.565251539384,675.260951090733,663.638119081512,586.652489465433,0.946319834989138,0.282301018470496,0.933974709043321,0.679034464950523,291142,290114,"C","7",290628
"4668","orf19.6587","Chr7","YDR152W","1",448.060584429686,919.55153968225,264.634643774433,332.262268534877,105.161279748242,197.135785872507,1.25555091274477,0.517135840776954,0.729855546292424,0.546864070464343,292255,293034,"W","7",292644.5
"1693","orf19.6586","Chr7","","1",6497.49174397643,9447.81133952255,7501.77693946347,5637.40358374251,3782.52892134646,2514.27410710407,0.751475767572703,0.20577779189109,0.323493972359073,0.0457174039838703,296776,295835,"C","7",296305.5
"5855","orf19.6585","Chr7","","1",788.282051282051,1106.15381410586,734.269190491997,458.278567157442,200.434930952018,264.312874104082,0.624128825084397,0.527377935767175,0.265120118666443,0.316227941571853,302678,303046,"W","7",302862
"6155","orf19.6584","Chr7","PRT1","1",2517.06892319697,3292.15553306343,2652.19023521951,1567.95002029575,1508.97768782679,1174.69270699402,0.59119063160489,0.407089624380958,0.3526472671737,0.102443605958164,305373,303154,"C","7",304263.5
"3746","orf19.6583","Chr7","","1",262.281940760389,312.354079828218,49.3103844639639,13.3816427021313,53.6361168988836,21.3474648585429,1,0.435773598409279,0.258328355937120,0.0762304621069952,308851,305831,"C","7",307341
"4758","orf19.6582","Chr7","PRE10/PRS1","1",591.402903811252,1240.85575140522,434.475319647366,510.965236784495,187.139340978573,276.508137821166,1.17605123623411,0.468170073989554,0.620574267255488,0.405728083159536,310168,309232,"C","7",309700
"2512","orf19.6581","Chr7","","1",326.589948290266,582.98923924027,116.396379800712,158.760561592359,103.579153210925,191.150377951662,1.36344435973113,0.570807795878274,0.923516292405388,0.55283282952325,310448,311788,"W","7",311118
"5562","orf19.6580","Chr7","","1",313.009559154296,389.895935960591,99.9060339234021,41.7439447587526,86.0879981812596,60.2794740576965,0.419767993789472,0.462447964719534,0.701630149287501,0.347618372805994,312573,313265,"W","7",312919
"2089","orf19.6579","Chr7","","1",458.523397629795,1072.15015822048,269.067294500911,439.144534794315,184.520592454162,286.400790547886,1.63209926947412,0.98558017066691,0.200358794476238,0.0255074332287191,313808,315118,"W","7",314463
"5738","orf19.6578","Chr7","PHO83","1",1335.87742464086,2440.53546347127,1438.24588295889,1440.18067327838,545.748518535506,686.876734853667,1.00134524307868,0.256010374139377,0.933140671615617,0.870254762991706,317087,318730,"W","7",317908.5
"1920","orf19.6577","Chr7","FLU1","1",2555.96725401036,4958.99154883229,2830.39118739219,2681.77974518864,3215.20958359074,3032.72257784657,0.947497472277257,0.913711031438133,0.909025797475812,0.417206855074860,320558,322390,"W","7",321474
"624","orf19.6575","Chr7","","1",209.275641025641,258.840280409246,8.23330599456983,0,13.6831540276667,0,1,0.55397568674889,0.422649730810374,0.422649730810374,322906,323232,"W","7",323069
"3098","orf19.6574","Chr7","ALK6","1",247.360608500695,379.337902603788,34.5838144476534,38.4593014089693,31.3609649438297,40.8685113822679,1,0.273971076793398,0.991274785420885,0.912995978234196,325173,326696,"W","7",325934.5
"2845","orf19.6573","Chr7","BEM2","1",885.345652205226,1469.14106248158,775.829021660077,677.740933337127,488.15929592725,509.998169594683,0.873569967628864,0.304127119231414,0.833136041547762,0.375222240825741,329718,336476,"W","7",333097
"1783","orf19.6570","Chr7","NUP3/NUP","1",384.358247381274,584.695311166954,195.423719792893,156.264338225114,177.744629686932,192.098054802456,0.798936701612498,1.69539608071835,0.949495275274637,0.869494440534315,337900,336680,"C","7",337290
"157","orf19.6569","Chr7","NUP2","1",247.279256662877,350.966138153451,49.2415822670644,38.1965663616061,77.0391912759096,59.3835858340642,1,0.170547210643828,0.955129869466706,0.391974792612447,339886,338750,"C","7",339318
"3351","orf19.6568","Chr7","RHC18","1",584.108731986908,1037.01920253364,423.390688920649,403.762747234674,250.199756224705,338.970793406476,0.953641064388987,0.313776841609629,0.665254882964091,0.235588827563208,340593,343979,"W","7",342286
"1128","orf19.6566","Chr7","","1",358.726137015838,520.7098727422,157.618845759594,107.332480944351,153.316997404411,116.063666806838,0.681299226766816,0.298448963933095,0.774311786362325,0.124932624749307,345578,344247,"C","7",344912.5
"756","orf19.6565","Chr7","OXA1","1",1757.24072393628,3413.74671318187,1916.49125305689,1936.03077882918,1351.04831736808,1726.19521981181,1.01019546827627,0.460081581826635,0.921165129785718,0.677039486680697,345797,346921,"W","7",346359
"3813","orf19.6563.1","Chr7","","1",428.973449040373,709.539011954886,263.533022512462,246.859953542652,207.518486579023,195.168873966337,0.936772511861082,0.331543098522374,0.986998847761472,0.867858108425144,347248,347585,"W","7",347416.5
"1987","orf19.6563","Chr7","","1",887.456946965114,2319.84298416829,908.275764351244,1418.70371652521,423.976675125034,495.760797944653,1.56197464713655,0.94324509427156,0.251374685826879,0.248719075202293,349795,347816,"C","7",348805.5
"216","orf19.6562","Chr7","RNH35","1",806.420169722831,1217.81428777355,693.710212273883,514.14429516716,274.041438084691,241.685735663851,0.741151400210569,0.194791521012563,0.262705426880266,0.0224042567810670,350992,352287,"W","7",351639.5
"118","orf19.6561","Chr7","LAT1","1",7210.87426900585,16027.3799061575,8562.07205783635,10021.3496681567,2838.63919856866,2229.70718875071,1.17043510034289,0.355205010694794,0.322996764166215,0.158178144216943,352681,354114,"W","7",353397.5
"2780","orf19.6559","Chr7","","1",975.390239247544,2295.86455068687,951.4849762708,1356.39740029544,210.143010258294,589.736981449986,1.42555839989364,0.500818966319904,0.18268579210778,0.130413972598104,354545,356142,"W","7",355343.5
"2884","orf19.6558","Chr7","SEC25","1",808.999968422382,1392.58134200444,687.810201637573,621.16526908942,390.111737333383,302.284727095296,0.90310563526176,0.379098425355736,0.844498133733255,0.670707950605268,358625,356178,"C","7",357401.5
"1970","orf19.6557","Chr7","AMD4","1",481.829361517606,768.90928055709,319.060416537985,280.82964187397,220.372516512162,192.401008740362,0.880177005098771,0.261930057425659,0.834694631215727,0.374662447096712,359159,360898,"W","7",360028.5
"4156","orf19.6556","Chr7","","1",292.78492484527,406.376275846557,83.8288559080362,49.3610849306388,69.5761108457476,49.1283111229415,1,0.599762096884387,0.431864009027115,0.223134335517835,364478,363744,"C","7",364111
"6009","orf19.6555","Chr7","","1",337.509446693657,506.045566502463,120.874368071489,116.663050749789,89.5257529904683,4.54912307127332,0.96515955045813,2.95684950605238,0.683213605477985,0.676087909039745,369533,369889,"W","7",369711
"4266","orf19.6554","Chr7","","1",1263.03651338491,2668.87724837917,1418.98856628464,1562.36693366675,768.66267051529,554.913912153175,1.10104265163850,0.408135236897173,0.533631181846167,0.283173178894441,370383,371210,"W","7",370796.5
"3573","orf19.6553","Chr7","","1",6679.02974389998,10924.5284603818,8234.10955718317,6920.4374238514,1443.25597175875,2764.66719132839,0.840459721332495,0.265959792429337,0.258554737432714,0.187805757104573,371484,372665,"W","7",372074.5
"5478","orf19.6552","Chr7","ERV2","1",712.624336870027,1898.84696670220,619.728643079351,999.93551107115,308.261629908121,606.881452300159,1.61350539827012,0.5141076556432,0.265045621573248,0.0257462110824075,373132,373896,"W","7",373514
"5512","orf19.6551.1","Chr7","GOS1","1",379.426522899867,849.447071107303,198.212532708444,344.376890956552,103.792314536578,186.506850236234,1.73741229301128,1.07556723204815,0.152463567307619,0.0428169636007919,374341,374001,"C","7",374171
"3189","orf19.6551","Chr7","STE18","1",674.110405323654,3630.70792067350,630.51841801584,2068.24746145989,795.487248059304,757.687036843312,3.2802332213679,7.1779871527385,0.0104487249160175,0.0103437651118310,375267,374593,"C","7",374930
"3632","orf19.6550","Chr7","","1",399.162001489134,742.170305987116,197.694536104969,263.084824407446,107.475205069433,112.384616398494,1.33076426688777,1.47672607857776,0.309495909446063,0.236032034922046,375747,376631,"W","7",376189
"788","orf19.6548","Chr7","ISU1","1",2810.78491228407,5440.53553243741,3690.79883048687,3878.05997423385,3322.85309534867,3464.96437210244,1.05073729356370,0.3290941383483,0.878114678609662,0.595648162647322,377788,377225,"C","7",377506.5
"1326","orf19.6547","Chr7","","1",268.772736438798,378.668956043956,51.3650913424447,41.7415895153575,19.5235394729552,35.0682514311195,1,0.349015451776287,0.507301479504560,0.280786018819922,379042,379389,"W","7",379215.5
"3399","orf19.6544","Chr7","MHP1","1",1039.26536832798,1704.39951214693,1022.39525664630,895.184521195873,291.346933162909,171.841241376298,0.875575776957622,0.331643876929765,0.413560065226118,0.433075915436949,380245,384339,"W","7",382292
"4192","orf19.6541","Chr7","RPL5","1",31937.4244666153,44427.5412885662,39469.5072382324,29492.9744906204,13792.5312241674,6600.64573095389,0.747234423591988,0.268652714970306,0.144417277937941,0.129961756045672,385386,384490,"C","7",384938
"4691","orf19.6540","Chr7","PFK2","1",8900.15804597701,16616.8771057285,11478.3033806679,11234.720626819,7639.16596211288,6004.31286429981,0.978778853827902,0.37574124971063,0.820980965731835,0.530020162589481,388801,385961,"C","7",387381
"166","orf19.6539","Chr7","RVB2","1",3001.38371930046,5986.56072132625,3578.92395729093,3738.81135225002,667.492619449385,1016.26903145175,1.04467471141245,0.322191098278834,0.85689079934271,0.85577467171765,390350,391846,"W","7",391098
"1879","orf19.6538","Chr7","TFP3","1",2251.39500442087,4927.93400887276,2640.49824562374,3169.54936501535,888.455193167528,998.895425848749,1.20036033739785,0.143110692000896,0.355425201271482,0.0145612497416239,392514,392023,"C","7",392268.5
"3685","orf19.6537","Chr7","","1",342.482568600990,536.807692307692,148.382026907078,138.509377914896,36.3800078052722,29.5535427122262,0.933464657425357,0.0501877373347488,0.76947655437259,0.177553034882403,393006,393698,"W","7",393352
"5386","orf19.6536","Chr7","IQG1","1",722.491637194223,1149.51817475871,583.971671715836,485.188091695561,504.534017326341,347.575742159545,0.830604772559634,32.3699390863024,0.627081604054145,0.476005490985709,394418,399361,"W","7",396889.5
"5695","orf19.6534.2","Chr7","","1",207.682597297842,321.653530377668,1.06765065592527,11.1307254903648,1.27187491160718,10.0235622585937,1,10.8013603309026,0.255652843612640,0.237770868060206,401746,399690,"C","7",400718
"2795","orf19.6534","Chr7","CRN1","1",993.019917672743,1550.68765608761,944.150932750976,734.772377267577,367.029829081018,374.391851725372,0.778236139773402,0.229014992581864,0.312178833037744,0.0811138983511237,401554,402024,"W","7",401789
"4443","orf19.6533","Chr7","MSK1","1",371.534336786614,611.324051314183,173.253648386266,166.758250130534,159.506267589519,134.056567364674,0.96254534393073,0.488838992040549,0.987464253202536,0.909047940460358,402408,404015,"W","7",403211.5
"4396","orf19.6532","Chr7","FLX1","1",398.325778388278,620.188907973958,188.855750568457,169.413460262199,161.849677282357,101.197510186611,0.897052166811244,1.17028066313516,0.735748900688159,0.416529044693565,405127,404177,"C","7",404652
"4835","orf19.6531.1","Chr7","","1",2535.79299292661,5505.72598522167,2857.92332050032,3218.38322129862,1815.95777503669,1812.47689798923,1.12612651228697,0.230738081864266,0.739276652248095,0.186699157911858,405843,405646,"C","7",405744.5
"5942","orf19.6531","Chr7","","1",923.835322723254,2025.53528937286,868.6761461337,974.50342432558,113.177900476938,456.50279985871,1.12182592864198,0.408570133386419,0.871531521949735,0.828828012113793,406706,408142,"W","7",407424
"4838","orf19.6530","Chr7","","1",336.768350915513,615.68700265252,147.83318520513,212.934425086465,77.9742249130497,128.610454815716,1.44036959489848,0.223191379051268,0.338403998834568,0.00556803011930573,409253,408390,"C","7",408821.5
"2335","orf19.6529","Chr7","CDC34","1",483.681971514243,790.12456271864,317.864988260883,310.163509232196,148.690739448271,203.318373203366,0.975771225793618,0.452778580244935,0.869965941110238,0.704295480100951,411057,411791,"W","7",411424
"5725","orf19.6528","Chr7","","1",804.063492063492,1458.83904888215,735.834002680977,781.210942305848,80.1752385477055,440.531235647147,1.06166735902329,0.534385346630919,0.888069976695996,0.88419996492284,412926,412315,"C","7",412620.5
"5442","orf19.6527","Chr7","PRM10","1",1957.71959864848,3370.17048234968,2192.82992906243,1977.5538567612,571.617713446774,676.917156501259,0.901827282887702,0.252458108254697,0.486464877411706,0.361564415144580,416614,413297,"C","7",414955.5
"4812","orf19.6526","Chr7","","1",1343.67610158797,2340.67550839965,1427.11555195488,1184.67173882438,1110.72302593985,877.373002634306,0.830116199912196,0.410292740782676,0.884241958078692,0.745484140896115,418445,419299,"W","7",418872
"4279","orf19.6525","Chr7","","1",668.047716526352,886.710727553854,535.362371458529,350.840730110577,398.759935977465,241.221240334895,0.655333188910447,0.947735763945094,0.659514257856448,0.422058707177702,419663,421988,"W","7",420825.5
"88","orf19.6524","Chr7","TOM40","1",3711.66798406272,5370.52716312222,4303.72832494332,3052.11718223230,1979.45539454486,1663.35341905534,0.709179797559016,0.331177794817970,0.454814486387747,0.134653943671186,423407,422235,"C","7",422821
"2651","orf19.6522","Chr7","","1",774.231231122679,1391.07565886423,686.073403208277,701.952666371606,223.60074866636,164.767315007394,1.02314513737025,0.262489583502139,0.792417898897812,0.709585779448222,431679,429949,"C","7",430814
"2073","orf19.6520","Chr7","","1",519.800287356322,1851.06705283192,325.481763121552,892.875029173616,269.832581243192,411.981913315,2.74324134357159,3.32346006306783,0.0309577352206011,0.00826828941758077,433895,432219,"C","7",433057
"515","orf19.6518","Chr7","","1",408.365866174056,592.898848441838,211.532190086802,158.446077494897,134.900984036210,115.352899149572,0.749237603801868,0.175193350607639,0.832887794225341,0.0410718917274086,437290,435305,"C","7",436297.5
"4799","orf19.6517","Chr7","RAD14","1",610.580963904013,1557.71694238913,464.452848782107,717.437060280503,338.033262814206,492.076730641368,1.54469299125148,1.26411399161492,0.309528249340267,0.0289952194501535,438040,439230,"W","7",438635
"656","orf19.6515","Chr7","HSP90","1",5017.53494063408,13242.6172518498,5946.04696298103,7950.72586219207,1450.80425266471,3899.58630813376,1.33714481430971,0.331526144787241,0.348937544927006,0.087450527688731,439533,441656,"W","7",440594.5
"870","orf19.6514","Chr7","CUP9","1",3301.31265191637,6472.01921913537,4098.31153942324,4323.93457861294,1519.18596875183,1977.20846533473,1.05505268133458,0.2623915302812,0.946399435595852,0.8802976450069,450912,449878,"C","7",450395
"819","orf19.6512","Chr7","EXO70","1",569.068448364501,939.949878963871,449.443221026389,409.380944066657,434.50267862165,452.840862888772,0.910895471704836,0.416615787542727,0.802469014437761,0.220998201225725,457371,455368,"C","7",456369.5
"389","orf19.6511","Chr7","TRL1","1",932.591986415302,1507.90477104565,839.314792558923,678.00957438565,969.527446053904,831.204733049464,0.808049898260703,0.407971133782599,0.646233975342016,0.224093355359293,458228,460726,"W","7",459477
"3051","orf19.6510","Chr7","GRX1","1",277.511965424171,644.500656951744,63.2100159703375,198.415387527819,38.7180071197825,67.4100980835165,3.13898651158274,2.13638793112302,0.00881319335781223,0.00131547150681479,461002,461373,"W","7",461187.5
"1410","orf19.6509","Chr7","TTR1","1",1743.32515953562,3332.36737400531,1984.18174474372,2077.73896887837,1456.20489748887,1514.95279365138,1.04715153961198,0.340841569239039,0.822961002702876,0.550772884973027,461686,462156,"W","7",461921
"2782","orf19.6508","Chr7","","1",469.748371843816,930.644043362934,305.450332448664,397.114538208956,252.247349790771,393.520829445634,1.30064093134485,0.545746582645676,0.63317274567494,0.507856686579872,463049,462249,"C","7",462649
"2171","orf19.6507","Chr7","","1",2508.20498472087,6213.91113864458,2890.08149524924,3846.27725440346,747.146899329421,1518.76466755844,1.33085425470736,0.441622890706492,0.289357622119731,0.205506443272598,463560,464784,"W","7",464172
"2891","orf19.6506","Chr7","","1",560.924085052374,912.712821473878,392.373323326819,376.266846280218,174.666523779035,33.7932676272112,0.958951141453658,0.875409668568562,0.792585197726928,0.80237266264456,465072,467138,"W","7",466105
"6226","orf19.6503","Chr7","","1",579.542661361627,956.47784525416,387.460928945761,318.497872799671,325.380876777634,337.468696439787,0.822012876669317,0.928321714144958,0.950279673469387,0.923408850933746,467775,467314,"C","7",467544.5
"530","orf19.6502","Chr7","","1",197.607537577365,278.586088537099,0,6.88825866677487,0,16.4644706594385,1,16.4644706594385,0.363217467649122,0.363217467649122,468129,469166,"W","7",468647.5
"6138","orf19.6501","Chr7","","1",399.522846406467,544.885057471264,218.565096985384,154.448454514519,86.5443888270756,57.7364818551203,0.706647386269761,0.229963774341651,0.381423673106196,0.222589314798675,469504,470376,"W","7",469940
"3120","orf19.6500","Chr7","ECM40","1",1190.25831820932,2558.92615754129,1217.83352553090,1421.4302213789,502.878189503682,675.109880408071,1.16717941457495,0.508687318236859,0.822656329575322,0.660993770253924,471730,470411,"C","7",471070.5
"454","orf19.6499","Chr7","RPO42","1",897.361414687393,1632.65281988127,933.707408273828,899.626893840296,748.603287206221,639.855271749213,0.963499792192356,0.44284533287102,0.958652947061178,0.930206225871826,472192,475848,"W","7",474020
"2468","orf19.6498","Chr7","","1",817.656368930919,1738.99689913751,807.059487980049,1081.26399849017,700.47409989143,1163.98982605695,1.33975749569145,0.469250864569875,0.657024243471337,0.295168203736599,476933,475905,"C","7",476419
"5262","orf19.6496","Chr7","TRS33","1",1081.46593564481,2113.32282519455,1142.11897787023,1311.51656433978,1013.60931260240,1194.92069558143,1.14831868636439,0.445773204046863,0.662385745880177,0.246399951530981,477809,477171,"C","7",477490
"1859","orf19.6494","Chr7","WHI3","1",402.054820960447,672.905614500442,210.749431455307,232.278947954491,103.611058380631,105.552466507385,1.10215693750875,0.976191000407953,0.629281198412123,0.376388491645851,480375,482489,"W","7",481432
"551","orf19.6493","Chr7","","1",220.220238095238,278.27708279319,0,3.47266885613538,0,5.43748862749895,1,5.43748862749895,0.422649730810374,0.422649730810374,483241,483633,"W","7",483437
"6037","orf19.6492","Chr7","PAK3","1",705.638720474927,1300.11806566593,639.566834339322,693.43144929672,375.651932403203,554.273541178564,1.08422046307802,0.505307888340078,0.9695582797194,0.95218371083847,485038,483812,"C","7",484425
"4344","orf19.6491","Chr7","","1",295.525641025641,422.631578947368,101.184127635944,71.2504984458079,115.147989268908,57.5802281723615,0.704166751352188,0.461793282196276,0.9678872882145,0.89318838763676,486521,486874,"W","7",486697.5
"1608","orf19.6489","Chr7","YDL222C/YDL225C","1",2451.21156560721,4401.41898762157,2718.06688861228,2726.84420480077,2043.42037279327,1768.4770256213,1.00322924951747,0.420194756939199,0.861161706669837,0.696422425128846,487111,487968,"W","7",487539.5
"1387","orf19.6488","Chr7","","1",211.971196503638,274.030472991285,6.10527587715106,5.29719374157708,12.2776245390540,12.5671734450644,1,0.327246768379493,0.750988235081374,0.364921740127273,489301,491010,"W","7",490155.5
"4071","orf19.6487","Chr7","","1",365.379310344828,663.618758434548,219.751662023187,328.296260637296,332.240894661981,511.010530252828,1.49394210544198,0.268459028014982,0.858543531379447,0.132214600915637,492275,492733,"W","7",492504
"4466","orf19.6486","Chr7","","1",226.480195293716,318.407161803714,1.32686566256656,7.55952829793432,1.72084847319420,12.5161368240873,1,2.71197721956060,0.648235300862737,0.422649730810374,493963,494421,"W","7",494192
"5028","orf19.6484","Chr7","","1",206.865943040625,372.285611242962,4.08822675146441,54.576706793455,6.503666177209,75.9191228669354,1,10.4993476558665,0.344736206137835,0.188964425461772,495609,496067,"W","7",495838
"5124","orf19.6482","Chr7","","1",305.336988304094,732.177032891429,100.007231597177,296.146277300354,30.0396633460977,221.020086197147,2.96124862743141,1.33867448965347,0.178235585961688,0.0850310188134901,496853,497404,"W","7",497128.5
"2554","orf19.6481","Chr7","YPS7","1",326.283679468344,537.523418958537,121.916620838897,132.876312726302,112.614468067505,119.391420620542,1.08977225393694,1.9338976602979,0.882965502793123,0.81211953998141,497857,499962,"W","7",498909.5
"5304","orf19.6480","Chr7","YMD8","1",509.718203405031,864.790410348373,360.06697748452,351.148509502352,200.089039754303,203.807643292121,0.975231086048285,0.235546574484549,0.970768482155423,0.906773059612617,501346,500156,"C","7",500751
"336","orf19.6479","Chr7","SEC1","1",349.558687002653,453.418435013263,138.006240646630,67.5633592977854,133.562494782866,77.4384158770056,0.490797323410526,0.313224618677582,0.73382062879972,0.0748207336464503,502658,504997,"W","7",503827.5
"2932","orf19.6478","Chr7","YCF1","1",2646.83690880606,5216.09962944397,3018.57066087763,3102.47113140097,807.51175484988,1066.73410799790,1.02779476777229,0.308621629380138,0.968624975502708,0.959392004046976,505460,510202,"W","7",507831
"5334","orf19.6477","Chr7","","1",909.17914979757,1734.44847658829,785.557631807497,786.659995012439,586.702839819961,577.603204544814,1.00140328749961,0.325056395861636,0.939167661620912,0.811530513354946,511624,510344,"C","7",510984
"1458","orf19.6476","Chr7","","1",264.535192314278,392.139724449275,53.775302113858,46.4148199334868,69.4130925986615,35.0487547932477,1,31.2446685494180,0.479304959922272,0.38871621771085,514212,511810,"C","7",513011
"5121","orf19.6475","Chr7","","1",311.854204476709,503.167861799218,100.066024973281,111.465931398331,33.4783503344253,15.1831183246727,1.11392384606158,0.359894257426992,0.5682482426244,0.478658295378754,515717,516130,"W","7",515923.5
"3910","orf19.6474","Chr7","","1",1062.98369708533,2456.24225184978,1265.28952679971,1789.33360868047,1531.20867907635,2220.61586120261,1.41416930337377,0.442010268022961,0.657917793622249,0.112267439293161,517539,518042,"W","7",517790.5
"3100","orf19.6472","Chr7","CPR1/CYP1","1",21668.8439395350,50118.0019884466,28634.2582821278,33274.1376365736,9350.02974294745,7455.1955077634,1.16203944620217,0.618560376025768,0.317523861179971,0.366475701524803,519627,519139,"C","7",519383
"5923","orf19.6470","Chr7","AHP2","1",3609.22881599706,7973.72898661885,4217.3825960446,4573.49646185957,646.729455891143,1368.39057284645,1.08443954460024,0.447390011375943,0.672836785260605,0.725373372217073,520558,521115,"W","7",520836.5
"3391","orf19.6469","Chr7","TCA99","1",595.057021283314,1006.14417994035,483.086895570971,496.424321960348,194.603043954318,244.412423304876,1.02760875219688,0.286086784614879,0.971536423088789,0.924642059734251,526235,521870,"C","7",524052.5
"1910","orf19.6465","Chr7","","1",509.641478958082,922.569780820742,323.648981002035,352.373180779002,345.529862697899,309.438068191892,1.08875108980117,0.641656776864582,0.85294272684747,0.603776628402577,527909,526554,"C","7",527231.5
"3151","orf19.6464","Chr7","","1",844.516159712098,1559.07396253676,797.01220520383,847.7441541706,475.981724720825,554.269375911758,1.06365266257597,0.351608628805196,0.90942656114933,0.79091084616076,529029,530882,"W","7",529955.5
"3766","orf19.6463","Chr7","YJR072","1",1118.45393670405,2592.03881041574,1155.38577706586,1508.02261138945,209.499214955901,436.266366841504,1.30521133401791,0.374105881737827,0.145953559215347,0.105222720187470,532176,530899,"C","7",531537.5
"4686","orf19.6462","Chr7","","1",1139.96488214226,2913.88229373722,1208.05770651830,1832.01925922241,536.063771941989,1157.05590820112,1.51649979081083,0.480014006266097,0.207498694375576,0.0751982556179946,533136,532259,"C","7",532697.5
"1690","orf19.6461","Chr7","COX20","1",667.879994803543,1590.80803744551,571.87585956954,863.830836100676,544.412590798491,880.396410388488,1.51037285366190,0.415645592060842,0.896503552343181,0.221915004382261,533829,534344,"W","7",534086.5
"1130","orf19.6460","Chr7","PEX1","1",715.5722176024,1087.43172074195,611.367362768413,448.177996391777,126.983013434833,175.105894235295,0.733074782340887,0.242308578752363,0.128786622444108,0.0775282812139897,534973,538248,"W","7",536610.5
"1544","orf19.6459","Chr7","DPP1","1",669.391358675299,1388.49742143821,572.018688929882,735.074902585844,450.886583289023,599.869155397424,1.28505399703112,0.746922389138259,0.600094881389195,0.194673529979723,539311,538391,"C","7",538851
"4163","orf19.6458.1","Chr7","","1",346.136115598457,531.292992926614,155.799395182884,138.360606184111,137.040487926494,109.571631567707,0.888068955734375,0.429750233781941,0.539491029677694,0.378155504817104,540456,540930,"W","7",540693
"3781","orf19.6458","Chr7","","1",621.268205050646,1310.12842617153,517.159787250696,598.697752105201,324.504628131971,433.431883617552,1.15766493618534,0.706438411837482,0.688349637764579,0.451047859991745,541396,542187,"W","7",541791.5
"567","orf19.6457","Chr7","","1",366.402408264250,582.281066542676,180.675599254699,181.520754249317,83.6593158762614,93.8571499144245,1.00467774839604,0.522167248002332,0.885612269303243,0.841216464456194,543678,542128,"C","7",542903
"5851","orf19.6456","Chr7","","1",419.05936716792,743.798192250029,222.951205505256,251.413872798042,213.616567430287,304.450976606041,1.12756785019380,0.54792142436545,0.90437783286905,0.638795857053363,545770,547446,"W","7",546608
"2094","orf19.6455","Chr7","","1",508.229985884251,1164.44252873563,403.527338250177,601.438423848508,308.005305090400,284.149348530071,1.49045273228955,0.570159691557547,0.363491091118708,0.110630645349834,548340,547672,"C","7",548006
"914","orf19.6453","Chr7","","1",507.730658709107,888.509152593774,346.217447160059,365.739136817847,79.8831150454715,115.179879310498,1.05638563226065,0.261997681261706,0.81555653102648,0.686527471551231,548614,552562,"W","7",550588
"5991","orf19.6452","Chr7","RBP2/RBP1","1",4552.22323436797,10177.5977011494,5842.46982724511,6297.73782658,2231.5882669441,2181.80886691235,1.07792389396892,0.464149449528041,0.830253950991633,0.779594599567649,553021,552647,"C","7",552834
"5440","orf19.3701","Chr7","","1",457.924412877907,532.104553215488,299.194052516713,128.836250298368,398.561682661735,200.835665543782,0.432117073654014,0.408341291909807,0.562820238480467,0.244768400807387,560595,562511,"W","7",561553
"3123","orf19.3700","Chr7","TOM70","1",1529.19607023411,2630.91666666667,1522.27509251548,1356.61485197371,1002.21208306946,1049.87019071515,0.891175884466436,0.499560088354887,0.844207722847385,0.66055266633606,563085,564974,"W","7",564029.5
"4771","orf19.3699","Chr7","TEP1","1",290.616786633915,445.5902263949,76.6067522337739,63.0186508043088,77.5005499997724,84.2497468255965,1,0.416948552896502,0.631333497854068,0.310439166362192,565333,566493,"W","7",565913
"2910","orf19.3698","Chr7","","1",508.389652014652,931.93899204244,425.595780835171,489.403673878852,489.40826889104,388.149098051371,1.14992604700749,0.784661623503774,0.688477997868116,0.336617839753434,567265,566585,"C","7",566925
"2273","orf19.3697","Chr7","FAR11","1",225.902298850575,342.567099631696,17.4157710176138,35.0045367249687,16.8163694957060,51.9448321853091,1,1.78592040073256,0.942506669034472,0.917930049626452,568057,571038,"W","7",569547.5
"2112","orf19.3696","Chr7","TOM22","1",2448.03044470150,5965.55198396079,2992.28035058853,3620.72228602296,2112.00584808639,2141.03196917507,1.21002107483372,0.433091288255934,0.534722409167061,0.152222025898974,571224,571676,"W","7",571450
"448","orf19.3695","Chr7","EPT1","1",1535.11983843243,2705.47705664471,1553.69123464136,1419.72047415647,974.225468273503,700.739567601247,0.913772596834004,0.370987131439743,0.974113048458114,0.950548405745543,573127,571919,"C","7",572523
"4750","orf19.5191","Chr7","FGR6-1","1",1167.75127889352,1422.57838196286,1046.5856508116,585.621630654097,538.439298538699,248.356992737260,0.559554423663236,0.487149215259844,0.456439383072203,0.182237585880057,585471,587009,"W","7",586240
"6123","orf19.5190","Chr7","","1",184.253205128205,248.221878224974,0,0,0,0,1,0,NA,NA,590372,590797,"W","7",590584.5
"2597","orf19.5188","Chr7","CHS1A","1",1735.49728981663,1986.36972598384,1897.72449523871,1018.99613924520,1480.18084536418,710.53677284019,0.536956835305548,0.175744975053956,0.342730564158549,0.0122355619459326,593149,596229,"W","7",594689
"139","orf19.5184","Chr7","PRP20","1",1499.57306991506,2787.17980697212,1513.24769455730,1437.13334005155,1452.99634100079,1231.46178230347,0.949596737597543,14.3021242793608,0.664382026596912,0.339405999709294,596468,597948,"W","7",597208
"1395","orf19.5182","Chr7","CDC2(POL3)/POL3/POLIII","1",749.440665656183,1265.69726363202,622.693702209075,502.032872293158,501.313796751136,500.618380016028,0.80622763729927,0.365866370507092,0.525992122645021,0.152125477503082,601121,598005,"C","7",599563
"696","orf19.5181","Chr7","NIK1/COS-1/COS1","1",636.533346626764,1122.05266239347,489.234375655715,480.355350736884,199.138172205112,166.337468392113,0.981851183480453,0.302349917008886,0.849269696666656,0.6722952611579,601556,604801,"W","7",603178.5
"2825","orf19.5180","Chr7","PRX1","1",13376.2041606558,27951.981329595,17104.1140570023,18033.4902067659,11565.3237099738,10162.9070436844,1.05433640974717,0.298345206344608,0.725455152614609,0.209810004219284,605355,606086,"W","7",605720.5
"3378","orf19.5179","Chr7","LIP5/LIP2-3","1",421.535900011966,664.934963440762,279.663504748424,261.937834197279,371.722115569080,324.352333384802,0.936693318851086,12.0717974753150,0.882447432419362,0.704921766532068,610819,609428,"C","7",610123.5
"1378","orf19.5178","Chr7","ERG5","1",2908.83786472149,5511.90281988127,3337.77892461449,3328.14550832126,1583.28117384505,1460.54753718503,0.997113824339237,0.118677422518182,0.947063892000604,0.708235828797998,613728,612175,"C","7",612951.5
"202","orf19.5177","Chr7","","1",478.882424678349,947.33867895313,299.087306839466,390.537652665248,92.351114725609,72.8553362027374,1.30576471730667,0.314241091861015,0.0873694025505637,0.0344023207729714,614954,616888,"W","7",615921
"1627","orf19.5175","Chr7","SSM4","1",506.334075407351,1165.64907003916,329.556808091163,486.630203368012,139.604712708685,220.839104916581,1.47662008922419,0.381826852008482,0.220619532839525,0.00996191302893373,621069,617650,"C","7",619359.5
"5014","orf19.5174","Chr7","TAF19","1",1238.57434645411,2725.62197735839,1315.65848636890,1584.31133087456,880.308190600444,1104.09394420208,1.20419648965828,0.0933121240042967,0.729899345629696,0.00524282573714497,621849,621349,"C","7",621599
"4108","orf19.5172","Chr7","LIP9","1",207.90883098551,271.561303374484,4.60407634607033,1.64408294842894,10.8693894942261,3.61891602799754,1,3.7176532015573,0.804210888620821,0.823933024473915,623510,622150,"C","7",622830
"259","orf19.5171","Chr7","PMT1","1",1782.82709509786,2729.79167996251,1865.92183854035,1433.40105131760,755.738036764188,648.764153129824,0.768199943701232,0.228133726774122,0.348884863550396,0.09597828599687,627326,624693,"C","7",626009.5
"1672","orf19.5170","Chr7","ENA2","1",3805.55929196333,5904.40041208791,4294.78427135079,3907.00898125405,1959.0897674579,1801.57966803160,0.909710182026261,0.677611353997904,0.680264689583367,0.732934770449161,628981,632733,"W","7",630857
"476","orf19.5169","Chr7","AMD2","1",552.27748429983,1197.6462492438,404.31704860579,545.672125771655,333.312730594363,436.966509044537,1.34947037872872,0.316543708781933,0.850006364824053,0.0292974434203571,633454,635175,"W","7",634314.5
"3456","orf19.5168","Chr7","","1",470.83955550902,1106.55248787472,292.122142682574,461.434945501503,130.874677777966,176.118000777483,1.57959592266481,0.400177093038875,0.0949705464344128,0.00527333357264324,636594,635290,"C","7",635942
"5158","orf19.5167","Chr7","IFM2","1",595.283172287483,1027.67213651946,442.460837807532,419.702697574343,479.201136841381,397.510872691446,0.948207450580622,2.23190623200614,0.825242833297436,0.41858463701135,639072,636769,"C","7",637920.5
"677","orf19.5166","Chr7","DBF4","1",521.338844735623,910.044305059732,345.673396227552,339.821712008859,226.991882556584,194.437295541123,0.982597878235983,11.3306994174359,0.632557145757336,0.379888899328838,640754,639234,"C","7",639994
"4490","orf19.5165","Chr7","","1",393.810426356062,709.431943862751,194.911537226173,210.414116059281,94.114878725596,131.877403872427,1.07953648641701,0.490112102125701,0.965089816140461,0.915851099692675,642441,641314,"C","7",641877.5
"919","orf19.5164","Chr7","ECM39","1",659.898052491973,1144.84153935901,527.171032826168,482.021177665901,332.245593433173,464.462621472853,0.91435444599788,0.441828464385242,0.445312474046298,0.156832530873363,642628,644382,"W","7",643505
"5630","orf19.5163","Chr7","SFI1","1",514.76429939792,758.763507326007,333.058564552929,244.284899148224,320.484869670134,186.388429923733,0.733592606178723,0.29432555339739,0.920063631982285,0.419323869756956,647752,644390,"C","7",646071
"2461","orf19.5162","Chr7","BCK1","1",1027.70186836406,1517.24783387674,981.940329967913,706.999850322422,667.994476931385,440.156678193612,0.720002864477035,0.226135215178602,0.536074015574673,0.112479625715755,648132,652094,"W","7",650113
"4274","orf19.5161","Chr7","MRPL49","1",1265.06601009549,2665.47352521445,1345.14837021094,1507.02232343525,166.278043183912,308.589774595822,1.12033910668079,0.171412876617878,0.307401361605566,0.159911165112811,652628,652146,"C","7",652387
"2543","orf19.5160","Chr7","SAP190/YJL098","1",621.736862880012,814.671419098143,456.543029842041,289.871056385267,488.897927512643,261.567183805964,0.63469433340516,22.4434076938939,0.804008658159563,0.716152489472448,653632,656217,"W","7",654924.5
"4596","orf19.5159","Chr7","YNL191","1",822.728265885613,1954.70908953418,857.566415849062,1232.66612663266,560.395234153291,803.089677833124,1.43740018714728,0.309665584154439,0.323448224966681,0.00578344312937121,657451,656417,"C","7",656934
"4198","orf19.5158","Chr7","YKR049","1",2530.55384925621,6978.13739116802,3168.79682845746,4251.00494791814,2069.98292313509,1921.20412364278,1.34152019774252,0.554972126804752,0.275141260771107,0.0467560908897219,658055,658573,"W","7",658314
"1617","orf19.5157","Chr7","YJL097A","1",453.990270468679,677.45930434508,317.507230974503,270.651146588802,338.246345781080,249.785920290969,0.85295006486708,0.474664641438202,0.574645445295459,0.350195486996904,658790,659401,"W","7",659095.5
"6063","orf19.5156","Chr7","YJL097B","1",2286.92860300619,3910.77252578285,2480.66692661158,2074.25967959377,1912.21723842739,1572.46433061367,0.83617016752308,0.274072678070284,0.777493482566662,0.284278673971920,659543,660145,"W","7",659844
"5833","orf19.5155","Chr7","CHS6","1",667.317449237594,943.499482293266,514.607123518005,364.668750437603,351.490529817192,258.267301918455,0.708959127130127,0.357397452568631,0.441850711682648,0.168422992647163,662432,660147,"C","7",661289.5
"1392","orf19.5148","Chr7","CDC35(CYR1)/CYR1/CDC35","1",1173.83180970725,1692.64318953883,1127.98653546200,832.565103520687,927.385241925449,610.063932357892,0.738098441201417,0.307713295390300,0.656314807041225,0.171530856066165,667819,662745,"C","7",665282
"963","orf19.5147","Chr7","","1",694.205365037262,1034.62814695891,546.335998102998,426.455615955169,275.700836965721,161.569255841052,0.780573891224299,0.428526596379043,0.669892812358101,0.446883001781454,669609,671528,"W","7",670568.5
"5340","orf19.5145","Chr7","FMO4","1",519.370236946304,1009.86123132766,361.331263896779,412.693960601885,232.963121731273,270.275746630022,1.14214849872437,0.223746965427485,0.874746537589216,0.314798371730487,672901,671654,"C","7",672277.5
"1573","orf19.5144","Chr7","PGA28","1",275.074208666344,441.791204774757,60.0916519175569,73.9592373773536,64.9987256782099,96.6957620642717,1,0.694766013116484,0.563782630443388,0.302780718672287,675524,676204,"W","7",675864
"5428","orf19.5143","Chr7","TIM54","1",1082.94742368188,1925.22153277757,1067.30530847887,938.652842328547,752.358909262284,668.564374703214,0.879460483211049,0.226323029753917,0.83945750471421,0.394857785104599,676840,678042,"W","7",677441
"2408","orf19.5142","Chr7","DFR1/DHFR","1",611.679961674744,1359.64996820078,464.726527418558,602.393222322631,286.388247856345,292.727288914348,1.29623162608938,0.86979106104694,0.383049613940268,0.267027395536136,678689,678111,"C","7",678400
"2601","orf19.5141","Chr7","","1",227.012667887668,349.81907963986,18.5481863800191,35.0692315883827,28.395199795241,51.9937539588837,1,2.20565427125748,0.689219772108634,0.146718622995345,679387,681558,"W","7",680472.5
"183","orf19.5140","Chr7","","1",731.856029746116,1310.48914796385,662.225647465207,667.205064054379,726.038932796149,702.033563126924,1.00751732241292,0.207198722132401,0.968025556948123,0.445485392130338,682344,684431,"W","7",683387.5
"4790","orf19.5139","Chr7","","1",614.941399697298,1400.43323328214,471.683355799326,645.514767895189,203.683323810063,304.363050407529,1.36853412349326,0.6893547085987,0.274486638567317,0.142602918239556,685167,687404,"W","7",686285.5
"6093","orf19.5138","Chr7","IFA21","1",912.733968542045,1617.67237307460,782.461255227872,730.987809560491,673.089055009967,559.321999103621,0.934017033012265,4.30473041922587,0.781480273569839,0.416375970980018,687966,690239,"W","7",689102.5
"5705","orf19.5137.1","Chr7","","1",166.902298850575,257.632587215164,0,0,0,0,1,0,NA,NA,692111,691650,"C","7",691880.5
"5105","orf19.5137","Chr7","HHO1","1",7791.86398855228,14022.2813125717,10380.9245910776,10001.1839405959,10041.1210782555,10930.3486963305,0.963419380696768,0.194407986441660,0.793992828117283,0.116641148406504,692639,692262,"C","7",692450.5
"1289","orf19.5136","Chr7","","1",872.2789408867,2472.85035783995,861.206453073238,1608.96035757369,309.487757375292,924.77123111761,1.86826323912468,0.393975958702856,0.220878066725380,0.0491470495321051,694167,693481,"C","7",693824
"3873","orf19.5134","Chr7","","1",325.173065373521,525.525305126471,126.979298257656,155.082438836648,142.922369065451,177.988153249495,1.22205029377195,0.664282909208176,0.868410184837908,0.54482637401987,695658,696815,"W","7",696236.5
"4532","orf19.5133","Chr7","","1",1119.30299527555,2226.39791676362,1191.24190621978,1299.25730698074,735.425715057702,702.480602570761,1.09067461461604,0.53732622156986,0.644079629557979,0.478597905976354,700370,697053,"C","7",698711.5
"4546","orf19.5132","Chr7","","1",523.435636366557,831.090409212687,475.329335204892,437.792609524253,607.282050721645,490.099256418308,0.921057746999148,0.523223470011582,0.90571820417617,0.385384614284102,700987,700607,"C","7",700797
"4728","orf19.5131","Chr7","","1",790.558189655172,1752.02166155331,697.068021264385,895.276280575364,342.947656391265,396.068746856147,1.28434564958446,0.493764640648614,0.309599528973578,0.183936684843524,703324,705486,"W","7",704405
"2356","orf19.5130","Chr7","PDI1","1",4944.36436471373,10819.8028828475,5788.33254584574,6532.95538378318,3602.70810339393,3848.21469416047,1.12864202808663,0.0849948743978204,0.692702129177876,0.00486052440027376,707319,705637,"C","7",706478
"4781","orf19.5129","Chr7","","1",592.184531011437,1132.27537572803,506.54181505081,619.431069176548,272.91179744992,575.757439958466,1.22286265570082,0.485910551614176,0.971914741003019,0.93751490491691,709174,708488,"C","7",708831
"4726","orf19.5126","Chr7","","1",368.003513009979,507.672247546942,168.903085389909,100.286073274921,215.917756593561,140.289010349862,0.594549372808464,0.258238005292215,0.832377364278749,0.103630543318893,710729,712473,"W","7",711601
"3026","orf19.5125","Chr7","","1",1256.01096532778,2431.83852785146,1332.03359681668,1518.23994332437,914.330119294406,1300.69512463772,1.13979102850911,0.334037818712007,0.837767863994592,0.492374244738405,715240,713525,"C","7",714382.5
"6151","orf19.5124","Chr7","HYR11","1",625.83622484907,1072.9279163315,497.321039362648,485.126275432547,180.999378331118,96.2356903843008,0.975479091040006,0.357093753143144,0.922285638713918,0.907775220451402,718164,716746,"C","7",717455
"1349","orf19.1345","Chr7","LIP8","1",290.545766494042,447.599004141654,76.1417890657057,70.3851164277296,67.4874927149591,74.7507532046737,1,1.94132578571469,0.632354658300342,0.497988447230143,728894,727512,"C","7",728203
"1443","orf19.1344","Chr7","","1",1710.22811671088,4972.89994425864,1648.88536207177,2621.87862554012,1400.6113670219,2144.15345225481,1.59009151627486,0.260409487212597,0.732142453197493,0.0237185803271029,731828,732496,"W","7",732162
"2639","orf19.1343","Chr7","SIN4","1",1494.75069318411,1709.38926886807,1482.15171396603,762.145366634232,1594.42637221780,812.85486569675,0.514215487829407,0.281809991040052,0.423951126997775,0.0352417484490088,735828,732670,"C","7",734249
"4849","orf19.1342","Chr7","SHM1","1",5617.40885284416,8106.20016331722,6484.08563277202,4491.16731468566,2884.24118201585,1938.79343153734,0.692644664035018,0.180559885058938,0.289753384899345,0.0198729561007859,737579,736098,"C","7",736838.5
"474","orf19.1341","Chr7","PRR2","1",307.880621092962,460.840880383984,95.8249272204582,83.1098740551938,83.5106964564199,68.5734114743175,1,2.22456153403296,0.898336298512746,0.669504777208445,738814,737858,"C","7",738336
"3593","orf19.1340","Chr7","","1",473.314973164565,1037.82852965748,301.594887762558,436.400945764565,119.398295299901,255.695270999822,1.44697726477426,0.480405246614415,0.315767969791486,0.0462816126241186,739881,738952,"C","7",739416.5
"240","orf19.1339","Chr7","CPY1","1",1740.03274598964,3216.38827838828,1795.57709165512,1807.67851801026,1803.22385524455,1754.21314233537,1.00673957493186,0.320770583932873,0.976232693650106,0.836954300517511,740698,742326,"W","7",741512
"4756","orf19.1338","Chr7","","1",746.110576923077,1324.47436077484,629.26481021041,609.765653054933,210.809749303059,205.957443920938,0.969012795822864,0.428530561849626,0.908441900571322,0.905783148976654,743678,742584,"C","7",743131
"2928","orf19.1336.2","Chr7","PUP3","1",3816.75980485032,9483.09984481443,4545.98724344985,5792.68545935662,4413.6158345219,5040.41443830525,1.27424146816582,0.538613001824556,0.590559348091384,0.0414036141745812,744405,744704,"W","7",744554.5
"5678","orf19.1336","Chr7","","1",274.781205888284,442.447344322344,58.7765142452979,85.3918166691703,47.2168126191084,74.0998441314641,1,6.88564487460922,0.82005449060409,0.842306317337686,745565,744945,"C","7",745255
"3565","orf19.1335","Chr7","MTR4","1",1057.60980030347,1684.66278123470,996.87141334096,832.0118649826,482.078070361251,212.569132443290,0.834623055539488,0.268187190760336,0.692622311140549,0.422792965174983,749043,745855,"C","7",747449
"2555","orf19.1334","Chr7","","1",300.741149836688,449.692366831092,91.6299630488958,73.6779849445268,76.6073547729853,74.9466049715638,1,6.41691109784803,0.87581814217786,0.723026581061759,751279,749315,"C","7",750297
"61","orf19.1333","Chr7","SNG3","1",409.057812247241,653.0315432702,231.095768479089,259.149378692911,80.26356998108,237.570782249493,1.12139387232597,1.06760977933167,0.722471444374366,0.70330875676508,755687,753858,"C","7",754772.5
"3238","orf19.1332","Chr7","SNG4","1",995.880941650343,1281.54986853739,949.412718705645,628.077575421252,339.946861464012,240.819617718111,0.661543249891916,0.191754362373272,0.100461158993051,0.0229651243267914,756811,758472,"W","7",757641.5
"3865","orf19.1331","Chr7","HSM3","1",885.212352831681,1954.70564341889,865.69870730504,1118.16917737023,292.761115131706,599.885596857563,1.29163780416300,0.399019549715859,0.462607087969460,0.196633994258264,759985,758567,"C","7",759276
"1927","orf19.1330","Chr7","","1",454.631111316156,685.383052569532,278.484809868573,207.136656784584,209.558100048446,188.899321501796,0.743798761887008,0.401044730519092,0.379812468151392,0.182042547613135,762358,764178,"W","7",763268
"44","orf19.6704","Chr7","","1",525.761278195489,755.84659205485,377.876645652687,294.345358076967,56.3590055202445,63.818801249983,0.778945620120448,0.266387760326533,0.191277693186642,0.355285947584815,765250,765927,"W","7",765588.5
"3708","orf19.6705","Chr7","YBL60","1",677.496463306808,970.3375005911,603.549368986327,419.660716054625,603.473334569069,381.994385035001,0.695597418031272,0.426063642741154,0.515358240460137,0.184548243003699,771057,774194,"W","7",772625.5
"5034","orf19.6706","Chr7","GYP7","1",1794.06732348112,4474.16188099559,2001.98497797087,2554.98256079693,517.47136139798,779.933296931835,1.27622464149884,0.325499133438535,0.203759790767535,0.116589809377736,774952,777282,"W","7",776117
"4693","orf19.6707","Chr7","","1",811.897782281743,1687.60911091832,731.98309290002,864.782596813253,208.575059792915,335.627232227719,1.18142427769349,0.287696879355241,0.572763479280455,0.278471638583170,777722,778888,"W","7",778305
"1543","orf19.6684","Chr7","PNC1","1",726.449139784503,1494.94053934571,658.294158694437,746.227545126116,308.547540948343,236.758833323145,1.13357764955119,0.386720132476851,0.457596989128738,0.336880018608211,779748,780482,"W","7",780115
"1206","orf19.6685","Chr7","ISY1","1",536.761491205910,1008.80769230769,397.280186793025,446.081518636863,380.610316787512,390.955996517793,1.12283857455308,1.61724265707266,0.65478687969427,0.221192662450824,781310,780510,"C","7",780910
"932","orf19.6686","Chr7","ENP2","1",1704.66554566124,2902.67731621826,1891.07391333611,1683.25362390451,1474.84364114279,1291.67405559864,0.890104618351494,0.156772795729290,0.864759854512107,0.202387918293991,783857,781605,"C","7",782731
"6187","orf19.6687","Chr7","","1",292.123607814851,455.102919561523,69.695748469107,77.8023261215559,86.1733869938392,77.8290946523402,1,0.753645973887546,0.78201055668753,0.128608494700638,786242,784239,"C","7",785240.5
"6078","orf19.6688","Chr7","","1",2421.21754665732,2860.29742433704,2753.11965393036,1868.49394062964,1886.48964199840,1845.52469151932,0.678682431387308,0.645412237276871,0.334054395730465,0.173005880426508,789522,790502,"W","7",790012
"1246","orf19.6689","Chr7","ARG4/ARG57","1",1324.33333582630,4035.61456512080,1373.06522688739,2233.46835876260,1137.76124543565,2272.91585597552,1.62662946743299,0.857354640555607,0.958145310315668,0.925742475155676,792093,793499,"W","7",792796
"345","orf19.6690","Chr7","","1",240.25831222378,344.779323985106,26.0375099142812,22.2294956589746,28.3353250551015,25.1320685687253,1,0.438127646384756,0.697935259559347,0.388845196905104,795828,793750,"C","7",794789
"4649","orf19.6691","Chr7","ERC1","1",1959.8155567965,2624.10096338109,2058.89928949606,1386.45535653312,1432.05781178041,544.682474231465,0.673396393697563,0.259761901098162,0.411975927578818,0.163716587367174,798703,796844,"C","7",797773.5
"2985","orf19.6692","Chr7","MNN7","1",354.253227917712,472.905461658509,150.399758985861,81.687325987643,120.643399384698,82.9229705072551,0.543640405220283,0.330977983927779,0.540353998487493,0.0443011219959401,800441,802711,"W","7",801576
"2480","orf19.6693","Chr7","","1",721.585842230466,1410.26633199932,592.669447867914,659.132899213351,380.53547329705,437.395399193785,1.1121110028825,0.095069634783431,0.962002214663871,0.0908939152281295,806391,802960,"C","7",804675.5
"3904","orf19.6694","Chr7","","1",465.953727571581,753.003931274916,288.600184590887,260.579130970671,121.497430725304,76.2944310772318,0.90290701421436,0.568594651255163,0.934182395227258,0.901694538881447,808706,806727,"C","7",807716.5
"3537","orf19.6696","Chr7","TIM9","1",839.217816867545,1722.5538003663,817.706571450995,884.283534921411,915.65421033166,1022.07868870561,1.08136938249267,0.25477651796151,0.990664016573978,0.768905293487125,809495,809132,"C","7",809313.5
"2303","orf19.6698","Chr7","","1",436.681846829622,690.459478021978,247.896951531578,223.539112023389,212.101105263150,138.488748485718,0.901742077271628,0.721276744080022,0.90845318052317,0.799712997231794,811263,809794,"C","7",810528.5
"381","orf19.6699","Chr7","HIS2","1",356.8223591824,621.137779324623,166.083272141213,192.792294484457,67.8348540785366,83.7310674579513,1.16081705278864,0.365118617236013,0.626729814070992,0.300175210666685,811528,812484,"W","7",812006
"1845","orf19.6701","Chr7","","1",4327.52367531893,7979.91221536668,4918.51352728008,4576.07932156167,2190.3904449473,2135.95624408405,0.930378517041964,0.131769652049599,0.77692145369104,0.193591199806416,815025,812950,"C","7",813987.5
"1553","orf19.6702","Chr7","","1",2193.59351102114,4787.95961505385,2345.87539055897,2720.17912431317,921.113492019372,971.35800715925,1.15955823368138,0.244110010982089,0.536137524289408,0.07166305534937,815467,817125,"W","7",816296
"2228","orf19.6703","Chr7","","1",711.790506189213,1109.53525641026,658.68358790276,539.664373006736,821.81147989332,600.657060718517,0.819560483345605,0.461356659094511,0.807787817167251,0.328390443756878,817611,819452,"W","7",818531.5
"5422","orf19.5508","Chr7","","1",361.088764683592,712.981952006453,151.438970131669,206.504606408520,134.084355312684,165.782708669822,1.36062115217312,19.3800613072350,0.547784791040668,0.351666655436781,820524,821234,"W","7",820879
"4110","orf19.5507","Chr7","ENP1","1",1129.65056346658,2098.95667000460,1108.89560193593,1079.40353575120,350.347374874054,278.342850159062,0.97340410933794,0.227108873662656,0.92909603886026,0.8477202450885,824044,822617,"C","7",823330.5
"1841","orf19.5506","Chr7","PLC1","1",510.596198556671,816.483477011494,363.488708992333,331.131786922650,314.840305335956,325.539617567499,0.91102311629232,0.24551102760539,0.877307517239371,0.133796121303584,827636,824334,"C","7",825985
"680","orf19.5505","Chr7","HIS7","1",3805.49823359238,7311.54556013154,4324.67863067328,4020.81329549412,4589.89284639563,4409.03023652471,0.929736898130658,0.443158481878491,0.918709047372129,0.548579313697829,829917,828034,"C","7",828975.5
"165","orf19.5504","Chr7","","1",485.361658456486,734.109543520846,360.602853800535,339.484864529617,429.090237028644,519.682448583103,0.941491072317763,0.397346954905870,0.830926903239031,0.234810852526286,833162,830295,"C","7",831728.5
"3450","orf19.5503","Chr7","","1",261.765376083888,403.344089390142,50.1805196534311,70.6211793222066,71.3655066557303,89.3635252797956,1,6.01506256482635,0.566394502930321,0.283443441170371,835359,835030,"C","7",835194.5
"4963","orf19.5502","Chr7","","1",252.593327239889,479.726055578823,35.4422982463091,90.0107820985047,36.5608830159062,80.2524496282763,1,6.39818777753015,0.56049214847038,0.135544377868989,836290,837027,"W","7",836658.5
"3987","orf19.5501","Chr7","YAF9","1",329.167366914191,562.383987710213,122.104719892093,153.362666255584,97.826651360805,115.368737762093,1.25735788966985,1.27854931175236,0.822880629472984,0.751871649509135,837821,837057,"C","7",837439
"4024","orf19.7204","Chr7","","1",1494.48218468364,3373.82224820451,1636.62882870361,2011.2954463019,1573.23580951841,2007.16458939913,1.22892583280173,0.274806039327668,0.844599689325356,0.162566826102626,839605,838244,"C","7",838924.5
"3286","orf19.7203","Chr7","MRP7","1",1107.23677895003,2606.33643001735,1050.00444505094,1296.57559102782,437.82139670733,898.331197288014,1.23482866871570,0.493035131400066,0.933115884929818,0.841205708674448,840882,842051,"W","7",841466.5
"2359","orf19.7202","Chr7","RER1","1",441.009133825944,670.270328091449,251.981396312477,205.201516362597,277.883485337191,260.619554986850,0.815674699417299,0.487830895066235,0.663537328488488,0.257136017571737,842374,842988,"W","7",842681
"1466","orf19.7201","Chr7","SLA2","1",2124.44482642282,3635.85813778695,2336.00245631135,1987.75881145760,793.09302497872,789.08807516727,0.850923253991935,0.168402775872252,0.418314498928737,0.0815215644056121,843551,846742,"W","7",845146.5
"5369","orf19.7200","Chr7","","1",265.356775559589,476.133241758242,45.5035406912562,76.5935665159594,10.7438609326166,79.820443198036,1,1.78494084880872,0.805471023362141,0.817634245454071,847370,846846,"C","7",847108
"5898","orf19.7199","Chr7","","1",437.005747126437,1042.12744504941,236.950790663078,407.88088835314,182.879660693528,211.172175894917,1.72137382285889,5.06487847443371,0.384472491288411,0.313848962001062,848147,847641,"C","7",847894
"2424","orf19.7198","Chr7","CAF40","1",1056.82115074379,1950.1673742546,1008.63962409989,1056.59961113939,932.278198164178,873.58232710335,1.04754917999806,0.968427098795944,0.755419266192175,0.354665363672706,848790,849785,"W","7",849287.5
"1781","orf19.7197","Chr7","NOC3","1",393.914186854182,563.449049513705,196.711988634227,152.389339739942,259.535532972667,223.158893804716,0.776566355079369,0.50918042286974,0.442171137685555,0.158392054273219,850104,852341,"W","7",851222.5
"3440","orf19.7196","Chr7","PRB2","1",5455.65050682077,13356.0496184094,6065.95004613349,7689.02971478966,5707.67093599292,5316.36638724497,1.26757221149402,0.506913416582894,0.435574305935962,0.0580696287184266,853163,854644,"W","7",853903.5
"1437","orf19.7195","Chr7","RAD6","1",311.490251379997,591.105899089907,97.0292942868772,145.093254113391,91.9882768958719,132.369223142473,1.49422324249326,8.72612554117073,0.620854708753964,0.191977945478623,855173,855927,"W","7",855550
"3290","orf19.7194","Chr7","","1",969.985129615643,1548.39385614012,1125.10203977222,844.9994297001,1932.9496279453,857.398328426366,0.751079356895513,0.609563119289787,0.940775425002468,0.631621801951505,857009,856083,"C","7",856546
"3676","orf19.7193","Chr7","SSR4","1",464.865439876216,831.4281146611,291.599848055713,312.752720695946,61.2559002844164,123.275189089592,1.07254075330036,0.420937990089052,0.864296321496405,0.848457381658624,859190,857160,"C","7",858175
"6125","orf19.7192","Chr7","","1",279.389652014652,484.614035087719,63.7685611557721,84.0443827048607,54.6657451066628,76.7132506526933,1,0.344665369827622,0.94257949834325,0.385860406613016,859744,860073,"W","7",859908.5
"1837","orf19.7190","Chr7","OGG1","1",477.477145699128,825.010566410452,305.655231618667,298.659383363163,69.0134901913558,139.588300849293,0.977111962983734,0.353739824217612,0.655057261805554,0.460351094450721,860207,861268,"W","7",860737.5
"5288","orf19.7188","Chr7","RPP1B/CARP1B/RP1B","1",29740.7220852474,43957.1289434567,36275.2553950188,27002.6430859906,11816.0283911376,9652.21520012974,0.744381887651674,0.306810505240013,0.206485170621905,0.0844866561764,861779,861453,"C","7",861616
"2820","orf19.7187","Chr7","MAM33","1",1913.71746009586,4737.608311229,2039.80913507159,2520.52138991694,2084.32182928542,2587.65116587940,1.23566531131771,0.611335112396385,0.667058173405794,0.0972312145054498,862927,862133,"C","7",862530
"4453","orf19.7186","Chr7","CLB4(CYB2)/CLB4/CYB2/CYB4/CYB99","1",978.255392293732,1446.03261178477,892.794122844953,680.944393922709,998.951295860898,776.958006802976,0.762755843917728,0.292590267009585,0.835350768756915,0.169818836845304,864811,863351,"C","7",864081
"1923","orf19.7185","Chr7","HAT3","1",320.505227902243,596.391357206012,112.579929938535,160.708607148478,93.1435451941066,100.426857255686,1.42539652625810,8.89859270790059,0.348938689985225,0.110412413705467,867946,866489,"C","7",867217.5
"6137","orf19.7184","Chr7","VPS54","1",378.695495369724,703.95899452433,208.466346972740,243.538159006434,242.726431022452,185.660847809410,1.16730403668212,10.0504260699042,0.333932225583119,0.120864594732514,868576,868112,"C","7",868344
"1123","orf19.7183","Chr7","","1",494.037577365164,1127.52066588886,365.062161394978,621.549214515505,180.381458622209,487.74746573908,1.70258460131950,0.46704958850994,0.451297689582711,0.131057511041084,868870,869400,"W","7",869135
"3526","orf19.7182","Chr7","","1",850.969401288367,1654.05732874959,763.010053169563,808.030170363856,305.230738018868,313.508672307232,1.05900330802626,0.398825930786596,0.777270185908526,0.721102197574707,870264,869458,"C","7",869861
"2000","orf19.7181","Chr7","","1",535.222501434843,1056.4517898008,388.060335146646,491.913611302556,118.383004796954,210.235570849640,1.26762146694705,0.456885779019266,0.376265557425572,0.275059869849643,870499,872157,"W","7",871328
"6189","orf19.7179","Chr7","","1",750.961828851788,1350.95874647383,607.741183346597,581.28423123776,303.964138168688,270.946888456709,0.956466744670571,0.495300285661602,0.952475822007125,0.912952646515929,872331,874247,"W","7",873289
"1080","orf19.7178","Chr7","PRE5","1",1605.29487179487,4966.15022851742,1785.55367939125,2838.58395713538,367.667696093749,1119.07099380589,1.58974999738072,0.378042078055660,0.0456763995113651,0.0102566361187377,875223,874372,"C","7",874797.5
"3478","orf19.7177","Chr7","KAP120","1",1180.81832122304,2235.62714941513,1185.16637923305,1280.73781714158,608.949600902281,498.548280090713,1.08063968028723,0.826239680865514,0.605904027530431,0.409444318660026,878386,875444,"C","7",876915
"4580","orf19.7176","Chr7","NPT1","1",865.7220113796,1715.03904521221,790.266146433586,897.547350194822,399.307860524459,305.044558647065,1.13575325761503,0.68007859551319,0.504833896723988,0.328373800113343,879897,878632,"C","7",879264.5
"4397","orf19.7175","Chr7","HLJ1","1",665.998491139046,1303.19329392258,540.694162980563,619.859039914575,155.458747795204,118.304723185106,1.14641341141472,0.344875986873886,0.283485409734128,0.306458347886536,880398,881393,"W","7",880895.5
"4330","orf19.7173","Chr7","","1",391.135886383731,650.38653750048,204.310577281192,206.475500326637,163.904354320610,213.850102106076,1.01059623576153,0.527767558803417,0.75548991727943,0.48161310838986,881603,883324,"W","7",882463.5
"5460","orf19.7170","Chr7","","1",291.643678160920,406.508431223948,91.1645124396035,52.9186267997054,79.8658490357861,52.6105427604357,1,0.283757190296857,0.864436504885094,0.241800896173439,883899,883510,"C","7",883704.5
"4381","orf19.7167","Chr7","","1",329.421592775041,571.867261406168,131.705602292877,156.189818194177,153.815226546748,172.744532747214,1.18267669560980,11.8878526402853,0.617316964223496,0.193089927553013,886031,885231,"C","7",885631
"2142","orf19.7166","Chr7","","1",4175.06657628266,6294.0969430096,5409.50292528295,3939.55484204148,2765.10106273105,1157.58405155572,0.728265590472052,0.330426091502303,0.404664665523702,0.241204024627442,888631,887288,"C","7",887959.5
"2872","orf19.7165","Chr7","","1",194.874060150376,278.359416445623,0,2.95682251931073,0,4.54401656322037,1,4.54401656322037,0.422649730810374,0.422649730810374,890250,889594,"C","7",889922
"3540","orf19.7164","Chr7","","1",883.644089223944,1453.10242297277,851.948707139208,698.608398210583,284.79706547397,274.473892530006,0.820012275805274,0.298858136340497,0.328387518455848,0.267753325186611,890373,891467,"W","7",890920
"5816","orf19.7163","Chr7","","1",731.8258178603,1316.34220608994,651.574249280782,628.645848738275,73.2413472583424,214.710839627843,0.96481076321261,0.285081676509788,0.766022369361558,0.713648574319331,891616,892023,"W","7",891819.5
"848","orf19.7161","Chr7","SUI3","1",4334.98748612247,10393.6737716307,5385.96773469762,6734.05776154263,3544.71526776577,4634.19311190249,1.25029671421169,0.261159216757561,0.678217073815698,0.0829967094777033,892987,892142,"C","7",892564.5
"4902","orf19.7160","Chr7","YAR1","1",794.405011478741,1432.62679992421,691.876337369751,708.136225192629,333.359430269603,366.674380820026,1.02350114745171,0.453831279482482,0.956253629700825,0.938094284327783,893862,893224,"C","7",893543
"625","orf19.7159","Chr7","","1",343.483521415261,552.07001159508,127.914084413561,129.513348620396,142.916158139249,122.896189359923,1.0138056014832,2.22252448662480,0.947524306866611,0.841553989649395,894012,896915,"W","7",895463.5
"622","orf19.7158","Chr7","","1",315.543213969938,550.519972843249,128.944874970808,163.417651205442,158.225679819238,179.365411322463,1.26536653019864,1.89334476811843,0.769659840959802,0.175296945900901,897187,898848,"W","7",898017.5
"4535","orf19.7157","Chr7","","1",222.392857142857,272.083128078818,15.7471599177976,0.943502216275266,20.3761982652144,1.05684350645297,1,0.521044747467805,0.274937035510835,0.189077332937916,898951,899770,"W","7",899360.5
"986","orf19.7156","Chr7","FAA23","1",3245.24392518653,5346.74938671313,3745.48483540616,3140.38757707237,599.134517987304,1507.99450925683,0.838446213260888,0.309963460104335,0.255245638082309,0.156003251308084,900118,902358,"W","7",901238
"3185","orf19.7154","Chr7","UTP18","1",897.804735331899,1771.59992920207,821.935336762222,841.405306424707,220.646422874792,499.70256774846,1.02368795791063,0.383210066641647,0.728620286582919,0.55225363913916,904066,902408,"C","7",903237
"787","orf19.7153","Chr7","LOS1","1",470.776255091078,773.042126204104,296.077602546596,254.353194211598,189.785448539009,203.602553472589,0.859155390766526,0.258650636403316,0.867976625109481,0.170590718860393,907322,904245,"C","7",905783.5
"264","orf19.7152","Chr7","","1",2670.23839522546,7192.05888574775,3137.11431123328,4315.52146637789,881.879107443173,1091.88635087564,1.37563411410448,0.249224157211318,0.0461476928975649,0.0050189450853092,908695,907598,"C","7",908146.5
"6161","orf19.7151","Chr7","","1",745.104534957796,1257.62687886826,704.561955086563,659.269370171536,395.492036698592,264.692991950296,0.93571525599979,0.240717367414067,0.973772089680754,0.927842191473888,915543,915977,"W","7",915760
"2380","orf19.7150","Chr7","NRG1","1",5788.92006151349,10320.0441654173,7365.8516886994,7067.07680669765,2429.70490559783,2493.11385354808,0.95943783629799,0.220480650522516,0.775540842406511,0.562068744041361,918858,919790,"W","7",919324
"156","orf19.7149","Chr7","","1",690.301421380596,1123.20386137903,568.154228428563,507.355636327889,294.366402006319,242.893616828727,0.892989281680022,1.54726641725173,0.871272713101533,0.794760521419075,926423,924675,"C","7",925549
"877","orf19.7148","Chr7","TPO2","1",804.641150578557,1184.10600578591,790.113882290152,575.730994137951,709.11475407756,454.951447479079,0.728668369259871,0.521613645305593,0.504719020483682,0.338367824834051,928843,930534,"W","7",929688.5
"1912","orf19.7144","Chr7","HBS1","1",1495.72682729148,3097.74894184837,1640.33350174544,1778.94316425595,500.538898122355,578.180556558467,1.08450090323890,0.311556331275966,0.692370063232274,0.540224028312668,930593,932725,"W","7",931659
"4224","orf19.7141","Chr7","UFE1","1",1074.29034040672,1968.59560123784,1135.74285342398,1185.29975058760,1218.20141267742,1329.44417587070,1.04363390622641,0.694311548898774,0.79615567033046,0.386681312618460,933637,932717,"C","7",933177
"4604","orf19.7140","Chr7","","1",2178.21997259395,4960.65029816067,2620.74468441798,3153.45684766847,1018.28306931415,988.339206912653,1.20326747829265,0.200212752652836,0.304325065343621,0.0230285007023208,934436,933690,"C","7",934063
"2143","orf19.7139","Chr7","","1",261.956280788177,382.567089418950,36.1072261926572,32.4235941605484,31.1265638626724,18.1720185501121,1,6.91906022143444,0.666993170736732,0.543072279561822,934506,934904,"W","7",934705
"2571","orf19.7136","Chr7","SPT6","1",1430.56847897263,3101.97321428571,1564.89055773073,1886.04998491178,917.409998450347,1383.49408060386,1.20522804332513,0.352856639200134,0.83841640814641,0.498730839182462,934924,939129,"W","7",937026.5
"1630","orf19.7131","Chr7","","1",691.918497909567,1220.48545144360,610.503231565381,633.418349431705,200.612783771834,318.370104345122,1.03753480191672,0.193706799049438,0.91159971458756,0.744491477142152,940349,939126,"C","7",939737.5
"6044","orf19.7130","Chr7","","1",227.873973727422,430.948717948718,13.8486236848228,82.2510947627115,14.1526019854187,105.416621303812,1,2.96541380811813,0.602232065167684,0.199248050918465,940504,940905,"W","7",940704.5
"3442","orf19.7128","Chr7","SYS1","1",421.278884596163,731.70923329544,263.003087584813,297.006436158111,306.228978291497,325.49165067814,1.12992248704664,0.607165618073343,0.820137017181477,0.611450602847944,941545,941039,"C","7",941292
"3734","orf19.7127.1","Chr7","CTA2.5","1",320.761554108236,626.075882954513,116.908375753604,187.675806867614,121.91109816982,159.220472784019,1.60075973242977,51.7230019413275,0.486454073949737,0.233950243894002,942265,942065,"C","7",942165
"3141","orf19.7127","Chr7","CTA2.3","1",3346.56638745405,9548.328470214,3642.44742074544,5213.02162854492,2756.35345159689,5019.1102246383,1.43118651455456,0.389709534672927,0.784831304915558,0.292677252544295,943398,942871,"C","7",943134.5
