"orf","chr","WtMean","MutMean","WtMean2","sd.wt","MutMean2","sd.mut","fold.mut.by.wt","sd.mut.vs.wt.ratio","p","p.paired"
"orf19.3930","Chr5",775.1,1255.3,918.9,324.6,862.7,298.1,0.94,0.42,0.79,0.76
"orf19.922","Chr5",1702.6,1965.3,2004,454.9,1300,370.3,0.65,0.32,0.02,0.08
"orf19.4280","Chr5",349.7,368.4,379.3,262.3,264.2,140.4,0.7,0.68,0.75,0.65
"orf19.3170","Chr5",548.7,739.5,603.2,231.7,486.5,68.9,0.81,0.45,0.37,0.47
"orf19.1283","Chr5",662.5,857.7,747.9,230.4,535.4,117.3,0.72,0.35,0.08,0.13
"orf19.971","Chr5",726,960.6,854.4,511.1,712.5,510,0.83,0.47,0.63,0.47
"orf19.1280","Chr5",5899.3,10442.5,8481.5,7202.6,8466.1,9430.1,1,0.27,0.78,0.29
"orf19.1111","Chr5",669.5,932.5,792.2,303.1,674.6,308.2,0.85,0.39,0.48,0.38
"orf19.3216","Chr5",1219.4,1254.9,1392.6,1120.7,755.8,478.2,0.54,0.27,0.26,0.02
"orf19.3171","Chr5",3227.4,6400.6,3847.8,1494.3,3889.6,1503.5,1.01,0.3,0.9,0.82
"orf19.2653","Chr5",236.2,328.4,209.9,170.6,203.6,54.9,0.96,19.4,0.35,0.39
"orf19.972","Chr5",275.5,470.5,257.1,148.4,318.3,114.3,1.24,3.09,0.35,0.43
"orf19.1964","Chr5",485.5,649,548,375.5,441.9,228.8,0.81,0.67,0.75,0.64
"orf19.6294","Chr5",531.6,521.4,558.8,207.5,318.6,84.9,0.57,0.18,0.02,0.01
"orf19.4347","Chr5",1072.1,1279.7,1292.3,489.2,995.9,669.3,0.77,0.51,0.27,0.28
"orf19.1117","Chr5",706.1,1584.8,891,599,1264,1100.6,1.42,0.6,0.54,0.28
"orf19.4337","Chr5",664.7,671.1,759.2,551.7,447,254.1,0.59,0.78,0.5,0.27
"orf19.3969","Chr5",495.2,478.8,541.1,191.4,320,84.4,0.59,0.34,0.05,0.06
"orf19.1946","Chr5",1461.2,1444.4,1672.7,1598.4,907.4,700.5,0.54,0.82,0.62,0.27
"orf19.1980","Chr5",249.5,335.9,225,156.1,212.8,75.5,0.95,14.5,0.52,0.56
"orf19.3995","Chr5",497.9,662.7,554.3,237.3,467.6,290.8,0.84,0.38,0.45,0.33
"orf19.5684","Chr5",1530.4,2292.6,1959.7,680.7,1552.4,521,0.79,0.2,0.27,0.07
"orf19.4229","Chr5",842,1282.3,1017.6,552.5,941.7,640.2,0.93,0.29,0.7,0.4
"orf19.4024","Chr5",3538.4,5242.7,4429.1,2351.8,3732,2088,0.84,0.38,0.62,0.35
"orf19.4025","Chr5",3547,5918.2,4573.7,1452.6,4137.3,1925.1,0.9,0.21,0.55,0.16
"orf19.3977","Chr5",588.4,841.2,642.4,454.1,562.2,376.9,0.88,1.81,0.95,0.93
"orf19.2652","Chr5",220.1,323.4,193.7,166.3,209.5,83,1.04,9.72,0.34,0.37
"orf19.4134","Chr5",568.8,958.6,625.6,179.1,665.4,235.8,1.06,0.53,0.82,0.84
"orf19.925","Chr5",543.8,827.6,575.6,417.2,505.5,311.7,0.88,1.02,1,0.99
"orf19.3922","Chr5",1233.7,2106.8,1676.2,1309.1,1764,2063.2,1.05,0.38,0.75,0.4
"orf19.6665","Chr5",3088.7,3041.5,3833.5,2241.9,2124,1748.2,0.55,0.24,0.14,0.01
"orf19.4330","Chr5",265.7,324.5,239.8,143.3,202.5,64.1,0.84,1.52,0.97,0.97
"orf19.4284","Chr5",1000.8,2038.8,1199.4,1029.2,1355.3,1276.6,1.13,1.1,0.84,0.62
"orf19.584","Chr5",240.7,332.7,215.7,166.7,212.9,88.6,0.96,3.28,0.46,0.47
"orf19.2649","Chr5",946,1363.8,1102.8,354.2,896.2,411.2,0.81,0.32,0.34,0.14
"orf19.940","Chr5",374.6,365,381.6,165.8,232.3,39.6,0.61,0.8,0.18,0.22
"orf19.1113","Chr5",552.7,921.1,629.5,478.9,612.1,411.1,0.97,2.24,0.84,0.76
"orf19.1963","Chr5",1548.4,1396.9,1736.6,799.3,867.9,188.1,0.5,0.25,0.04,0.02
"orf19.3929","Chr5",608,1022,695.2,477.4,710.1,548.4,1.02,0.57,0.93,0.85
"orf19.4026","Chr5",4396.1,8473.1,5438.1,603.2,5336.2,2070.5,0.98,0.43,0.66,0.7
"orf19.3163","Chr5",362.4,696.8,372.1,168.6,472.8,176.9,1.27,1.1,0.29,0.33
"orf19.4287","Chr5",522.4,832.1,580.6,309.2,536.9,234.9,0.92,0.58,0.98,0.96
"orf19.4017","Chr5",216.6,261.7,191.1,177.2,175.2,42.3,0.87,4.4,0.32,0.34
"orf19.944","Chr5",1202.9,2004.4,1482,849.1,1378.6,568.2,0.93,0.41,0.98,0.97
"orf19.4012","Chr5",777.4,1211.7,933.9,311.7,840.5,387.2,0.9,0.24,0.57,0.33
"orf19.3195","Chr5",1458.4,3502.7,1992.3,1413.8,2739.4,2178.3,1.37,0.46,0.5,0.09
"orf19.4149","Chr5",25318.3,32098.7,32710.7,25917.5,21363.3,17294.3,0.65,0.23,0.48,0.03
"orf19.3919","Chr5",779.6,1119.6,878.3,345.2,716.8,266.6,0.82,0.21,0.44,0.12
"orf19.4332","Chr5",451.2,616.5,471.9,167,397.3,111.2,0.84,0.41,0.46,0.42
"orf19.1942","Chr5",823.6,957.1,991,366.1,692.7,448.1,0.7,0.24,0.11,0.03
"orf19.4315","Chr5",359.2,549.5,363.3,206.7,366.8,105.7,1.01,2.31,0.62,0.63
"orf19.5692","Chr5",590,774.4,677.4,225,502.1,90.1,0.74,0.64,0.24,0.34
"orf19.3898","Chr5",261.4,413,243.5,181,278.6,141.2,1.13,7.18,0.41,0.43
"orf19.3963","Chr5",252.1,329.2,228.2,158.4,219.3,48.9,0.96,1.73,0.74,0.73
"orf19.4033","Chr5",311.7,407.7,301.4,174.8,263.4,62.4,0.87,1.61,0.93,0.94
"orf19.2654","Chr5",440.9,541.2,454,215.1,335.4,96.4,0.74,0.85,0.45,0.44
"orf19.3175","Chr5",2522.1,3386.5,3109.4,1223,2295.9,1259.9,0.74,0.17,0.23,0.01
"orf19.1945","Chr5",842.2,783.5,950.7,235.6,526.8,106,0.55,0.23,0,0.02
"orf19.4340","Chr5",258.1,360.9,235.6,196.9,227.2,83.5,0.93,2.45,0.47,0.47
"orf19.3991","Chr5",1611.9,3454.2,2071.4,1645.7,2366.6,2044.4,1.14,0.43,1,1
"orf19.980","Chr5",2705.5,2601,3277,1582.6,1792.3,978.9,0.55,0.28,0.07,0.02
"orf19.4010","Chr5",470.2,539.6,509.3,178.7,363.3,87.6,0.71,0.46,0.17,0.25
"orf19.4312","Chr5",897.5,955.3,1014.1,502,613.8,200.3,0.61,0.27,0.13,0.04
"orf19.3946","Chr5",543.9,671.6,580.4,354.1,454.5,234.6,0.78,0.8,0.8,0.68
"orf19.4014","Chr5",342.5,529.1,363.5,287.4,395.9,339.1,1.09,41.76,0.49,0.45
"orf19.3188","Chr5",568.2,777.2,626.9,497.3,485.2,334.7,0.77,2.51,1,0.99
"orf19.1979","Chr5",873,1629.3,1075.3,488.3,1238.4,831.9,1.15,0.47,0.86,0.8
"orf19.4044","Chr5",496.7,843.4,556,286.2,564.4,223.2,1.02,0.83,0.76,0.73
"orf19.3219","Chr5",629.3,757.9,703.9,236.3,514.6,220.7,0.73,0.32,0.16,0.14
"orf19.4339","Chr5",662.8,1164.7,751,558.2,828.7,743.6,1.1,1.38,0.81,0.65
"orf19.4262","Chr5",578.5,655,611,241.1,405.3,98.6,0.66,0.22,0.08,0.04
"orf19.4252","Chr5",461.1,825.7,497.3,225.9,568.6,231.4,1.14,0.79,0.51,0.51
"orf19.6668","Chr5",339.6,472.5,362.1,328,331.3,246.1,0.89,1.72,0.57,0.53
"orf19.4144","Chr5",652.4,1092.5,774.9,646.7,795,709.6,1.03,2,0.81,0.69
"orf19.4348","Chr5",475.2,537.1,486.8,218,339.9,112.9,0.7,0.42,0.15,0.18
"orf19.4308","Chr5",928.2,926.1,1037.4,534.4,564.5,291.7,0.54,0.19,0.11,0.01
"orf19.3904","Chr5",214.6,285.3,185.8,176.1,180.7,42.7,0.92,4.89,0.29,0.32
"orf19.4297","Chr5",789.9,863.6,913,189.9,584.1,201.2,0.64,0.33,0.02,0.05
"orf19.3204","Chr5",382.8,624.7,407,293.5,423.7,273.8,1.03,5.12,0.49,0.45
"orf19.6680","Chr5",526.1,656.3,572.4,165.6,463,199.3,0.81,0.34,0.27,0.27
"orf19.933","Chr5",2027.7,3797.1,2671.9,1302.8,2801.6,1620.8,1.05,0.48,0.95,0.91
"orf19.1109","Chr5",634.4,948.7,721.6,172.6,623.1,87.2,0.86,0.35,0.49,0.6
"orf19.3215","Chr5",380.7,680.3,386.8,222.6,465.9,128.6,1.2,0.91,0.52,0.6
"orf19.1958","Chr5",190,205.2,149.8,193.4,129.2,32,0.77,1.98,0.59,0.61
"orf19.4334","Chr5",717.6,1138.3,863.7,446.8,748.9,302.8,0.87,0.62,0.82,0.73
"orf19.964","Chr5",997.8,1182.9,1116,654.2,728.1,426.6,0.65,0.17,0.26,0.01
"orf19.3197","Chr5",1039.6,659.3,1190.1,307.3,438.5,160,0.37,0.15,0,0
"orf19.3897","Chr5",268.1,415.5,251.6,181.4,270.2,119.2,1.07,4.39,0.47,0.5
"orf19.1112","Chr5",472.4,727.3,497,224.4,484.2,228.9,0.97,0.58,0.9,0.9
"orf19.928","Chr5",312.4,373,304.4,231.6,245.5,96.4,0.79,2.63,0.6,0.59
"orf19.4275","Chr5",194.4,233.3,156.1,162.6,147.8,34.1,0.87,3.31,0.32,0.35
"orf19.1121","Chr5",1982.8,3315.9,2510.8,1943.4,2330.4,2193.3,0.93,0.53,0.88,0.66
"orf19.6654","Chr5",1155.9,1614.8,1402.8,786.9,1135.5,699.9,0.81,0.39,0.5,0.24
"orf19.3921","Chr5",648.6,1082.9,761.5,248.2,703.9,103.1,0.92,0.53,0.83,0.86
"orf19.2639.1","Chr5",737.8,1244.2,827.8,570.9,811.3,443.8,0.98,1.51,0.88,0.82
"orf19.4236","Chr5",859.4,1233.9,966.6,546.3,769.6,417.1,0.8,0.37,0.57,0.22
"orf19.3986","Chr5",292.9,424,278.7,153.2,277.4,110.1,1,2.11,0.68,0.68
"orf19.3972","Chr5",739.2,1002.7,835.4,559.1,653.8,432.4,0.78,0.52,0.7,0.42
"orf19.3202","Chr5",439.1,598.6,509.9,355.7,431.2,242.5,0.85,1.68,0.99,0.99
"orf19.1285","Chr5",871.7,1166,1017,746.5,781.5,593,0.77,0.66,0.72,0.4
"orf19.4292","Chr5",526.5,943.1,614.2,357.1,698.5,434.5,1.14,0.91,0.68,0.5
"orf19.2643","Chr5",2663,4497.9,3483,1081.4,3147.1,1060.7,0.9,0.22,0.6,0.34
"orf19.3955","Chr5",1188.6,1709.8,1380.4,674.6,1051.1,457.1,0.76,0.24,0.44,0.09
"orf19.937","Chr5",298.1,438.3,289.6,154.3,292.1,117.8,1.01,1.83,0.85,0.89
"orf19.4030","Chr5",1281.1,1708.8,1494.3,593.3,1031.3,323.1,0.69,0.44,0.12,0.13
"orf19.4288","Chr5",726.1,961,830.8,437.8,670.5,462.3,0.81,0.27,0.48,0.16
"orf19.4305","Chr5",259.9,334,241.8,171.1,224.6,98.4,0.93,3.47,0.66,0.68
"orf19.4261","Chr5",1801.6,2827.8,2182,295.1,1859.5,699.3,0.85,0.26,0.25,0.15
"orf19.1927","Chr5",418.2,910.9,438.1,152.7,617.4,143,1.41,0.8,0.24,0.37
"orf19.4234","Chr5",2320.1,3769,2915.1,2283.2,2555.5,1785.4,0.88,0.27,0.89,0.58
"orf19.4239","Chr5",203.2,281.8,164.3,147.2,178.2,88.7,1.03,4.56,0.4,0.44
"orf19.3212","Chr5",788.2,1325.9,919.2,273.2,938.3,357.9,1.02,0.42,0.99,0.99
"orf19.4294","Chr5",525.5,611,561.4,316,397.3,159.3,0.71,0.94,0.51,0.42
"orf19.3959","Chr5",1146.8,1555.8,1340.7,391.6,1021.9,436.9,0.76,0.3,0.23,0.12
"orf19.4240","Chr5",788,962.4,885.7,128.5,612.4,175.6,0.69,0.2,0.03,0.02
"orf19.6673","Chr5",590.2,798.5,663.2,359.3,573.8,446.1,0.87,0.51,0.62,0.42
"orf19.1940","Chr5",780.3,1602.3,926.4,260.8,1122.6,456.3,1.21,0.31,0.41,0.2
"orf19.4021","Chr5",1026.7,1509.5,1211.7,155.1,960.9,84.7,0.79,0.13,0.01,0.02
"orf19.3895","Chr5",3109.6,1300.2,3692,1945.5,915.4,362.3,0.25,0.23,0,0.01
"orf19.1930","Chr5",209,314.4,180.8,172.1,207.2,71.1,1.08,4.58,0.26,0.29
"orf19.3928","Chr5",482.5,703,514.9,183.2,453.9,128.9,0.88,0.32,0.61,0.49
"orf19.3184","Chr5",1730.4,2920.6,2239.8,1157.5,2258.5,1746,1.01,0.32,0.74,0.48
"orf19.930","Chr5",25355.2,37508.8,32717.8,16822.1,25378,16759.9,0.78,0.16,0.37,0.01
"orf19.2645","Chr5",293.4,427.4,301.8,248.6,293.5,91.6,0.97,12.16,0.62,0.65
"orf19.4235","Chr5",630.3,483,719.1,992.4,327.3,98.4,0.46,0.99,0.6,0.62
"orf19.946","Chr5",1382.3,2312,1587.3,633.7,1398.5,383.9,0.88,0.24,0.67,0.38
"orf19.1968","Chr5",342.9,535,336,184.8,349,174.7,1.04,6.5,0.61,0.59
"orf19.4317","Chr5",994.6,1445.5,1190.5,453.7,905.3,354.1,0.76,0.19,0.27,0.04
"orf19.5680","Chr5",895.5,1018.8,1051.5,287.7,729.6,470.9,0.69,0.29,0.1,0.04
"orf19.1960","Chr5",663.3,631.5,700.1,380.2,363.8,197.3,0.52,0.14,0.09,0
"orf19.3180","Chr5",357.1,429,362.5,186.3,285,148.3,0.79,1.01,0.64,0.6
"orf19.6679","Chr5",422.3,725.7,455.4,205.2,477,104.3,1.05,0.75,0.59,0.6
"orf19.4029","Chr5",3197.4,4834.9,4034.5,668.4,3422.4,1677.2,0.85,0.32,0.28,0.2
"orf19.3923","Chr5",836.8,2706.7,1155.5,1270.8,2426.6,2992.7,2.1,1,0.46,0.1
"orf19.1978","Chr5",346,489.9,337.6,125.5,307.9,91.2,0.91,0.73,0.74,0.79
"orf19.585","Chr5",903.1,1094,1019.4,376.1,705.4,162.6,0.69,0.4,0.16,0.18
"orf19.4253","Chr5",422.5,538.8,440.5,163,364,137.4,0.83,0.55,0.4,0.51
"orf19.3996","Chr5",649,765.2,713.7,215.1,500.7,94.6,0.7,0.25,0.06,0.05
"orf19.4244","Chr5",205.2,263.7,168.7,154.3,168.7,45.7,0.96,47.31,0.3,0.33
"orf19.4258","Chr5",1354.8,1103.4,1474.4,1172,764.9,426.1,0.52,0.46,0.16,0.2
"orf19.1970","Chr5",472.6,705.5,539.2,353.5,525.8,452.4,0.98,0.48,0.9,0.83
"orf19.3926","Chr5",417.7,632,478.1,336.6,446,180.5,0.93,1.69,0.82,0.81
"orf19.1954","Chr5",761.5,1287.3,885.9,367.4,910.5,504.7,1.03,0.72,0.96,0.95
"orf19.2644","Chr5",9646.4,13686.4,11992,2989.2,8867.1,4184.4,0.74,0.28,0.13,0.06
"orf19.4149.1","Chr5",197.7,241.9,162,167.9,153.7,22.4,0.89,3.76,0.55,0.56
"orf19.4306","Chr5",748.2,1222.2,844.2,269.5,774.5,254.9,0.92,0.34,0.65,0.51
"orf19.3190","Chr5",351.9,279.8,353.4,174.6,176.4,53.6,0.5,0.99,0.09,0.18
"orf19.3912","Chr5",962.3,1041.1,1093.5,245.5,687.5,157.4,0.63,0.24,0.01,0.03
"orf19.3192","Chr5",1586.2,2211.7,2042.1,1013.2,1350.8,346.4,0.66,0.29,0.13,0.11
"orf19.4248","Chr5",2930.3,5152.7,3894.6,2389.9,3608.5,2251,0.93,0.2,0.77,0.27
"orf19.4147","Chr5",2832.4,4562.1,3644.1,2185,3241.8,2267.9,0.89,0.27,0.66,0.28
"orf19.4055","Chr5",388,714.1,431.1,285.1,505.9,233.2,1.17,18.87,0.42,0.37
"orf19.575","Chr5",968.5,1374.3,1156.9,574.7,1042.4,902.4,0.9,0.41,0.53,0.31
"orf19.4335","Chr5",977.3,1058,1080.8,451.1,638.9,259.7,0.59,0.2,0.08,0.01
"orf19.4268","Chr5",1479,2056.4,1762.5,534.4,1267.5,764.3,0.72,0.26,0.16,0.03
"orf19.3994","Chr5",849.3,1076.8,984.8,301.6,676.7,196.9,0.69,0.14,0.06,0.01
"orf19.4290","Chr5",1329.6,1945.5,1614.5,481.7,1375.4,634.3,0.85,0.37,0.41,0.3
"orf19.4295","Chr5",472.3,442.8,482.4,144,276.3,64.8,0.57,0.18,0.01,0.01
"orf19.4245","Chr5",329.1,426.3,333.9,182.6,285.3,110.1,0.85,1.39,0.97,0.96
"orf19.4142","Chr5",551.4,628.8,619,198.8,421.4,143.8,0.68,0.47,0.13,0.14
"orf19.931","Chr5",712.6,822.3,797.3,287.4,558.5,206.2,0.7,0.29,0.15,0.11
"orf19.1124.2","Chr5",238.5,336.3,213.3,156.7,213.2,72.7,0.98,3.77,0.44,0.44
"orf19.1966","Chr5",2517.7,3788.1,3464.6,4355.1,2679.4,2583.7,0.77,0.29,0.87,0.44
"orf19.6663","Chr5",14791.1,20717.4,18663.9,6970,13096,4667.5,0.7,0.15,0.17,0.01
"orf19.3214","Chr5",616.5,1220.3,723.6,356.8,837.5,307.6,1.16,0.62,0.47,0.4
"orf19.4322","Chr5",451.5,464.4,478.7,289.3,313.2,150,0.65,1.01,0.57,0.43
"orf19.4007","Chr5",686.9,1055.3,821.8,532.1,734.2,418.1,0.89,0.39,0.77,0.59
"orf19.4220","Chr5",477.6,1217.5,534.3,239,828.3,202.2,1.55,1.31,0.25,0.32
"orf19.4233","Chr5",2373.3,3432.5,2912.7,2075.8,2264,1680.7,0.78,0.22,0.66,0.07
"orf19.3964","Chr5",663.9,655.3,727.7,253.7,423.4,148.1,0.58,0.17,0.02,0.01
"orf19.939","Chr5",1147.1,1494.4,1358.7,600.8,981.1,545.9,0.72,0.17,0.26,0.01
"orf19.3978","Chr5",426,501.7,460.2,199.3,327.6,55.6,0.71,0.45,0.26,0.25
"orf19.1281","Chr5",724.2,1054.4,931.4,705.9,800.3,566.8,0.86,0.4,0.86,0.68
"orf19.1122","Chr5",283.8,398.6,263.2,176.8,252.4,65.7,0.96,14.73,0.53,0.54
"orf19.5691","Chr5",654.3,991.7,735.9,493.9,655.4,361.8,0.89,0.75,0.97,0.94
"orf19.1941","Chr5",517.3,617.1,559.4,160.3,407.7,144.5,0.73,0.4,0.14,0.17
"orf19.4340.1","Chr5",349.3,448.9,347.5,152.2,298.3,52.8,0.86,0.62,0.75,0.78
"orf19.3942.1","Chr5",229.8,312.6,198.4,170.3,194.1,53.5,0.96,5.02,0.4,0.42
"orf19.4250","Chr5",231.1,310.2,199.6,154.5,197.7,29.5,0.99,4.09,0.66,0.69
"orf19.3999","Chr5",316.7,333.3,298.3,178.6,207.8,51.7,0.7,2.26,0.79,0.79
"orf19.2657","Chr5",478.1,763.4,502.4,226,475.6,196,0.95,0.72,0.93,0.91
"orf19.966","Chr5",841.5,960.6,984.5,612.4,671.5,461,0.68,0.51,0.43,0.21
"orf19.4001","Chr5",456.3,618.5,515.4,448.8,446.4,409.3,0.87,1.74,0.99,0.99
"orf19.3932","Chr5",2841.2,6996.7,3692.9,1312.7,5061.2,3581.8,1.37,0.42,0.39,0.14
"orf19.1959","Chr5",565.3,655.7,634.1,363.6,425.6,128,0.67,1.02,0.49,0.44
"orf19.3952","Chr5",555.7,810.9,612.5,172.7,567.9,238.4,0.93,0.39,0.6,0.62
"orf19.4307","Chr5",502.1,856.4,605.8,644.9,627,658.3,1.03,2.56,0.73,0.58
"orf19.4316","Chr5",617,1054.3,693.9,300.6,684.4,199.6,0.99,0.46,0.88,0.81
"orf19.3206","Chr5",3265.9,5880.6,4039,3417.3,3492.4,3325,0.86,0.27,0.72,0.11
"orf19.4011","Chr5",219.6,348.9,189.9,155.5,225.9,98.6,1.17,27.25,0.24,0.28
"orf19.3984","Chr5",392.9,371,432.9,264.2,265.7,125.6,0.61,0.87,0.42,0.38
"orf19.3905","Chr5",280.8,412.1,267.2,180.8,267.4,75.6,1,2.67,0.73,0.78
"orf19.1976","Chr5",448,732.9,510.4,388.5,509,329,1,7.03,0.63,0.56
"orf19.6295","Chr5",938.5,1278.1,1071.5,893.4,826.3,750.6,0.77,0.58,0.74,0.33
"orf19.3935","Chr5",439,757.6,497.4,286.1,542.7,228.6,1.09,1.17,0.79,0.79
"orf19.948","Chr5",205.8,280.7,174.8,174.6,183.8,33.9,1,5.1,0.52,0.54
"orf19.4035","Chr5",3943.8,4583.8,4770.5,1244.1,3204.7,1439.8,0.67,0.47,0.06,0.13
"orf19.4274","Chr5",1492.5,1367.9,2112.2,2763.7,1011.9,911.2,0.48,0.46,0.41,0.09
"orf19.3941","Chr5",2248.4,2831.3,2717.2,689.6,1776.5,406.1,0.65,0.18,0.01,0.01
"orf19.6678","Chr5",221.2,321.5,192,155.1,211,80.4,1.07,5.88,0.36,0.38
"orf19.4022","Chr5",871.2,1212.9,1033.9,429.9,787.9,284.2,0.76,0.18,0.23,0.02
"orf19.941","Chr5",3119.5,3141.3,4006.5,2191.3,2027.9,1106.2,0.51,0.05,0.06,0
"orf19.4135","Chr5",1723.9,2733.7,2010.7,805.2,1759.4,621.7,0.88,0.22,0.62,0.29
"orf19.4247","Chr5",515.7,972.1,594.8,318.1,718,468.3,1.21,0.53,0.59,0.37
"orf19.2637","Chr5",747.9,1119.3,927.4,987.6,855.8,1015.4,0.92,6.75,0.63,0.53
"orf19.3945","Chr5",679.8,958.2,813.7,454.4,716.7,533.5,0.88,0.54,0.71,0.53
"orf19.4323","Chr5",333.6,491.6,337.6,175.6,332,80.8,0.98,0.85,0.84,0.83
"orf19.3200","Chr5",197.6,258.7,161,151.9,164.5,72.1,0.96,5.13,0.3,0.35
"orf19.4349","Chr5",2011.4,3838.2,2309.6,878.6,2224.2,1184.1,0.96,0.24,0.75,0.31
"orf19.1967","Chr5",865,1327,975.4,961.4,808.6,720.6,0.83,4.67,0.65,0.54
"orf19.1282","Chr5",545.5,753,606.6,172.7,512.4,163.7,0.84,0.24,0.36,0.23
"orf19.1119","Chr5",415.4,614.1,432.2,175.4,385.9,53.7,0.89,0.86,0.86,0.88
"orf19.3973","Chr5",1193.7,2016.7,1571.6,905.9,1511.7,944.8,0.96,0.19,0.85,0.48
"orf19.4246","Chr5",1220.1,2278.5,1499.4,537.9,1646.7,1377.6,1.1,0.46,0.82,0.7
"orf19.4281","Chr5",827.3,842.4,934.8,321.2,557.2,322.9,0.6,0.28,0.07,0.02
"orf19.5698","Chr5",1175,1526.2,1407.4,352.5,948,389.1,0.67,0.3,0.08,0.04
"orf19.4227","Chr5",481.9,820.2,549.6,499.8,559.5,454.5,1.01,2.33,0.54,0.46
"orf19.923","Chr5",798.5,1080.2,870.6,363.9,651.7,294.5,0.75,0.21,0.28,0.04
"orf19.3981","Chr5",577.3,418.7,666.5,322.4,324.2,249.4,0.49,0.26,0.03,0.02
"orf19.4006","Chr5",309,439.3,309.1,186.3,290.9,52.1,0.94,2.75,0.63,0.66
"orf19.1955","Chr5",317.4,428.2,312.4,171.4,286,64.1,0.92,1.04,0.84,0.84
"orf19.2640","Chr5",1470.8,2716.2,1867.9,1198.7,1811.1,1245.2,0.97,0.31,0.84,0.5
"orf19.951","Chr5",509.6,616.6,595.8,333,460.1,333.6,0.77,0.2,0.58,0.21
"orf19.4016","Chr5",5142.1,6953.8,6409.8,2860.2,4475.2,1092.8,0.7,0.17,0.16,0.03
"orf19.6659","Chr5",2133.9,6294.1,2985.3,2215,4951.1,4214.4,1.66,0.32,0.36,0.01
"orf19.6297","Chr5",402.4,524,424,171.8,326.5,78.9,0.77,0.77,0.39,0.5
"orf19.968","Chr5",9983.9,15923.6,13551.4,6518.3,11061.2,5109.7,0.82,0.23,0.39,0.12
"orf19.3199","Chr5",940.6,449.7,1079.4,677.5,282.1,167.7,0.26,0.17,0.01,0
"orf19.1934","Chr5",373.5,485.7,377.9,167.9,311.5,88.1,0.82,0.67,0.68,0.66
"orf19.1977","Chr5",2488.9,2347.5,2863.1,2069.7,1421.5,612.9,0.5,0.19,0.11,0.02
"orf19.3894","Chr5",507.7,797.4,565.7,229.6,590.7,354.3,1.04,0.53,0.97,0.96
"orf19.583","Chr5",3219.2,3999.4,4102.7,2618.5,2908.4,3264.9,0.71,0.37,0.29,0.03
"orf19.578","Chr5",368.5,548,383.1,212.3,378.7,195.4,0.99,1.08,0.83,0.8
"orf19.5681","Chr5",407.2,544,417.9,198.2,349.8,122.4,0.84,1.48,0.88,0.86
"orf19.6667","Chr5",994.5,1711.2,1303.7,835.9,1308.3,855.8,1,0.44,0.99,0.98
"orf19.1107","Chr5",750.3,1519.7,1006.8,970.4,1276,1358.3,1.27,0.75,0.84,0.66
"orf19.3168","Chr5",1654.4,3307.2,2157.8,2082.4,2440.1,2356.5,1.13,0.52,0.74,0.24
"orf19.3196","Chr5",335.5,593.2,347.7,190.8,386.1,171.3,1.11,2.08,0.72,0.8
"orf19.4000","Chr5",733.2,675.9,835.7,258.8,432.2,74.5,0.52,0.14,0,0
"orf19.580","Chr5",340.8,574.6,349.6,170.8,406.1,158,1.16,1.05,0.46,0.47
"orf19.4228","Chr5",849.1,1544.3,1032.5,535.8,1032.5,427.3,1,0.47,0.89,0.82
"orf19.1971","Chr5",979.4,1271.8,1155,1053.8,873.4,893.6,0.76,27.91,0.69,0.61
"orf19.1957","Chr5",1499.3,2748.2,1975,892.3,2075.5,1269.8,1.05,0.35,0.97,0.94
"orf19.3207","Chr5",360.7,433.5,345.9,159.8,258,93.2,0.75,0.47,0.29,0.22
"orf19.3900","Chr5",816,1051,918.7,313.5,699.4,186,0.76,0.33,0.19,0.18
"orf19.3988","Chr5",382.5,632.4,428.6,297.3,463.2,245.4,1.08,1.44,0.56,0.45
"orf19.4318","Chr5",1334.3,1599.5,1597.8,518.4,1066.7,315.4,0.67,0.22,0.05,0.04
"orf19.2650","Chr5",308.5,555.5,306.8,176.7,324.4,154.6,1.06,1.79,0.65,0.69
"orf19.3942","Chr5",34630.9,39989.5,44137.8,22609.7,26704.5,19540.1,0.61,0.19,0.16,0.02
"orf19.3161","Chr5",1261.6,1862.1,1559.7,818.8,1338,935.4,0.86,0.28,0.55,0.23
"orf19.4269","Chr5",665.2,930.9,748.5,430.8,627.4,314,0.84,0.47,0.77,0.61
"orf19.3187","Chr5",355.2,567.2,356.3,145,368,120,1.03,1.54,0.75,0.8
"orf19.1969","Chr5",213.5,295,180.4,167.5,185.7,68,0.99,7.53,0.28,0.33
"orf19.3980","Chr5",554.4,635.2,594.8,298,414.8,138.6,0.7,0.31,0.28,0.15
"orf19.5682","Chr5",928.3,1481.1,1072.5,164.5,1030.5,304.6,0.96,0.39,0.63,0.72
"orf19.974","Chr5",975.7,1230,1104.5,244.6,838.2,242.8,0.76,0.39,0.11,0.19
"orf19.961.2","Chr5",1780.7,2865.5,2280.5,906.9,2030.2,936.4,0.89,0.3,0.67,0.38
"orf19.4041","Chr5",2081.4,2811.2,2859,2362.2,2168.2,1756.6,0.76,0.43,0.61,0.24
"orf19.3970","Chr5",469.9,719.4,520.9,217.5,504.2,217.9,0.97,0.62,0.97,0.97
"orf19.4031","Chr5",403,507.8,430.3,221.2,354.4,160.5,0.82,0.83,0.74,0.73
"orf19.2651","Chr5",11266.2,26674.8,14549.4,14215,16966.1,18041.3,1.17,0.4,0.93,0.62
"orf19.4015","Chr5",256.9,1413.1,245,196.1,965.8,327,3.94,67.36,0.04,0.03
"orf19.4283","Chr5",9604.7,14992.9,13677.6,18874.1,9923.4,10523,0.73,0.43,0.72,0.12
"orf19.3902","Chr5",277.8,379.6,270.7,177.4,243,43.3,0.9,34.99,0.5,0.51
"orf19.3954","Chr5",735.1,707.3,799.8,494,435.1,165,0.54,0.35,0.15,0.04
"orf19.3914","Chr5",1352.1,1674.5,1617,731.9,1178.4,744.1,0.73,0.41,0.32,0.16
"orf19.4231","Chr5",254.3,339.1,229.4,156.3,219.9,54.9,0.96,3.36,0.56,0.62
"orf19.4143","Chr5",358.2,617.4,372.3,244.8,425.7,262.5,1.14,3,0.51,0.42
"orf19.1932","Chr5",213.5,280.7,181.5,158.9,183.8,60.6,0.98,8.23,0.29,0.32
"orf19.3201","Chr5",236.1,247,211.7,166.3,157.5,23.1,0.73,3.31,0.56,0.57
"orf19.3169","Chr5",1006.1,2184.2,1335.4,941.9,1760.1,1554.5,1.32,0.4,0.75,0.35
"orf19.4286","Chr5",383.9,608,433.2,310.2,461.5,369.6,1.07,1.3,0.71,0.61
"orf19.4309","Chr5",1642.5,2563.9,2054.5,554.7,1784.2,707.9,0.87,0.33,0.43,0.32
"orf19.3177","Chr5",1508.3,1868,1768.6,571.1,1224.1,273.7,0.69,0.28,0.06,0.08
"orf19.4321","Chr5",230.9,343.8,203.6,188.5,215.9,72.7,1.05,60.05,0.51,0.54
"orf19.4263","Chr5",475.7,639.6,498.2,289.4,412.2,236.7,0.83,0.85,0.8,0.68
"orf19.949","Chr5",823.5,1079.3,974.2,648.5,725.7,524.7,0.74,0.22,0.5,0.05
"orf19.4005","Chr5",539.6,881.8,633.4,547.5,627.7,520.8,0.99,3.91,0.71,0.59
"orf19.936","Chr5",345.4,537.4,357.5,182,341.4,141.7,0.95,1.64,0.86,0.88
"orf19.1968.1","Chr5",450,579.1,481.9,153.3,379.6,85.2,0.79,0.55,0.43,0.58
"orf19.3916","Chr5",677.8,1171.7,823.3,624.5,827.1,490.7,1,0.69,0.8,0.61
"orf19.3967","Chr5",5393.8,8097,7058.8,3523.9,6159.3,4581.4,0.87,0.47,0.51,0.31
"orf19.1981","Chr5",415.7,698,481.5,411.7,488.7,313.7,1.01,1.75,0.63,0.54
"orf19.4221","Chr5",565.6,961.4,621.9,150.4,629.5,153.9,1.01,0.47,0.92,0.93
"orf19.1972","Chr5",990,1337,1182.2,321.8,954.7,383.3,0.81,0.37,0.29,0.27
"orf19.921","Chr5",311.7,450.9,318.6,241.5,310.7,166.2,0.96,3.33,0.48,0.45
"orf19.3997","Chr5",45242.7,55286.1,61178.1,27531.9,39205.5,17000.7,0.64,0.18,0.16,0.02
"orf19.4278","Chr5",824.2,995.9,948.1,249.5,647.4,154.7,0.68,0.23,0.04,0.03
"orf19.1948","Chr5",569.3,671.9,621.6,210.6,438.3,160.4,0.71,0.3,0.12,0.1
"orf19.4133","Chr5",674.4,969.8,766.8,281.2,638.1,143.1,0.83,0.34,0.5,0.42
"orf19.3218","Chr5",409.4,510,424.1,173.6,331.5,118,0.78,0.42,0.37,0.31
"orf19.3934","Chr5",1032.6,2617.4,1306.6,542.9,2148.2,2010.8,1.64,0.83,0.61,0.39
"orf19.6660","Chr5",2899.4,3297.5,3749.8,951.7,2228.6,855.1,0.59,0.17,0.02,0.01
"orf19.3924","Chr5",195.7,259.1,158.7,157.5,167.1,45.5,0.98,4.96,0.28,0.32
"orf19.1110","Chr5",1359.3,2083.4,1578.5,1464.7,1334.1,1108.7,0.85,0.73,0.92,0.76
"orf19.1287","Chr5",2475.9,3137.8,2965.1,1481.1,1987.7,831.6,0.67,0.22,0.29,0.04
"orf19.3983","Chr5",2029.8,4215.3,2567.7,1464.6,2729.9,1693.2,1.06,0.42,0.98,0.97
"orf19.932","Chr5",563.3,813.6,619.3,193.7,509.6,120.4,0.82,0.42,0.3,0.35
"orf19.979","Chr5",4111.8,4431.2,4948.7,2411.2,2698.4,613.5,0.55,0.44,0.1,0.06
"orf19.3925","Chr5",189.7,221.4,150.4,177.3,140.8,37.9,0.85,2.57,0.56,0.59
"orf19.4003","Chr5",1169.2,1312.1,1368.1,772.1,867.4,304.2,0.63,0.35,0.18,0.12
"orf19.3209","Chr5",433.7,626.5,490.5,471.3,442.6,340.4,0.9,38.11,0.6,0.58
"orf19.6674","Chr5",434.8,711.3,470,241.2,481.7,218,1.02,1.29,0.71,0.64
"orf19.3966","Chr5",227.2,348.7,200.9,164.4,224.5,63,1.1,16.48,0.28,0.32
"orf19.3182","Chr5",7491.6,11313.1,9576.7,1678.6,7649.9,3059.4,0.8,0.23,0.18,0.09
"orf19.3974","Chr5",1952.7,2614.3,2382.4,867.8,1661.3,1044.3,0.7,0.24,0.17,0.02
"orf19.1105","Chr5",46508.7,54014.5,57595.6,18859.4,35256.9,7190,0.61,0.26,0.14,0.21
"orf19.1106","Chr5",230.6,344.2,201.3,158,214.6,73,1.06,33.65,0.33,0.35
"orf19.3949","Chr5",859,868.8,973.2,300.6,550.6,86.3,0.57,0.26,0.01,0.02
"orf19.4264","Chr5",254.6,378.7,233.2,173.9,240.8,98.5,0.99,1.85,0.47,0.46
"orf19.3971","Chr5",296.3,449.9,276.4,185.8,265.6,97.4,0.96,1.79,0.72,0.72
"orf19.3173","Chr5",1315.3,2308.2,1717.1,1481.6,1696,1340.1,0.99,0.29,0.99,0.97
"orf19.2655","Chr5",1372,2651.7,1873.8,1958.5,2145.6,2626.1,1.15,0.45,0.92,0.78
"orf19.1124","Chr5",1160.2,2015.2,1413.4,932,1368.3,974.5,0.97,0.27,0.94,0.77
"orf19.5686","Chr5",3217.5,8017.7,4673.9,4072.9,6290.3,5414.3,1.35,0.43,0.66,0.21
"orf19.6670","Chr5",552.7,689.2,612.2,244.8,451.5,116.8,0.74,0.37,0.23,0.23
"orf19.570","Chr5",229.5,311.9,203.8,171.5,194.4,46.4,0.93,7.68,0.37,0.39
"orf19.1949","Chr5",2536.9,3701.8,3016.1,861.6,2432.1,587.2,0.81,0.43,0.24,0.36
"orf19.3990","Chr5",979.9,1507.4,1209,1073.8,1011.2,899.7,0.84,0.4,0.85,0.47
"orf19.3944","Chr5",1131.6,1258.4,1316.7,458.8,855.4,350.8,0.65,0.38,0.08,0.09
"orf19.3976","Chr5",929.4,1277.5,1121.6,1123.4,841.2,790.1,0.75,2,0.74,0.64
"orf19.3203","Chr5",285.3,417.2,270.1,184.8,261,47.2,0.97,3.06,0.53,0.55
"orf19.4273","Chr5",508.6,803.3,571.9,467.9,552.7,456.2,0.97,34.31,0.58,0.52
"orf19.1279","Chr5",2302.8,2975.2,2961.6,1805.4,2169.2,1671.1,0.73,0.26,0.46,0.09
"orf19.6656","Chr5",753.7,1141.4,871.8,396.8,766.8,275.7,0.88,0.49,0.83,0.73
"orf19.4045","Chr5",761.8,1194.1,879.4,681,809.6,616.7,0.92,3.56,0.8,0.67
"orf19.5693","Chr5",577.7,654.9,609.3,338.4,414.3,149.3,0.68,0.49,0.32,0.18
"orf19.3962","Chr5",2885,4154.9,3655.1,511.6,2883.1,1126.3,0.79,0.27,0.13,0.08
"orf19.1938","Chr5",328.1,507.1,324.5,171,317.7,95.6,0.98,1.43,0.76,0.79
"orf19.4019","Chr5",347.3,488.1,364.7,231.7,310.2,95.4,0.85,2.18,0.95,0.96
"orf19.953.1","Chr5",10671.4,16034.7,13926.7,3541,11337.9,5032.3,0.81,0.28,0.28,0.12
"orf19.4328","Chr5",1007.4,1459.3,1212.1,658.9,1028,749.1,0.85,0.24,0.52,0.14
"orf19.945","Chr5",742.2,885.7,856.2,233.5,581.4,135.9,0.68,0.19,0.03,0.03
"orf19.1926","Chr5",595.7,877.2,675.5,402.2,609.5,398.1,0.9,0.45,0.8,0.64
"orf19.3176","Chr5",522.2,833.6,587.5,212.6,565.5,144.1,0.96,0.5,0.99,0.99
"orf19.5683","Chr5",1079.3,1287.3,1382,665.2,924.5,842.4,0.67,0.29,0.14,0.07
"orf19.3198","Chr5",1446.9,282,1688.3,856.6,181,123.8,0.11,0.06,0,0
"orf19.3960","Chr5",941.5,1247.1,1079.2,306.7,777.4,252.8,0.72,0.29,0.1,0.07
"orf19.2638","Chr5",227.8,342.2,196.4,158.3,208,85.9,1.04,5.09,0.4,0.43
"orf19.4131","Chr5",1802.7,2506.1,2165.5,1341.2,1673.8,1091.5,0.77,0.35,0.57,0.24
"orf19.954","Chr5",417.4,595.3,434.1,208.4,392.1,83.7,0.9,0.66,0.93,0.94
"orf19.3906","Chr5",483.7,737,538.7,195.7,478.9,87.2,0.89,0.61,0.78,0.83
"orf19.938","Chr5",215.3,261,179.9,148.2,163.4,38.8,0.9,15.27,0.37,0.39
"orf19.4251","Chr5",273.8,417.5,256.3,170.5,266.6,111.5,1.04,3.01,0.57,0.65
"orf19.3208","Chr5",272.9,379,258.6,196.1,247,116.9,0.94,3.6,0.5,0.48
"orf19.3185","Chr5",1375.7,2002.8,1610.9,475.6,1283.9,125.8,0.8,0.31,0.21,0.25
"orf19.2650.1","Chr5",507.3,747.9,562.1,399.8,510.5,384.2,0.91,3.79,0.87,0.82
"orf19.4036","Chr5",730.4,907.1,843.3,313.1,582.6,90.3,0.69,0.39,0.09,0.16
"orf19.3939","Chr5",338.8,582.8,352.6,261.7,422.9,311.9,1.2,4.4,0.46,0.35
"orf19.3915","Chr5",4087.6,4997.1,4839.7,2688.7,3362.8,1283.5,0.69,0.47,0.25,0.27
"orf19.4310","Chr5",181.4,227.4,139.7,168.1,145.4,45.3,0.93,2.59,0.54,0.57
"orf19.1286","Chr5",214.2,278.3,186.1,184.8,174.6,45.2,0.89,5.28,0.55,0.57
"orf19.3220","Chr5",324.4,414,317.1,167.4,272.8,37.1,0.86,0.7,0.91,0.92
"orf19.1936","Chr5",1792.1,2279.9,2207.6,678.5,1627.7,769.8,0.74,0.57,0.16,0.21
"orf19.943","Chr5",365.6,515.8,376.5,184,310.1,87.5,0.82,0.94,0.72,0.76
"orf19.3931","Chr5",881.6,1179.5,1005.2,683.3,787,524,0.78,0.49,0.64,0.37
"orf19.4230","Chr5",698.4,1323.7,855.3,387.4,1008.8,738.9,1.18,0.36,0.88,0.72
"orf19.579","Chr5",682.1,836.9,753.1,357.3,522.7,139,0.69,0.28,0.24,0.11
"orf19.3893","Chr5",1875.1,1702.9,2256.7,1424,1190.5,971.9,0.53,0.25,0.14,0.01
"orf19.4232","Chr5",818.2,1315.8,927.2,351.8,951.8,484.8,1.03,0.73,1,1
"orf19.3205","Chr5",517,738.3,535.6,240.4,437.4,159.5,0.82,0.36,0.49,0.26
"orf19.4222","Chr5",293.1,440.1,282.7,173.3,300.1,124,1.06,1.53,0.55,0.54
"orf19.929","Chr5",198.3,262.3,159.8,157,163.1,47.9,0.96,5.63,0.29,0.32
"orf19.1105.3","Chr5",247.8,366.4,237.8,210.5,250.1,65.6,1.05,134.5,0.5,0.52
"orf19.4148","Chr5",559.8,571.3,598.4,237.3,379,81.6,0.63,0.3,0.05,0.07
"orf19.952","Chr5",302.8,366.2,288.3,156.9,232.2,50.8,0.81,1.06,0.77,0.81
"orf19.4336","Chr5",11355.9,16978.4,13716.1,6120.4,10037.9,2977.4,0.73,0.31,0.35,0.21
"orf19.4257","Chr5",530.8,521.7,556.1,355.4,328.9,96.9,0.59,0.69,0.32,0.24
"orf19.4301","Chr5",624.5,588.6,689.5,265.2,364.7,94.2,0.53,0.27,0.01,0.03
"orf19.4299","Chr5",398.4,553.8,420.7,178.3,356.8,62,0.85,1.12,0.86,0.87
"orf19.4279","Chr5",2932.2,4324.7,3697.3,1145.8,2704.1,361.6,0.73,0.2,0.11,0.03
"orf19.4270","Chr5",462.4,674,486.7,249.2,417.5,177.4,0.86,1.64,0.84,0.83
"orf19.3174","Chr5",889.8,983.1,1030.7,379,657.3,212.2,0.64,0.26,0.05,0.06
"orf19.3965","Chr5",267.4,401.2,252.1,180.1,250.6,30.5,0.99,2.98,0.68,0.7
"orf19.4145","Chr5",485.4,615,514,154.3,394.7,64.6,0.77,0.33,0.16,0.2
"orf19.3911","Chr5",9554.9,12344.6,12258.7,1908.3,8148,2691.3,0.66,0.22,0.03,0.03
"orf19.4023","Chr5",1825.4,2180.4,2273.7,442.9,1462.2,609.2,0.64,0.19,0.03,0.02
"orf19.6681","Chr5",370.1,547.2,380.9,183.5,364.6,91.9,0.96,0.85,0.85,0.87
"orf19.4243","Chr5",231.1,316.2,200.7,173.4,191.7,45.5,0.93,3.76,0.41,0.42
"orf19.955","Chr5",602.6,897.2,670.3,185.8,623.9,234.3,0.93,0.38,0.62,0.65
"orf19.1975","Chr5",333,526.2,356.1,301.7,362.5,200.9,0.99,2.24,0.46,0.42
"orf19.586","Chr5",1831.2,2074.6,2153.7,869.9,1364.2,912.4,0.63,0.33,0.14,0.03
"orf19.1939","Chr5",231.5,302.6,203.6,167.5,185.6,51.5,0.91,130.22,0.33,0.36
"orf19.581","Chr5",571,900.6,621.9,228,574.9,75,0.92,0.32,0.81,0.82
"orf19.3186","Chr5",273.9,398.7,268,199.1,272.4,73.1,1.02,4.19,0.66,0.69
"orf19.4255","Chr5",6354.1,7476.9,7372.9,6855.1,4308.1,3342.7,0.58,0.19,0.48,0.01
"orf19.1953","Chr5",415.6,911.6,445.5,233.5,645.7,283.1,1.45,1.04,0.39,0.41
"orf19.956","Chr5",400.4,452.2,409.8,227.3,286.7,74.9,0.7,1.09,0.57,0.54
"orf19.3166","Chr5",610.9,738.4,668.6,237.4,462,133.2,0.69,0.2,0.15,0.03
"orf19.967","Chr5",1276.9,1941.3,1522.1,428.8,1188.2,270.7,0.78,0.32,0.16,0.14
"orf19.5689","Chr5",1181.5,1456.1,1434.7,703.5,1004.1,575.5,0.7,0.26,0.28,0.06
"orf19.4004","Chr5",2221.6,2928.8,2652.3,1764.5,1854.1,1010.6,0.7,0.32,0.53,0.14
"orf19.3950","Chr5",3597.2,5828.5,4997.8,6462.8,3741.7,3568.5,0.75,0.51,0.77,0.42
"orf19.4136","Chr5",606.8,612,650.5,485.5,372.9,208,0.57,0.78,0.46,0.21
"orf19.3178","Chr5",366.3,579,367.6,204.2,374.5,173.3,1.02,0.98,0.76,0.7
"orf19.6296","Chr5",346.8,613.5,345.9,191.7,387.9,145,1.12,2,0.48,0.58
"orf19.2639","Chr5",777,951.6,875.2,651.5,622.5,557.3,0.71,0.83,0.54,0.29
"orf19.6298","Chr5",372.8,324.1,381.3,169.7,210.5,58.8,0.55,0.47,0.06,0.12
"orf19.3210","Chr5",193.6,251.1,157.1,183.4,159.5,25.6,0.92,2.56,0.54,0.55
"orf19.4282","Chr5",644.4,761.2,706.1,381.4,483.3,223.6,0.68,0.33,0.39,0.1
"orf19.2642","Chr5",320.5,428.1,309,174.9,261.4,90,0.85,1.57,0.97,0.97
"orf19.4150","Chr5",700.4,736,781.4,528.8,513.2,415.3,0.66,0.68,0.5,0.28
"orf19.3183","Chr5",488.4,714.3,570.2,335.7,462.4,33.6,0.81,0.94,0.91,0.91
"orf19.1973","Chr5",739.7,796,834.6,257.7,524.1,108.3,0.63,0.24,0.03,0.03
"orf19.3947","Chr5",983.5,1462.9,1237.7,684.3,1079.6,721.8,0.87,0.29,0.64,0.23
"orf19.4241","Chr5",678.5,1102.9,780,222,701.7,47.7,0.9,0.24,0.71,0.64
"orf19.4325","Chr5",1093.8,1536,1324.6,290.9,1074.4,339.8,0.81,0.39,0.22,0.24
"orf19.2646","Chr5",636.4,1031.6,757.1,506.9,694.1,418.2,0.92,0.53,0.8,0.65
"orf19.4018","Chr5",627.2,989.7,691.4,399.3,625.5,323.3,0.9,0.41,0.9,0.76
"orf19.3172","Chr5",227.5,341,203.4,180.3,222.4,62.4,1.08,38.97,0.5,0.53
"orf19.4242","Chr5",464.6,442.7,495.1,212.4,286.8,48,0.58,0.46,0.06,0.11
"orf19.4311","Chr5",8656.5,10973.5,10653.9,7547.6,6504.8,4687.4,0.61,0.19,0.31,0.02
"orf19.577","Chr5",1088.3,1561.4,1308.2,445.6,1014.2,262.3,0.78,0.14,0.22,0.02
"orf19.3951","Chr5",847.1,1195,984.9,320.1,810.8,348.7,0.82,0.28,0.34,0.17
"orf19.3920","Chr5",596.2,926.7,659.6,167.2,571.6,58.3,0.87,0.2,0.3,0.23
"orf19.1944","Chr5",641.9,948.3,723,213.7,612.6,112,0.85,0.18,0.34,0.18
"orf19.568","Chr5",2870.1,2944.4,3382.5,1453.8,1766.2,660.2,0.52,0.16,0.05,0
"orf19.4223","Chr5",6168.2,8544.7,7664.1,1604.1,5485.4,1657.7,0.72,0.24,0.06,0.07
"orf19.4043","Chr5",2385.2,3386.2,2912.3,596.5,2424.8,1395.5,0.83,0.55,0.26,0.28
"orf19.920","Chr5",412.9,552.4,427.7,226.5,341.7,126.4,0.8,1.05,0.75,0.73
"orf19.4216","Chr5",4065.6,8170.7,5181.6,5541.1,5240.2,5630.9,1.01,5.86,0.83,0.55
"orf19.1956","Chr5",1378.2,1330.6,1551,993.3,802.7,371.7,0.52,0.26,0.19,0.02
"orf19.4304","Chr5",378.2,900.5,412.7,239.7,673.2,611.3,1.63,0.96,0.31,0.15
"orf19.4342","Chr5",694.9,988.2,845.4,648.9,676.3,460.6,0.8,0.6,0.78,0.55
"orf19.4293","Chr5",1388.6,2050.8,1696.3,413.8,1401.1,673,0.83,0.23,0.27,0.07
"orf19.3181.1","Chr5",1343.1,1349.1,1663.9,452,897.2,221.9,0.54,0.2,0,0.01
"orf19.4151","Chr5",264.8,411.5,249.5,211.4,249.9,143.4,0.99,6.83,0.43,0.44
"orf19.4051","Chr5",2835.1,3960.2,3460.9,641.5,2480.1,504,0.72,0.22,0.02,0.06
"orf19.4326","Chr5",292.7,413.1,271.5,146.2,279.9,79,1.03,1.28,0.61,0.65
"orf19.1115","Chr5",909,1147.9,1032.6,490.4,723.1,390.9,0.7,0.13,0.28,0
"orf19.978","Chr5",527.5,644.6,561.6,296.9,412.4,69.7,0.73,0.37,0.41,0.3
"orf19.3937","Chr5",366.5,415.2,370,246.6,269.7,129.9,0.72,5.49,0.66,0.64
"orf19.6676","Chr5",2785.4,3409.8,3356,1745.7,2182.1,719.8,0.65,0.23,0.18,0.06
"orf19.567","Chr5",516.7,634.1,602.2,486.8,453.1,351.1,0.75,1.08,0.76,0.62
"orf19.3193","Chr5",883.4,1154.7,1090.4,840.1,813.5,690.5,0.75,0.57,0.59,0.26
"orf19.935","Chr5",1525.7,3080.8,2004.8,1608.5,2205.7,1666.1,1.1,0.25,0.83,0.39
"orf19.1950","Chr5",1028,1650.3,1248.2,1114.9,1131.8,991.4,0.91,1.93,0.82,0.61
"orf19.3968","Chr5",191,269.1,154.2,194,166.8,42.1,0.95,2.3,0.53,0.55
"orf19.3998","Chr5",353.6,608.9,366.5,175.8,396.4,48.3,1.08,1.08,0.66,0.7
"orf19.4265","Chr5",992.9,1118.3,1141.1,521.1,704.3,199.2,0.62,0.25,0.11,0.03
"orf19.4266","Chr5",315.9,447.1,312.3,182.5,297.2,81,0.94,7.72,0.49,0.48
"orf19.1952","Chr5",265.7,392.1,247.1,181.1,244.4,60.3,0.99,3.27,0.7,0.74
"orf19.3213","Chr5",408,663.8,420,207,432.4,173.5,1.03,1.95,0.69,0.65
"orf19.4153","Chr5",263.4,390.2,248.6,184.4,257.4,116.5,1.02,4.83,0.46,0.48
"orf19.4032","Chr5",1348.7,1467.7,1580.8,289.5,973.5,593.9,0.62,0.43,0.04,0.05
"orf19.576","Chr5",1078.5,1303.2,1336.4,1321.8,775.6,650.7,0.58,17.99,0.89,0.86
"orf19.927","Chr5",719.5,1130.6,808,226.7,684.2,144.5,0.85,0.07,0.47,0.08
"orf19.3956","Chr5",405.6,570.6,427.4,211.8,375.3,136.9,0.88,0.59,0.77,0.73
"orf19.4320","Chr5",210.4,277.2,176.3,176.6,175.4,35,0.96,7.03,0.53,0.55
"orf19.947","Chr5",503.1,677.5,527,251.1,402.4,147.3,0.76,0.31,0.39,0.15
"orf19.1105.2","Chr5",15249.5,21151.9,26157.4,43787.6,20993.5,31482.4,0.8,0.91,0.94,0.68
"orf19.3957","Chr5",761.5,1063.3,888.4,675.1,709.6,554.3,0.8,0.57,0.77,0.44
"orf19.4219","Chr5",770.3,986.2,862.7,531.9,593.2,265.9,0.69,0.48,0.46,0.2
"orf19.4013","Chr5",417,550.6,435.9,265.1,357.2,152.4,0.82,4.49,0.89,0.88
"orf19.1961","Chr5",811.3,949.5,908.9,637.5,564.8,385.1,0.62,0.22,0.33,0.01
"orf19.4040","Chr5",3813.1,5045.8,4568.1,4472.3,3021.9,2799,0.66,0.25,0.76,0.2
"orf19.4048","Chr5",3414.4,4626.1,4229.7,1946,3177.3,2353.4,0.75,0.34,0.29,0.11
"orf19.1974","Chr5",2602.1,4056.7,3256.6,973.3,2688.1,1020.8,0.83,0.29,0.34,0.25
"orf19.3936","Chr5",2100,3095.5,2679.2,2308.9,2241.7,2626.7,0.84,0.31,0.5,0.09
"orf19.1943","Chr5",366.4,515.3,372.8,156.4,338.3,68,0.91,1.03,0.95,0.96
"orf19.4305.1","Chr5",282.6,465.1,268.3,144.3,292.5,107.9,1.09,2.77,0.53,0.62
"orf19.2647","Chr5",406.1,532.3,418.2,213.5,312.1,129.8,0.75,0.44,0.39,0.25
"orf19.4152","Chr5",6540.3,7097.8,7769.7,3615.4,4373.4,1601.1,0.56,0.38,0.07,0.07
"orf19.4324","Chr5",271.4,269.5,250.3,184.2,165.5,41.4,0.66,1.59,0.8,0.82
"orf19.969","Chr5",5186.1,6290.9,6218.9,1796.9,4060.9,855.8,0.65,0.39,0.04,0.11
"orf19.1120","Chr5",364.5,593.6,376.2,170.1,366,66.6,0.97,0.93,0.89,0.91
"orf19.3940","Chr5",286.3,351.4,274.2,157.7,220.1,104.4,0.8,2.39,0.84,0.87
"orf19.4217","Chr5",244.2,295.7,219.6,181.3,188.8,43.8,0.86,6.2,0.72,0.75
"orf19.587","Chr5",586.6,690.6,633.5,184.5,425,82.7,0.67,0.16,0.04,0.01
"orf19.3901","Chr5",1430.4,2457.1,1772.9,1423.9,1489.1,1113.9,0.84,0.2,0.82,0.2
"orf19.5685","Chr5",4161.3,3810.6,4811.3,2233.1,2321.7,494.8,0.48,0.35,0.04,0.05
"orf19.4009","Chr5",1399.6,2126.8,1668.5,232.3,1298,237.3,0.78,0.19,0.02,0.05
"orf19.3160","Chr5",36963.5,48761.5,47543.4,24400.4,32936.6,16686.5,0.69,0.27,0.27,0.12
"orf19.1108","Chr5",2004.1,3008.7,2548.8,1123.3,2010.5,869.9,0.79,0.17,0.37,0.04
"orf19.4225","Chr5",852.2,1039,955.3,658.1,659.7,398.7,0.69,0.39,0.54,0.14
"orf19.1935","Chr5",560.5,728.4,611,111.6,488.2,94,0.8,0.25,0.22,0.38
"orf19.970","Chr5",436.1,555.2,456.7,141.5,353.9,7.9,0.77,0.26,0.36,0.35
"orf19.942","Chr5",204.8,308.2,169.6,152.7,198,80.5,1.12,16.61,0.26,0.31
"orf19.926","Chr5",588,722.6,623.7,437.2,438.6,186.9,0.7,0.91,0.63,0.47
"orf19.1933","Chr5",548,646,578.8,184.3,412,81.3,0.71,0.24,0.07,0.08
"orf19.3907","Chr5",191.4,278.7,150.6,171.4,174.1,72.8,1.07,4.34,0.51,0.55
"orf19.3938","Chr5",781.1,902.5,847.1,416.1,557.2,341.5,0.66,0.34,0.2,0.04
"orf19.4146","Chr5",1000,2064.2,1247.1,665.9,1454.5,1013.4,1.17,0.31,0.68,0.28
"orf19.4346","Chr5",530.7,625.7,570.8,147.4,397.5,87.8,0.7,0.27,0.03,0.06
"orf19.4028","Chr5",458.3,748.5,499.9,168.9,481.7,39.5,0.96,0.6,0.91,0.92
"orf19.1123","Chr5",248.2,457.3,238.1,211.5,308.4,92.3,1.29,69.46,0.46,0.49
"orf19.976","Chr5",938.8,1042.2,1058.3,870.8,674.8,535.6,0.64,0.55,0.52,0.17
"orf19.6662","Chr5",463.2,606.7,511.5,199.7,381.9,37.5,0.75,0.52,0.47,0.54
"orf19.3910","Chr5",418.7,587.5,438.4,182.5,381.1,151.5,0.87,0.59,0.67,0.6
"orf19.4132","Chr5",10177.3,18548.3,12979.4,2934.2,13946.6,11805,1.07,0.72,0.79,0.78
"orf19.3211","Chr5",1644.2,1837.6,1869,607.6,1068.7,355.8,0.57,0.19,0.02,0.01
"orf19.1116","Chr5",628.2,827.2,695.1,39.2,518.6,42.3,0.75,0.06,0.01,0.02
"orf19.3899","Chr5",364.6,513.2,364.6,143.7,327.1,28.9,0.9,0.53,0.84,0.87
"orf19.4002","Chr5",334.4,400.3,327.9,145.4,251.6,58.1,0.77,0.47,0.39,0.35
"orf19.1114","Chr5",1539.7,2346.6,1830.9,171.3,1485.3,280.7,0.81,0.22,0.19,0.32
"orf19.4341","Chr5",1108.1,1476.9,1235.9,1088.4,901.4,771.5,0.73,0.37,0.61,0.11
"orf19.3982","Chr5",1040.8,520.9,1113.7,1092.6,333.9,140.1,0.3,0.3,0.09,0.03
"orf19.2641","Chr5",488.5,701,496.7,130,428,169.8,0.86,0.29,0.38,0.2
"orf19.3167","Chr5",1704.2,2193.8,1999.8,1319.3,1464.7,1045.8,0.73,0.26,0.47,0.06
"orf19.3903","Chr5",363.3,546.5,362.9,198.4,330.4,67,0.91,0.67,0.99,0.99
"orf19.3159.4","Chr5",340.5,640.7,339.1,231.6,405.8,241.5,1.18,6.07,0.45,0.45
"orf19.6671","Chr5",766.4,1047.7,870.1,364.8,725.2,394.2,0.83,0.29,0.48,0.24
"orf19.6672","Chr5",4818.1,8987.1,6130.5,6171.5,5590.2,5926.1,0.91,0.34,0.83,0.21
"orf19.962","Chr5",1186.3,1406.7,1410,41.9,852.3,173.5,0.6,0.13,0.04,0.05
"orf19.4046","Chr5",391.4,580.1,434.1,270.5,396.4,104.8,0.91,1.1,0.9,0.9
"orf19.4054","Chr5",9090.8,18020.9,11659.2,8804.6,10969.4,10128,0.94,0.41,0.78,0.44
"orf19.3908","Chr5",959.8,1746.3,1166.5,375.9,1199.3,405,1.03,0.02,0.93,0.17
