"","orf","gene","A21_CHROMOSOME","WtMean2","MutMean2","fold.mut.by.wt","sd.ratio","p","p.paired","A21_START","A21_STOP","A21_STRAND","A19_CONTIG","A19_STRAND","A19_START","A19_STOP","CGH.Ratio","CGH.sd","weak"
"4213","orf19.6338","","Ca21chr6",430.5911606,427.7209249,0.993334197,0.669991403,0.8551335,0.544947134,3622,4008,"W","Contig19-2413","C",16608,16222,1.077982183,0.152322468,0
"4214","orf19.6337","TLO13","Ca21chr6",8431.928083,8855.368307,1.050218671,0.523690924,0.815590871,0.395154449,5545,6075,"W","Contig19-2413","C",14685,13741,1.003703627,0.170361339,0
"4215","orf19.6336","PGA25","Ca21chr6",1066.269846,682.7833549,0.640347617,0.423349049,0.116164219,0.114747099,9900,7282,"C","Contig19-2413","W",10330,12948,1.112078986,0.237162368,0
"4216","orf19.6329","","Ca21chr6",1387.463279,440.0576585,0.31728719,0.181548746,0.189139125,0.022850194,11351,10266,"C","Contig19-2413","W",8879,9964,1.018679346,0.045506855,0
"4217","orf19.6328","","Ca21chr6",197.3788793,261.8850424,1.326813909,0.813081413,0.584799274,0.604906373,11586,11954,"W","Contig19-2413","C",8644,8276,1.050268047,0.049021034,0
"4218","orf19.6327","HET1","Ca21chr6",7443.62598,7666.217945,1.029903701,0.360549578,0.94677948,0.926315078,12549,11956,"C","Contig19-2413","W",7681,8274,1.08519803,0.159245138,0
"4219","orf19.6326","","Ca21chr6",652.172883,610.8813175,0.936686166,0.139920288,0.77281289,0.132415041,13439,12654,"C","Contig19-2413","W",6791,7576,1.182407457,0.274684557,0
"4220","orf19.6325.1","","Ca21chr6",415.6746878,420.994755,1.012798632,0.487055902,0.86494042,0.902104339,13539,13784,"W","Contig19-2413","C",6691,6446,1.132696935,0.244617947,0
"4221","orf19.6324","VID27","Ca21chr6",1969.625003,2377.147223,1.206903456,0.551044392,0.661547439,0.534048111,16035,13798,"C","Contig19-2413","W",4195,6432,1.205066618,0.276004565,0
"4222","orf19.6323","HPA2","Ca21chr6",502.3508589,464.6051579,0.924861876,0.298096613,0.861246026,0.454377295,16593,16135,"C","Contig19-2413","W",3517,4095,1.096112466,0.134759657,0
"4223","orf19.6322","ARD","Ca21chr6",18184.26112,18457.92845,1.015049681,0.263656549,0.991534467,0.972606482,17289,18134,"W","Contig19-2413","C",2941,2096,1.081963757,0.183490801,0
"4224","orf19.6321","PGA48","Ca21chr6",1552.810187,1920.030272,1.236487427,0.318742619,0.436065321,0.032455204,18362,18688,"W","Contig19-2413","C",1868,1542,1.08481155,0.005572702,0
"4225","orf19.6319","","Ca21chr6",1254.650943,1125.855027,0.897345221,0.335790036,0.948137565,0.838876505,20661,18685,"C","Contig19-2413","W",97,1545,1.127439486,0.159214155,0
"4227","orf19.1177","","Ca21chr6",970.4001362,911.2601297,0.939056061,0.221465035,0.798707857,0.505039181,21616,22896,"W","Contig19-10099","W",1321,2640,1.054249411,0.096083913,0
"4228","orf19.1179","","Ca21chr6",6035.159277,8462.605767,1.402217469,0.572221436,0.475982253,0.390507612,23241,22909,"C","Contig19-10099","C",3036,2653,1.101002834,0.205267593,0
"4229","orf19.1180","","Ca21chr6",875.6143916,1001.940547,1.144243992,0.127285284,0.955836885,0.094885495,23430,24677,"W","Contig19-10099","W",3174,4421,1.087237157,0.118675759,0
"4231","orf19.1182","","Ca21chr6",641.0871489,696.9182121,1.087088102,0.552123431,0.804000536,0.822278506,26861,25968,"C","Contig19-10099","C",6605,5712,1.09740293,0.202762884,0
"4232","orf19.1183","","Ca21chr6",1377.157535,1361.020568,0.98828241,0.232759851,0.901104476,0.832019623,27005,28651,"W","Contig19-10099","W",6749,8395,1.086500174,0.102906775,0
"4233","orf19.1185","","Ca21chr6",1037.617092,1230.314783,1.185711755,0.318543964,0.581667982,0.304015374,28821,29930,"W","Contig19-10099","W",8544,9674,1.144129219,0.205561607,0
"4234","orf19.1186","","Ca21chr6",1556.913245,1294.771365,0.831627176,0.436590398,0.441695599,0.524043058,30104,30796,"W","Contig19-10099","W",9848,10540,1.133379945,0.251361234,0
"4235","orf19.1187","CPH2","Ca21chr6",757.2170897,822.5815718,1.086321985,0.589060354,0.300016264,0.178251804,32572,35133,"W","Contig19-10099","W",12316,14877,1.057382718,0.113141931,0
"4236","orf19.1189","","Ca21chr6",2451.731354,1290.122103,0.526208592,0.353795517,0.401248341,0.106744637,39779,41833,"W","Contig19-10099","W",19523,21577,1.040561744,0.050514046,0
"4237","orf19.1190","","Ca21chr6",1862.472076,1605.993869,0.862291516,0.457067698,0.779051213,0.58963736,46683,43852,"C","Contig19-10099","C",26427,23596,1.090013491,0.122613671,0
"4238","orf19.1191","","Ca21chr6",192.3146973,341.4121134,1.775278323,0.857405369,0.019034898,0.030706595,47177,49597,"W","Contig19-10099","W",26921,29341,1.087141112,0.104003316,0
"4239","orf19.1192","DNA2","Ca21chr6",322.0570348,293.1528148,0.910251238,0.385896948,0.615580069,0.397519508,53930,49650,"C","Contig19-10099","C",33674,29394,1.066877814,0.08683675,0
"4240","orf19.1193","GNP1","Ca21chr6",3146.626971,5378.374596,1.709250777,0.309309473,0.104795913,0.000642241,56126,54387,"C","Contig19-10099","C",35870,34131,1.057954644,0.07671708,0
"4241","orf19.1195","","Ca21chr6",404.9026776,388.3936534,0.959227179,0.249268613,0.982873113,0.947151337,60009,57658,"C","Contig19-10099","C",39753,37402,1.085977996,0.109527612,0
"4242","orf19.1196","","Ca21chr6",1525.571344,1206.877174,0.791098481,0.569893152,0.97146153,0.90297211,60917,63502,"W","Contig19-10099","W",40661,43246,1.097370673,0.108756117,0
"4243","orf19.1198","","Ca21chr6",226.6102121,314.1554451,1.386325189,0.544809692,0.658054919,0.22011309,64239,63694,"C","Contig19-10099","C",43983,43438,1.087771099,0.073853573,0
"4244","orf19.1199","NOP5","Ca21chr6",3454.885892,3742.716832,1.083311273,0.305848369,0.934752305,0.849971115,66035,64485,"C","Contig19-10099","C",45779,44229,0.985713514,0.01963843,0
"4246","orf19.1201","","Ca21chr6",1723.55995,1757.567643,1.019731077,0.354156782,0.980421247,0.967233751,67551,69041,"W","Contig19-10099","W",47295,48785,1.043251722,0.03975119,0
"4247","orf19.1202","","Ca21chr6",562.6283011,548.8507958,0.975512243,0.57880588,0.848563308,0.759367248,70422,69088,"C","Contig19-10099","C",50166,48832,1.01991608,0.046285633,0
"4248","orf19.1203","SRO77","Ca21chr6",877.2223687,1089.14784,1.241586944,0.183553872,0.308955758,0.127166386,73882,70652,"C","Contig19-10099","C",53626,50396,1.100892862,0.16833243,0
"4249","orf19.1203.1","","Ca21chr6",684.4501407,625.3692167,0.913681187,0.462451608,0.579937436,0.369473559,74162,74505,"W","Contig19-10099","W",53986,54249,1.075955975,0.113878673,0
"4250","orf19.1204","","Ca21chr6",183.7434227,208.7909388,1.136317892,1.207811073,0.723781999,0.563545743,76177,74639,"C","Contig19-10099","C",55921,54383,1.063381236,0.087765967,0
"4254","orf19.4212","FET99","Ca21chr6",232.2358983,66.98732401,0.28946502,0.352118644,0.718270605,0.104529737,85591,83711,"C","Contig19-10201","W",33952,35832,1.097253929,0.173722192,0
"4255","orf19.4211","FET3","Ca21chr6",1362.506333,1536.643993,1.127806863,0.559480837,0.671933229,0.260987835,89365,87506,"C","Contig19-10201","W",30178,32037,1.043277138,0.09919062,0
"4256","orf19.4210","","Ca21chr6",326.7894014,380.3746656,1.163974915,0.454475739,0.420000447,0.135892424,92713,94104,"W","Contig19-10201","C",26830,25439,0.983542861,0.057591467,0
"4257","orf19.4209","","Ca21chr6",108.7262885,156.1334143,1.430974935,8.363892161,0.550461788,0.104483481,95242,94247,"C","Contig19-10201","W",24301,25296,1.028826708,0.072398648,0
"4258","orf19.4208","RAD52","Ca21chr6",80.84161725,113.2819732,1.399635056,0.949816576,0.931186967,0.577417155,97421,95727,"C","Contig19-10201","W",22122,23816,1.056000069,0.076780937,0
"4259","orf19.4205.1","","Ca21chr6",519.670421,752.8185166,1.448646077,0.560869141,0.19953187,0.009965385,98367,98107,"C","Contig19-10201","W",21176,21436,1.030908769,0.114988262,0
"4260","orf19.4206","","Ca21chr6",148.8217957,119.9431408,0.806385103,0.296227977,0.916850804,0.42932962,98566,100410,"W","Contig19-10201","C",20977,19133,1.036578995,0.058565331,0
"4261","orf19.4204","","Ca21chr6",1374.53083,1615.759763,1.175499106,0.179924078,0.468598097,0.037108137,100601,101506,"W","Contig19-10201","C",18942,18037,0.998402418,0.075652467,0
"4262","orf19.4203","","Ca21chr6",258.7250128,335.3523699,1.296172977,1.697212413,0.292547116,0.213510811,101853,103841,"W","Contig19-10201","C",17690,15702,0.99180266,0.056700324,0
"4263","orf19.4201","NHX1","Ca21chr6",1031.574729,1038.897624,1.007098754,0.43611877,0.914342498,0.838987722,105983,103992,"C","Contig19-10201","W",13560,15551,1.062891209,0.039528915,0
"4265","orf19.4199","","Ca21chr6",1049.176699,840.2205806,0.800838011,0.360646781,0.738352443,0.514653124,107927,109498,"W","Contig19-10201","C",11616,10045,1.015868159,0.026758377,0
"4266","orf19.4197","YHM2","Ca21chr6",1214.210016,1306.81721,1.076269503,0.26871055,0.792787865,0.441531028,110646,109741,"C","Contig19-10201","W",8897,9802,1.057545694,0.087224582,0
"4269","orf19.4195","","Ca21chr6",51.49482126,250.5780575,4.866082673,4.067952175,3.39e-05,0.001111226,112970,113368,"W","Contig19-10201","C",6573,6175,1.038052052,0.044812938,0
"4270","orf19.4194","","Ca21chr6",289.6742779,302.6165181,1.044678597,0.439668172,0.805169782,0.61060002,114469,113378,"C","Contig19-10201","W",5074,6165,1.012055837,0.039633541,0
"4271","orf19.4193.1","RPS13","Ca21chr6",461.8484014,624.9877848,1.353231456,0.602718857,0.509827967,0.339814634,115590,114731,"C","Contig19-10201","W",3962,4812,0.97907149,0.020423826,0
"4272","orf19.4193","","Ca21chr6",17983.67683,21671.28328,1.205052975,0.262502681,0.613276788,0.161727432,116477,115873,"C","Contig19-10201","W",3228,3584,1.003842779,0.046754414,0
"4273","orf19.4192","CDC14","Ca21chr6",422.4272344,250.6145418,0.59327269,0.685009904,0.680199044,0.413960791,116893,118596,"W","Contig19-10201","C",2650,947,1.063224908,0.098948589,0
"4275","orf19.3659","","Ca21chr6",583.2681755,694.559728,1.190806831,0.318625202,0.625823019,0.089389743,122019,121120,"C","Contig19-10185","W",40334,41182,0.98907027,0.092987782,0
"4276","orf19.3658","","Ca21chr6",877.3526591,883.9294556,1.007496183,0.331782156,0.887940025,0.50738436,122527,124470,"W","Contig19-10185","C",39826,37883,1.053992205,0.043924413,0
"4277","orf19.3656","COX15","Ca21chr6",336.8657943,537.6798219,1.596124721,0.516822147,0.000892375,0.010317726,126008,124569,"C","Contig19-10185","W",36345,37784,1.081993376,0.133649395,0
"4279","orf19.3653","FAT1","Ca21chr6",1369.011669,1044.004478,0.762597209,0.342404543,0.964824173,0.850352859,129850,131802,"W","Contig19-10185","C",32503,30551,1.032990625,0.052026134,0
"4280","orf19.3651","PGK1","Ca21chr6",38645.0344,37936.62578,0.981668832,0.361414974,0.890407676,0.904261633,133290,132037,"C","Contig19-10185","W",29063,30316,0.980507112,0.041314459,0
"4281","orf19.3649","","Ca21chr6",1352.088895,1456.919607,1.077532411,0.385035284,0.824277769,0.55788416,134314,135168,"W","Contig19-10185","C",28039,27185,1.043639308,0.100775765,0
"4282","orf19.3648","","Ca21chr6",148.2524354,115.0486276,0.777406407,0.393435971,0.595556348,0.168506217,137049,135201,"C","Contig19-10185","W",25304,27152,1.060711306,0.091303118,0
"4283","orf19.3647","","Ca21chr6",292.0074939,313.932722,1.075084471,0.501916706,0.826123334,0.553014548,137397,140720,"W","Contig19-10185","C",24956,21633,1.030437674,0.070555695,0
"4284","orf19.3646","CTR1","Ca21chr6",3221.718911,4909.774058,1.523961027,0.917597011,0.553134894,0.144756188,141631,140876,"C","Contig19-10185","W",20722,21477,1.05231503,0.075565578,0
"4285","orf19.3644","","Ca21chr6",739.3772652,563.303573,0.761862177,0.306016485,0.791258273,0.36861668,144532,142385,"C","Contig19-10185","W",17821,19968,1.076542709,0.080080531,0
"4286","orf19.3643","","Ca21chr6",261.7499445,293.1324722,1.119895069,0.728356466,0.865526111,0.73783209,150599,149427,"C","Contig19-10185","W",11754,12926,1.100671411,0.162857128,0
"4287","orf19.3642","SUN41","Ca21chr6",5851.01821,6375.109264,1.089572624,0.468147537,0.949056461,0.917922556,158331,159587,"W","Contig19-10185","C",4022,2766,1.048795451,0.064896261,0
"4288","orf19.84","CAN3","Ca21chr6",514.8140387,332.9116211,0.646663836,0.581761964,0.430348231,0.224413033,161777,159898,"C","Contig19-10035","C",1308,2,1.149052284,0.22294042,0
"4289","orf19.85","GPX2","Ca21chr6",800.7591695,630.0142067,0.786771143,0.091698892,0.237937915,0.003319746,165076,165567,"W","Contig19-10035","W",4559,5050,0.979664029,0.05366515,0
"4290","orf19.86","","Ca21chr6",3397.179255,5339.858704,1.571850733,0.76067509,0.036727099,0.047768606,167189,167674,"W","Contig19-10035","W",6672,7157,1.027638847,0.038339134,0
"4291","orf19.87","GPX1","Ca21chr6",163.5760499,281.8104007,1.721056098,4.57308767,0.418748552,0.043029279,169171,169860,"W","Contig19-10035","W",8654,9343,1.085823395,0.078375012,0
"4292","orf19.88","ILV5","Ca21chr6",9562.170943,11551.15826,1.208005831,0.292634029,0.849582596,0.378579477,171374,170172,"C","Contig19-10035","C",10857,9655,1.004434744,0.048507942,0
"4293","orf19.89","","Ca21chr6",399.3407912,471.7715947,1.181300254,1.213765335,0.762079831,0.10758084,172306,173448,"W","Contig19-10035","W",11789,12931,1.132434089,0.102373923,0
"4294","orf19.90","","Ca21chr6",622.9664164,608.0035259,0.975981225,0.789520724,0.922108321,0.885762946,174667,176931,"W","Contig19-10035","W",14150,16414,1.031331361,0.059386622,0
"4296","orf19.92","","Ca21chr6",3175.300937,2616.49091,0.824013522,0.299258718,0.842349456,0.412395704,181089,178399,"C","Contig19-10035","C",20572,17882,1.05789435,0.101726101,0
"4297","orf19.93","","Ca21chr6",4266.132968,4204.333941,0.985514041,0.732298635,0.755000198,0.76975333,182745,183200,"W","Contig19-10035","W",22228,22683,1.011853201,0.056108438,0
"4298","orf19.94","","Ca21chr6",1990.915375,2500.039408,1.255723593,0.666119543,0.59112616,0.259012273,184139,183405,"C","Contig19-10035","C",23622,22888,1.05566986,0.079752591,0
"4300","orf19.96","TOP1","Ca21chr6",741.0165906,584.2392908,0.788429434,0.194192334,0.596297802,0.085388724,188928,186586,"C","Contig19-10035","C",28411,26069,1.005957413,0.04379291,0
"4301","orf19.97","CAN1","Ca21chr6",2819.972703,3396.257978,1.204358459,0.660224011,0.594305709,0.521668543,191106,192821,"W","Contig19-10035","W",30589,32304,1.097281231,0.119081821,0
"4302","orf19.99","HAL21","Ca21chr6",956.8032329,864.2734627,0.903292791,0.367851455,0.897808127,0.726169168,194044,193016,"C","Contig19-10035","C",33632,32499,1.080128457,0.100665863,0
"4303","orf19.100","","Ca21chr6",459.8972398,573.054693,1.246049429,0.430337539,0.7331385,0.380133454,195350,194298,"C","Contig19-10035","C",34833,33781,1.047826606,0.044927793,0
"4304","orf19.101","RIM9","Ca21chr6",349.7180916,433.9262801,1.240788768,0.512544899,0.43209023,0.070318938,195973,197013,"W","Contig19-10035","W",35456,36496,1.038027912,0.065918536,0
"4305","orf19.102","","Ca21chr6",208.0987861,267.5753709,1.285580657,0.304262791,0.917434783,0.211629257,198335,197085,"C","Contig19-10035","C",37818,36568,1.03463898,0.074685815,0
"4307","orf19.104","","Ca21chr6",118.5024206,119.1832841,1.004326953,5.289499121,0.770207348,0.395414816,199311,200165,"W","Contig19-10035","W",38794,39648,1.038819099,0.067021716,0
"4308","orf19.105","HAL22","Ca21chr6",877.6378748,1008.304679,1.148884646,5.267044317,0.631853826,0.284252582,200573,201649,"W","Contig19-10035","W",39951,41132,1.090417031,0.157443808,0
"4309","orf19.107","","Ca21chr6",1876.029835,1280.621498,0.682623205,0.393041621,0.547298677,0.073774322,204200,201705,"C","Contig19-10035","C",43683,41188,1.051391165,0.085786655,0
"4310","orf19.109","","Ca21chr6",346.3176448,366.5496405,1.057911219,5.928282019,0.635257895,0.265828676,204422,205927,"W","Contig19-10035","W",43905,45410,1.047138578,0.082946598,0
"4311","orf19.111","CAN2","Ca21chr6",432.3296415,903.067144,2.088839296,0.971550072,0.230581309,0.05478348,207755,206049,"C","Contig19-10035","C",47238,45532,1.07119581,0.081495337,0
"4312","orf19.113","CIP1","Ca21chr6",2442.43711,3346.679704,1.370221444,0.37285491,0.118143028,0.033225159,210363,209464,"C","Contig19-10035","C",49846,48947,1.008893111,0.052243174,0
"4313","orf19.114","","Ca21chr6",110.4410031,117.3912651,1.062837071,0.667087729,0.895642372,0.423947751,212847,211849,"C","Contig19-10035","C",52330,51332,0.953699815,0.059446092,0
"4315","orf19.117","","Ca21chr6",473.8855133,479.692207,1.012253368,1.053954463,0.721070464,0.627115626,214611,216203,"W","Contig19-10035","W",54094,55686,1.043457045,0.06583712,0
"4316","orf19.118","FAD2","Ca21chr6",1962.996709,2784.579921,1.418535196,0.238851325,0.52198536,0.00207386,218253,219563,"W","Contig19-10035","W",57736,59046,1.009757603,0.077749693,0
"4317","orf19.119","","Ca21chr6",99.30680999,136.7993006,1.37858491,0.86828128,0.858282356,0.687227856,220608,219811,"C","Contig19-10035","C",60090,59294,1.047085164,0.0813696,0
"4318","orf19.121","ARC18","Ca21chr6",856.3658559,832.5703129,0.972213345,0.304291712,0.707116475,0.739866734,222243,221695,"C","Contig19-10035","C",61725,61177,0.994638682,0.055993554,0
"4319","orf19.122","CDC20","Ca21chr6",630.0845028,578.9638303,0.918866958,0.169067285,0.702504772,0.071950922,224427,226331,"W","Contig19-10035","W",63714,65813,1.091033502,0.083211875,0
"4321","orf19.124","CIC1","Ca21chr6",777.3629571,587.8194,0.756171097,0.39068103,0.745021962,0.226129612,228119,229216,"W","Contig19-10035","W",67601,68698,0.994301684,0.059396559,0
"4322","orf19.125","EBP1","Ca21chr6",1149.216125,1861.340022,1.619660551,0.978088157,0.146437575,0.032922598,230692,229469,"C","Contig19-10035","C",70174,68951,1.007292557,0.047650242,0
"4323","orf19.130","","Ca21chr6",105.9515297,90.93502247,0.854238757,77.75265494,0.367882486,0.298316317,236909,232296,"C","Contig19-10035","C",76394,71778,1.008592743,0.056614086,0
"4324","orf19.131","","Ca21chr6",13013.65288,10503.05646,0.807079807,0.421468506,0.460881383,0.561116139,237112,237786,"W","Contig19-10035","W",76597,77271,1.023187238,0.046903375,0
"4325","orf19.131.2","","Ca21chr6",60.35549355,101.5380532,1.682333243,3.06011148,0.524856644,0.526027033,237906,238318,"W","Contig19-10035","W",77555,77803,1.00062733,0.042164979,0
"4326","orf19.132","","Ca21chr6",574.2237367,453.9685739,0.790577862,0.204690426,0.308480856,0.037609235,240202,238421,"C","Contig19-10035","C",79687,77906,1.079833982,0.090495938,0
"4328","orf19.134","","Ca21chr6",84.80069244,248.3124302,2.92063909,2.621550031,0.854480568,0.500279179,244274,244684,"W","Contig19-10035","W",83759,84169,1.042487658,0.052416492,0
"4329","orf19.135","","Ca21chr6",153.1447422,149.3867975,0.976575272,1.797836183,0.815922279,0.622602521,245503,247878,"W","Contig19-10035","W",84850,87363,1.03009414,0.053603604,0
"4330","orf19.136","","Ca21chr6",2045.943971,1858.70196,0.908481359,0.315451529,0.888746416,0.444520642,250103,248010,"C","Contig19-10035","C",89588,87495,1.06153315,0.048652098,0
"4331","orf19.137","","Ca21chr6",2544.71874,2623.477163,1.030949755,0.251668303,0.979815685,0.909155562,251684,252925,"W","Contig19-10035","W",91169,92410,1.026738385,0.036544233,0
"4332","orf19.138","FIG1","Ca21chr6",163.300812,190.1921626,1.16315355,7.171890551,0.76303541,0.312202439,253239,254036,"W","Contig19-10035","W",92724,93521,1.003260997,0.042459109,0
"4334","orf19.3450.1","","Ca21chr6",552.1819172,574.898443,1.041139568,0.264760509,0.863419734,0.864388021,266917,266178,"C","Contig19-10176","W",128239,128978,0.972767319,0.033791547,0
"4335","orf19.3449.2","","Ca21chr6",1251.543858,806.8724252,0.644701678,0.221251582,0.227249428,0.029119989,267995,267288,"C","Contig19-10176","W",127161,127868,1.067117691,0.104362852,0
"4336","orf19.3449","","Ca21chr6",502.894515,470.8707756,0.93632116,0.140000407,0.855783499,0.545859184,268193,270313,"W","Contig19-10176","C",126963,124843,1.002321012,0.039681253,0
"4337","orf19.3448","","Ca21chr6",3221.174723,2685.163946,0.833597733,0.134544405,0.678957849,0.13187056,272389,272730,"W","Contig19-10176","C",122767,122426,1.012905793,0.073094671,0
"4339","orf19.3446","","Ca21chr6",398.9425958,541.9242871,1.358252,0.526180999,0.803715411,0.044361754,276219,275605,"C","Contig19-10176","W",118937,119551,0.977080287,0.035851299,0
"4340","orf19.3445","HOC1","Ca21chr6",551.0954094,770.94321,1.398928746,0.226317298,0.042739395,0.005005961,276568,277755,"W","Contig19-10176","C",118588,117401,1.014776219,0.054203602,0
"4341","orf19.3444","","Ca21chr6",138.3877844,229.4407972,1.657955564,1.128050257,0.119924513,0.044149152,278862,280892,"W","Contig19-10176","C",116294,114264,1.028263866,0.062110587,0
"4342","orf19.3443","OYE2","Ca21chr6",1246.380222,1580.210519,1.267839855,0.276436829,0.083546039,0.046040118,282365,281154,"C","Contig19-10176","W",112791,114002,1.037891943,0.083412605,0
"4343","orf19.3442","","Ca21chr6",492.1610782,731.839194,1.486991204,0.64115274,0.061162831,0.072547039,284006,282765,"C","Contig19-10176","W",111150,112391,1.036868059,0.038805092,0
"4344","orf19.3441","FRP6","Ca21chr6",3636.9972,3768.997606,1.036293788,0.526455029,0.802437565,0.657247265,285703,284912,"C","Contig19-10176","W",109453,110244,1.040770168,0.046040012,0
"4345","orf19.3440","FRP5","Ca21chr6",479.8610102,211.4063959,0.44055756,0.261713785,0.008334365,0.013119587,288351,287518,"C","Contig19-10176","W",106805,107638,1.039997248,0.052337992,0
"4346","orf19.3439","","Ca21chr6",285.3536671,204.1096763,0.715286677,0.319262142,0.552977975,0.040574735,290450,289497,"C","Contig19-10176","W",104706,105659,0.994081401,0.07711686,0
"4347","orf19.3438","","Ca21chr6",783.1354685,824.144721,1.052365464,0.27892125,0.991567305,0.983483737,293962,292808,"C","Contig19-10176","W",101194,102348,1.023743411,0.05081469,0
"4350","orf19.3435","","Ca21chr6",803.037694,454.2742351,0.565694784,0.155687081,0.41521461,0.067596346,298115,297672,"C","Contig19-10176","W",97041,97484,1.062875209,0.080659891,0
"4351","orf19.3434","","Ca21chr6",447.9428663,261.2541105,0.583385887,0.210005435,0.737159768,0.009790921,301239,298270,"C","Contig19-10176","W",93917,96886,1.010320487,0.043306457,0
"4352","orf19.3433","OYE23","Ca21chr6",860.4660682,973.1858388,1.130998507,1.152100997,0.863270621,0.492391624,304836,306056,"W","Contig19-10176","C",90320,89100,1.034555824,0.11362654,0
"4353","orf19.3432","","Ca21chr6",278.0029974,238.0283743,0.855781351,10.00319803,0.617585016,0.207078387,306758,308398,"W","Contig19-10176","C",88398,86758,1.033974066,0.052540689,0
"4354","orf19.3431","","Ca21chr6",256.8899384,171.4502098,0.667622901,0.25110596,0.774893668,0.051485323,317775,314089,"C","Contig19-10176","W",77381,81067,1.031900331,0.047022539,0
"4355","orf19.3430","","Ca21chr6",1620.374099,1062.676634,0.655821785,0.5071999,0.43639033,0.273673965,319769,320803,"W","Contig19-10176","C",75387,74353,0.970290125,0.039400398,0
"4356","orf19.3429","FGR47","Ca21chr6",102.7023698,73.69475936,0.718014172,0.806733217,0.796351504,0.551688233,324463,321539,"C","Contig19-10176","W",70693,73617,1.007319141,0.031745544,0
"4357","orf19.3428","","Ca21chr6",563.4523269,504.3761916,0.895153268,0.207720404,0.6194023,0.109580195,328521,330002,"W","Contig19-10176","C",66635,65154,1.030914724,0.055436755,0
"4359","orf19.3426","ANB1","Ca21chr6",23094.43407,25208.10823,1.091523099,0.306367014,0.569177058,0.285508206,331257,332450,"W","Contig19-10176","C",63212,62706,0.955519448,0.051101738,0
"4360","orf19.3425","","Ca21chr6",638.9038091,958.4945186,1.500217255,0.431472015,0.03765386,0.026070474,334921,336720,"W","Contig19-10176","C",60235,58436,1.060666884,0.07956286,0
"4361","orf19.3423","TIF3","Ca21chr6",1232.215368,985.2328594,0.799562223,0.635621789,0.980469261,0.933513449,337289,338656,"W","Contig19-10176","C",57867,56500,1.033529055,0.073078034,0
"4362","orf19.3421.1","","Ca21chr6",569.7257282,838.271843,1.471360343,0.557138147,0.639924986,0.230205233,339657,340241,"W","Contig19-10176","C",55499,54915,1.02757949,0.055464728,0
"4363","orf19.3422","FMP27","Ca21chr6",1080.716533,861.9461184,0.797569106,0.212900693,0.498149102,0.103383343,348064,340358,"C","Contig19-10176","W",47092,54798,1.000287497,0.045226187,0
"4364","orf19.3420","","Ca21chr6",786.2907344,1054.334209,1.340896138,0.458462968,0.671297696,0.17083622,348879,348496,"C","Contig19-10176","W",46277,46660,1.057262292,0.085425513,0
"4365","orf19.3419","MAE1","Ca21chr6",1470.878635,1699.641239,1.155527859,0.222609316,0.603537389,0.100039899,350706,352598,"W","Contig19-10176","C",44450,42558,1.02911828,0.059575105,0
"4367","orf19.3417","ACF2","Ca21chr6",263.5960446,328.2942222,1.245289326,0.475042088,0.933135633,0.545068291,354214,356418,"W","Contig19-10176","C",40942,38738,1.04416106,0.067437962,0
"4368","orf19.3415.1","RPL32","Ca21chr6",1248.832017,995.8064576,0.797390237,0.210002972,0.664363343,0.09518552,357012,357849,"W","Contig19-10176","C",38066,37307,0.991175286,0.05993747,0
"4369","orf19.3415","PTK2","Ca21chr6",17852.91422,20874.12554,1.169227907,0.469294919,0.52146669,0.399144217,360612,358174,"C","Contig19-10176","W",34544,36982,1.059503284,0.087688619,0
"4370","orf19.3414","SUR7","Ca21chr6",4144.387674,4512.85417,1.088907343,0.555353716,0.852643195,0.858883452,365076,364264,"C","Contig19-10176","W",30080,30892,1.022471483,0.071265311,0
"4372","orf19.3412","ATG15","Ca21chr6",755.3919573,854.5957154,1.131327528,0.241905988,0.650702479,0.105903061,368297,366504,"C","Contig19-10176","W",26859,28652,1.129747215,0.170907678,0
"4373","orf19.3411","","Ca21chr6",329.4376309,372.2196545,1.129863803,0.387940739,0.643170686,0.459383604,369515,368628,"C","Contig19-10176","W",25641,26528,1.038321581,0.031602844,0
"4374","orf19.3409","SEC12","Ca21chr6",2382.99448,1604.687553,0.673391217,0.322845163,0.293828748,0.178651563,369918,372443,"W","Contig19-10176","C",25238,22713,1.02520971,0.073776309,0
"4375","orf19.3407","","Ca21chr6",180.8103726,194.9528609,1.07821724,1.086206677,0.678011686,0.440157324,372783,373919,"W","Contig19-10176","C",22373,21237,1.033245296,0.061483071,0
"4376","orf19.3406","","Ca21chr6",887.6752812,479.1405403,0.539770061,0.213778785,0.016046487,0.024346529,375610,374207,"C","Contig19-10176","W",19546,20949,1.036811659,0.088907482,0
"4377","orf19.3405","ZCF18","Ca21chr6",268.8352498,359.603999,1.337637082,1.086952014,0.423237761,0.289404037,378225,376633,"C","Contig19-10176","W",16931,18523,1.012299622,0.062313524,0
"4379","orf19.3402","FPG1","Ca21chr6",1311.939709,1375.853463,1.04871699,0.312924134,0.80776824,0.807756768,381748,380563,"C","Contig19-10176","W",13625,14593,1.087721067,0.133600696,0
"4380","orf19.3401","CTA1","Ca21chr6",2362.405655,2344.193652,0.992290908,0.437165699,0.773582418,0.759664398,381908,382564,"W","Contig19-10176","C",13248,12592,1.043937317,0.055163226,0
"4381","orf19.3400","COQ3","Ca21chr6",1593.403538,1879.390301,1.179481692,0.296386446,0.380413762,0.154842731,383593,382610,"C","Contig19-10176","W",11563,12546,1.10363205,0.066042733,0
"4382","orf19.3399","","Ca21chr6",865.9044743,595.1099429,0.68726974,0.450043743,0.627700694,0.257751845,383745,386039,"W","Contig19-10176","C",11411,9117,1.056828106,0.054421451,0
"4383","orf19.3396","HCH1","Ca21chr6",725.6351199,998.4109706,1.375913242,0.842748899,0.445539614,0.319910553,386653,386112,"C","Contig19-10176","W",8503,9044,1.045746619,0.10146251,0
"4384","orf19.3395","","Ca21chr6",919.5946818,894.8946203,0.973140274,0.229892531,0.70293404,0.396265815,388408,386876,"C","Contig19-10176","W",6748,8280,1.055122754,0.082265581,0
"4385","orf19.3394","","Ca21chr6",851.3086848,608.2698541,0.71451151,0.468996964,0.441402642,0.358764154,389358,389987,"W","Contig19-10176","C",5798,5169,1.072571686,0.109282568,0
"4386","orf19.3393","","Ca21chr6",1304.667304,1584.851143,1.214755009,0.571227793,0.692666854,0.237897624,391842,390118,"C","Contig19-10176","W",3314,5038,1.017083059,0.05881444,0
"4387","orf19.3392","DOG1","Ca21chr6",1034.488544,1367.117985,1.321539994,0.390977468,0.534224254,0.056442208,392806,392084,"C","Contig19-10176","W",2350,3072,1.037024515,0.093465896,0
"4388","orf19.684","","Ca21chr6",1551.219747,1305.039627,0.841299003,0.238568539,0.337904883,0.172984063,396286,394739,"C","Contig19-10064","C",66104,64527,0.999579999,0.05379439,0
"4389","orf19.685","YHM1","Ca21chr6",1662.952987,1828.753624,1.09970254,0.135693116,0.919305373,0.334677189,397098,398012,"W","Contig19-10064","W",66865,67778,0.974333233,0.066991808,0
"4390","orf19.686","","Ca21chr6",201.7335321,230.5337994,1.142763907,1.008554523,0.646260359,0.220971932,400699,399104,"C","Contig19-10064","C",70465,68870,1.018147774,0.090403355,0
"4391","orf19.687","","Ca21chr6",25500.69277,24803.43499,0.972657301,0.279155161,0.950202408,0.914427189,400988,402673,"W","Contig19-10064","W",70754,72439,1.020675893,0.051863609,0
"4392","orf19.687.1","RPL25","Ca21chr6",166.5936293,167.6904323,1.006577123,0.471810277,0.758960428,0.384469108,403696,402823,"C","Contig19-10064","C",73462,72589,1.021125366,0.086082324,0
"4393","orf19.688","","Ca21chr6",967.1404947,1207.432858,1.248456521,0.307945714,0.674467058,0.167022196,404702,404055,"C","Contig19-10064","C",74468,73821,1.01673552,0.080438815,0
"4394","orf19.689","PLB1","Ca21chr6",214.1544438,143.8799309,0.672106435,0.179383427,0.762593099,0.011278832,405984,407801,"W","Contig19-10064","W",75750,77567,1.04171936,0.089731189,0
"4396","orf19.691","GPD2","Ca21chr6",13576.91817,15947.04762,1.174570504,0.322578148,0.690322375,0.540465231,412675,411560,"C","Contig19-10064","C",82441,81326,1.04095177,0.118167022,0
"4397","orf19.692","","Ca21chr6",136.9001388,241.5723819,1.764588291,1.409554749,0.161676166,0.024831008,416044,414704,"C","Contig19-10064","C",85113,84469,1.065231257,0.130293058,0
"4398","orf19.3508","","Ca21chr6",1597.985894,1734.989146,1.085734957,0.33849838,0.752442685,0.193119342,417449,416316,"C","Contig19-10181","W",26703,27785,1.025267238,0.086584163,0
"4399","orf19.3507","MCR1","Ca21chr6",9681.94158,12329.68985,1.273472862,0.288292066,0.902175804,0.304777567,418020,418925,"W","Contig19-10181","C",26132,25227,0.981005638,0.060896211,0
"4400","orf19.3506","DBR1","Ca21chr6",100.8337226,72.1833824,0.713506801,26.14995619,0.669282459,0.62627911,419093,420490,"W","Contig19-10181","C",25101,23662,1.009599663,0.079144242,0
"4401","orf19.3505","","Ca21chr6",324.531772,238.4492635,0.734748595,0.643252209,0.825944832,0.670497386,422329,424725,"W","Contig19-10181","C",21895,19427,1.015199515,0.068875081,0
"4403","orf19.3504","RPL23A","Ca21chr6",27064.93512,25688.07709,0.949127606,0.626378361,0.977801824,0.963396076,425969,425041,"C","Contig19-10181","W",18183,19111,0.985251607,0.069869592,0
"4404","orf19.3501","","Ca21chr6",381.8260946,264.3071539,0.692218677,0.139505328,0.439318672,0.003740162,429683,426543,"C","Contig19-10181","W",14469,17609,1.049265162,0.055106658,0
"4405","orf19.3499","","Ca21chr6",269.4654678,730.7720491,2.711932089,0.382450623,0.383941053,0.008101488,434456,434959,"W","Contig19-10181","C",9696,9193,1.053917476,0.025684561,0
"4406","orf19.3498","","Ca21chr6",150.9600086,257.6639622,1.704953555,6.814301757,0.449302345,0.09032044,436421,437512,"W","Contig19-10181","C",7731,6640,0.963017108,0.067695379,0
"4407","orf19.3496","","Ca21chr6",2608.443333,2177.2288,0.834685106,0.340800018,0.273279995,0.310546674,438049,443028,"W","Contig19-10181","C",6103,1088,0.95392308,0.036551837,0
"4408","orf19.3494","CTF5","Ca21chr6",201.1004532,196.4168233,0.976709998,0.297115516,0.781479242,0.605296564,444305,443205,"C","Contig19-10181","W",58,948,1.001489064,0.062848187,0
"4409","orf19.3453","","Ca21chr6",1403.600294,1103.307348,0.786055227,0.359576792,0.590972188,0.108679874,444675,447635,"W","Contig19-10177","W",268,3177,0.995053385,0.049445834,0
"4410","orf19.3455","","Ca21chr6",110.7695391,87.65998203,0.79168607,0.478220435,0.852504242,0.291115602,449123,447762,"C","Contig19-10177","C",4665,3304,0.98577108,0.054990868,0
"4411","orf19.3456","","Ca21chr6",157.1746883,118.4924496,0.754150848,0.380128422,0.788522873,0.194595357,449592,451262,"W","Contig19-10177","W",5134,6804,0.998594603,0.0444798,0
"4412","orf19.3457","SWD3","Ca21chr6",118.4832351,127.1959524,1.072027456,5.650015923,0.96282246,0.930222319,452456,451305,"C","Contig19-10177","C",7998,6847,0.992103472,0.053473854,0
"4413","orf19.3458","","Ca21chr6",129.7518963,205.4494457,1.58340226,0.521906386,0.130498181,0.038900632,453159,453704,"W","Contig19-10177","W",8701,9246,0.979349583,0.047279589,0
"4414","orf19.3459","","Ca21chr6",628.6160779,450.9740678,0.717407785,1.010816259,0.811647274,0.662692606,455539,454319,"C","Contig19-10177","C",11081,9861,1.022088137,0.058781271,0
"4417","orf19.3462","SAR1","Ca21chr6",4547.495829,4442.777251,0.976972254,0.450779245,0.983565607,0.942756856,461502,462232,"W","Contig19-10177","W",17316,17774,0.989691835,0.051653583,0
"4418","orf19.3463","","Ca21chr6",1141.922005,1403.921316,1.229437133,0.239578782,0.507623805,0.071086457,463176,465230,"W","Contig19-10177","W",18718,20772,0.981685855,0.066529304,0
"4419","orf19.3465","RPL10A","Ca21chr6",30363.8456,19494.09813,0.642016772,0.570508769,0.753219637,0.601469564,466025,465372,"C","Contig19-10177","C",21567,20914,0.956473098,0.050304486,0
"4420","orf19.3466","","Ca21chr6",119.2143302,103.0005079,0.864373575,0.330224509,0.898970619,0.372100425,466435,467574,"W","Contig19-10177","W",21977,23116,0.966562872,0.042032589,0
"4421","orf19.3467","","Ca21chr6",194.1022927,191.3325486,0.984040592,16.63170272,0.542283634,0.237164598,470604,467785,"C","Contig19-10177","C",26146,23327,0.99939294,0.049167557,0
"4422","orf19.3468","ALG11","Ca21chr6",907.0574859,599.7070475,0.661156605,0.318004066,0.420293587,0.121938232,472911,471082,"C","Contig19-10177","C",28453,26624,1.00599801,0.066798385,0
"4423","orf19.3469","","Ca21chr6",1229.200732,1012.773205,0.823928248,0.227888497,0.456270502,0.099033091,474249,475436,"W","Contig19-10177","W",29791,30978,1.043625548,0.064212343,0
"4424","orf19.3470","","Ca21chr6",231.6019062,163.7417133,0.707926207,0.453429773,0.653304116,0.210290039,478131,475750,"C","Contig19-10177","C",33673,31292,0.994755571,0.05087055,0
"4426","orf19.3473","","Ca21chr6",261.1311739,293.8760351,1.124598917,11.62807656,0.562511287,0.147348068,479519,481168,"W","Contig19-10177","W",35061,36710,1.047924576,0.068637926,0
"4427","orf19.3474","IPL1","Ca21chr6",422.8702551,389.2361043,0.920462245,0.409925896,0.871916288,0.790284361,482963,481371,"C","Contig19-10177","C",38505,36913,1.020683011,0.036329728,0
"4428","orf19.3475","","Ca21chr6",1567.970779,1352.245881,0.862417782,0.292298073,0.443739275,0.154132814,486570,487130,"W","Contig19-10177","W",42112,42672,0.93377433,0.098788698,0
"4429","orf19.3476","","Ca21chr6",1547.756472,1324.671279,0.855865443,0.178377859,0.658905513,0.082167856,489921,491222,"W","Contig19-10177","W",45463,46764,1.04376033,0.057004456,0
"4430","orf19.3477","","Ca21chr6",651.2224137,557.3329525,0.855825814,0.33161391,0.848613497,0.538281062,492911,491532,"C","Contig19-10177","C",48454,47074,0.981716507,0.033943304,0
"4432","orf19.3478","NIP7","Ca21chr6",1437.064812,2064.087989,1.436322128,0.774709226,0.474835453,0.215231274,493633,494178,"W","Contig19-10177","W",48933,49721,0.983101785,0.066443182,0
"4433","orf19.3480","","Ca21chr6",651.5693772,525.4931622,0.806503775,0.38086487,0.565794049,0.158181476,495792,494341,"C","Contig19-10177","C",51335,49884,0.937586947,0.053166615,0
"4434","orf19.3481","","Ca21chr6",1209.383703,1020.831753,0.844092533,0.23970909,0.609431471,0.110626618,496121,497788,"W","Contig19-10177","W",51664,53331,0.964210663,0.04675385,0
"4435","orf19.3482","","Ca21chr6",1453.063936,1556.806517,1.071395744,0.359034591,0.749974768,0.296947927,499269,500660,"W","Contig19-10177","W",54812,56203,0.991064791,0.054797311,0
"4436","orf19.3483","","Ca21chr6",905.5317645,734.0714615,0.810652359,0.195247524,0.565440062,0.07841991,501608,502825,"W","Contig19-10177","W",57150,58367,0.994328261,0.040728221,0
"4437","orf19.5510","","Ca21chr6",870.7143827,484.3207231,0.556233746,0.263868227,0.205051979,0.016616599,503452,507309,"W","Contig19-10230","W",204,3398,1.030832984,0.065377499,0
"4438","orf19.5513","","Ca21chr6",109.2927293,181.4485261,1.660724124,0.827543783,0.812912231,0.66744339,508241,507381,"C","Contig19-10230","C",4330,3470,0.987293357,0.046176834,0
"4439","orf19.5514","","Ca21chr6",186.4224487,308.7226576,1.656037992,0.936138664,0.060507256,0.068824959,509019,509822,"W","Contig19-10230","W",5108,5911,0.991997982,0.056205869,0
"4440","orf19.5515","","Ca21chr6",400.1410205,593.2970771,1.482719958,0.610961855,0.140501406,0.034193352,510906,509926,"C","Contig19-10230","C",6995,6015,1.020514228,0.04946155,0
"4441","orf19.5516","","Ca21chr6",802.3224848,779.581714,0.971454521,43.76421916,0.534374833,0.351371774,511198,513105,"W","Contig19-10230","W",7287,9194,0.997829609,0.058859971,0
"4442","orf19.5517","","Ca21chr6",1089.56867,1681.025392,1.542835655,1.030286815,0.355989467,0.246992602,514411,515520,"W","Contig19-10230","W",10500,11609,1.000081989,0.050648066,0
"4443","orf19.5518","","Ca21chr6",455.5628146,681.4940392,1.495576077,0.622933056,0.952967841,0.579874805,516545,515805,"C","Contig19-10230","C",12634,11894,1.035037142,0.082260836,0
"4444","orf19.5519","GCV1","Ca21chr6",1442.656653,639.5325963,0.443302011,0.29306742,0.2505549,0.049056712,519054,517870,"C","Contig19-10230","C",15143,13959,1.009691092,0.063266219,0
"4445","orf19.5520","ASG7","Ca21chr6",120.828666,111.6306068,0.92387519,0.180247636,0.882775358,0.301836496,519843,519397,"C","Contig19-10230","C",15932,15486,0.97966548,0.031593535,0
"4446","orf19.5521","ISA1","Ca21chr6",1223.408347,1141.157566,0.932769151,0.295476035,0.771284675,0.41380304,520904,521713,"W","Contig19-10230","W",16993,17802,1.067650457,0.080860533,0
"4447","orf19.5522","","Ca21chr6",388.6876548,803.3027924,2.066705187,0.791991442,0.063762279,0.061281461,522447,521995,"C","Contig19-10230","C",18536,18084,0.985269118,0.037651277,0
"4450","orf19.5525","","Ca21chr6",2693.845122,2765.560546,1.026621955,0.198799405,0.959270684,0.879846578,524631,525677,"W","Contig19-10230","W",20720,21766,1.021727952,0.070817769,0
"4451","orf19.5526","SEC20","Ca21chr6",163.7965877,204.1342389,1.246266737,3.742881259,0.443000194,0.38096061,526727,525729,"C","Contig19-10230","C",22816,21818,1.040308851,0.078146378,0
"4452","orf19.5527","","Ca21chr6",59.97550598,116.6853133,1.942929143,2.433831183,0.550759744,0.107706359,526931,528424,"W","Contig19-10230","W",22954,24513,1.088928396,0.160248168,0
"4453","orf19.5528","MOB1","Ca21chr6",110.8354727,147.5717515,1.33144875,3.334703961,0.325192517,0.184324996,529251,528430,"C","Contig19-10230","C",25340,24519,1.091340617,0.101610658,0
"4454","orf19.5530","NAB3","Ca21chr6",640.4821076,539.9647736,0.843059887,0.185181585,0.893524914,0.441556702,529703,532213,"W","Contig19-10230","W",25792,28302,1.110338834,0.129218413,0
"4455","orf19.5531","CDC37","Ca21chr6",580.676725,464.5272591,0.800033077,0.43652114,0.906315843,0.380515977,533889,532363,"C","Contig19-10230","C",29978,28452,1.026531414,0.056645715,0
"4456","orf19.5532","","Ca21chr6",121.4249488,172.520845,1.420802287,0.372731128,0.561007016,0.067102659,534590,534225,"C","Contig19-10230","C",30679,30314,1.063730978,0.076462149,0
"4457","orf19.5533","","Ca21chr6",440.0445968,315.233677,0.716474952,0.388859666,0.936374698,0.547678451,537435,535138,"C","Contig19-10230","C",33524,31227,1.03428244,0.057423982,0
"4458","orf19.5534","","Ca21chr6",440.9440121,622.6727103,1.412135539,0.393059111,0.096483616,0.014815958,538985,537933,"C","Contig19-10230","C",35074,34022,1.028621806,0.070609375,0
"4459","orf19.5535","","Ca21chr6",555.5114199,537.8513087,0.968209274,0.287054498,0.996402936,0.984714505,540796,539339,"C","Contig19-10230","C",36885,35428,1.065600502,0.073604037,0
"4460","orf19.5536","","Ca21chr6",134.0492367,247.0562162,1.841979055,0.687375953,0.771044064,0.057342992,543461,541743,"C","Contig19-10230","C",39550,37832,1.030804566,0.056823585,0
"4461","orf19.5537","","Ca21chr6",621.6507881,420.6396862,0.676649486,0.280707852,0.092193061,0.036842589,548957,547659,"C","Contig19-10230","C",45151,43748,1.071297352,0.113144426,0
"4462","orf19.5539","","Ca21chr6",147.8818831,190.9041522,1.29092319,1.044847015,0.906005266,0.897090804,552719,553561,"W","Contig19-10230","W",48808,49650,0.958267271,0.081140672,0
"4463","orf19.5541","","Ca21chr6",334.9611126,279.2880619,0.834290066,0.396293218,0.391645354,0.19038393,556040,554106,"C","Contig19-10230","C",52129,50195,1.048244535,0.092379995,0
"4464","orf19.5542","SAP6","Ca21chr6",558.1294058,737.3277776,1.320483854,0.408151044,0.917445805,0.097558184,559567,558311,"C","Contig19-10230","C",55656,54400,1.034218966,0.050275798,0
"4465","orf19.5543","","Ca21chr6",558.1280617,633.734693,1.135464666,1.193640346,0.408391612,0.411247093,563978,561543,"C","Contig19-10230","C",60067,57632,1.041777814,0.085165932,0
"4466","orf19.5544","SAC6","Ca21chr6",2447.002016,3067.804276,1.253699121,0.224310991,0.434126946,0.024515152,564471,566414,"W","Contig19-10230","W",60560,62501,1.088009654,0.092646429,0
"4467","orf19.5547","","Ca21chr6",694.6031247,1104.719218,1.59043226,0.116367303,0.358707298,0.008965314,566751,567074,"W","Contig19-10230","W",62838,63161,1.028166616,0.067022289,0
"4469","orf19.5549","","Ca21chr6",118.1427003,63.63416342,0.54144265,0.315252621,0.45053449,0.251824853,569428,570105,"W","Contig19-10230","W",65515,66192,1.015926687,0.053694812,0
"4470","orf19.5550","MRT4","Ca21chr6",742.9143074,760.7313457,1.023982629,0.346611526,0.954459177,0.942821848,570398,571090,"W","Contig19-10230","W",66485,67177,1.009984627,0.06378466,0
"4471","orf19.5551","MIF2","Ca21chr6",463.558591,403.4939126,0.870426998,0.434294273,0.710313289,0.574126858,573084,571522,"C","Contig19-10230","C",69171,67609,1.051054304,0.065900386,0
"4472","orf19.5552","","Ca21chr6",466.0903351,505.7383981,1.08506519,0.424470683,0.955213363,0.936767944,575657,573450,"C","Contig19-10230","C",71744,69537,1.036175816,0.098828053,0
"4473","orf19.5553","","Ca21chr6",1300.530379,1648.00198,1.267176843,0.695618484,0.380985804,0.526959378,576424,576951,"W","Contig19-10230","W",72511,73038,1.018624429,0.082193504,0
"4474","orf19.5555","","Ca21chr6",187.008046,165.4368318,0.884753587,0.126659258,0.953795755,0.234832081,580595,577200,"C","Contig19-10230","C",76682,73287,1.084417752,0.087452838,0
"4477","orf19.5558","RBF1","Ca21chr6",1221.190878,691.1130602,0.56593369,0.239158805,0.128636072,0.030437859,588152,586548,"C","Contig19-10230","C",84239,82635,1.015204501,0.03101474,0
"4479","orf19.5561","RAV2","Ca21chr6",686.0800902,570.8612627,0.832062132,0.143272458,0.630054236,0.042765091,590479,593712,"W","Contig19-10230","W",86476,89799,0.976480435,0.041061104,0
"4480","orf19.5563","RNH1","Ca21chr6",155.3115017,247.4468619,1.593229472,1.030547825,0.925898623,0.896166793,594426,595127,"W","Contig19-10230","W",90513,93340,1.033490868,0.054501627,0
"4481","orf19.5565","","Ca21chr6",10013.37945,7817.575833,0.780713032,0.183816438,0.470230266,0.030380126,598758,597694,"C","Contig19-10230","C",94845,93781,1.030418132,0.061395166,0
"4482","orf19.5566","","Ca21chr6",311.3836104,266.6515001,0.856344044,0.939136597,0.91698777,0.811495939,601332,599971,"C","Contig19-10230","C",97419,96058,1.023112586,0.048832248,0
"4485","orf19.5569","","Ca21chr6",1637.248911,1578.171955,0.963916937,0.250770161,0.967466385,0.935159682,603842,606523,"W","Contig19-10230","W",99929,102610,1.001485513,0.05715056,0
"4486","orf19.5572","","Ca21chr6",241.7849962,326.7038799,1.351905833,2.420198422,0.919381171,0.875761063,608019,606721,"C","Contig19-10230","C",104106,102808,0.992761118,0.046819736,0
"4488","orf19.5574","","Ca21chr6",131.672988,220.4833586,1.669403322,53.18240067,0.393943836,0.132430109,610556,611752,"W","Contig19-10230","W",106643,107839,1.038815463,0.081243516,0
"4489","orf19.5575","","Ca21chr6",320.1814595,237.4144046,0.741113761,4.392436963,0.899359331,0.75824944,613501,611882,"C","Contig19-10230","C",109588,107969,1.013475428,0.061101675,0
"4490","orf19.5576","","Ca21chr6",2022.204359,1879.39351,0.929378627,0.276728566,0.870780952,0.675876851,616211,614547,"C","Contig19-10230","C",111927,110634,1.012385858,0.062432424,0
"4491","orf19.5578","","Ca21chr6",464.022158,327.6985242,0.706318579,0.145602413,0.836860036,0.009477088,618073,619764,"W","Contig19-10230","W",114161,115852,1.040740168,0.044367438,0
"4492","orf19.5579","","Ca21chr6",102.5050887,131.368794,1.281126052,0.439949682,0.979714726,0.90281428,621078,620272,"C","Contig19-10230","C",117166,116360,0.988355149,0.052939718,0
"4493","orf19.5580","","Ca21chr6",520.379579,462.4595369,0.888696551,0.347377737,0.823418915,0.651690757,621290,629911,"W","Contig19-10230","W",117378,125999,1.002660597,0.064330273,0
"4494","orf19.5584","PEP3","Ca21chr6",567.3623768,688.6452984,1.213766239,1.635421835,0.739937835,0.300441884,630611,633043,"W","Contig19-10230","W",126699,129131,0.986415016,0.009598324,0
"4495","orf19.5585","SAP5","Ca21chr6",75.75449986,129.6444607,1.70981471,1.173434212,0.635175247,0.074473844,635336,636592,"W","Contig19-10230","W",131424,132680,1.066067546,0.087189777,0
"4496","orf19.5586","","Ca21chr6",871.5817373,567.8164032,0.651478087,0.255240757,0.529990193,0.059322274,640365,637417,"C","Contig19-10230","C",136453,133505,1.024518831,0.049705926,0
"4497","orf19.5587","","Ca21chr6",590.7317132,728.141817,1.232262334,61.87285486,0.375807088,0.225677796,641999,640599,"C","Contig19-10230","C",138087,136687,1.061455478,0.107679501,0
"4498","orf19.5588","PGA60","Ca21chr6",166.3466884,119.9131549,0.722143207,0.560754407,0.883558048,0.539270682,643694,645919,"W","Contig19-10230","W",139710,142007,1.031853457,0.085163469,0
"4500","orf19.5591","ADO1","Ca21chr6",2184.310472,2912.569593,1.333404582,0.237059179,0.321498369,0.008891168,647819,646776,"C","Contig19-10230","C",143994,142864,1.011115577,0.07514149,0
"4501","orf19.5592","","Ca21chr6",294.8242533,286.0496129,0.970803034,0.498180284,0.806469183,0.515629179,648633,650654,"W","Contig19-10230","W",144721,146744,1.068955934,0.035831596,0
"4502","orf19.5595","SHE3","Ca21chr6",241.0663601,218.2497395,0.90541668,0.308031612,0.938567855,0.473782873,652332,653891,"W","Contig19-10230","W",148422,149981,0.996743122,0.043465349,0
"4504","orf19.5597","POL5","Ca21chr6",134.8722129,56.40077863,0.420131685,0.726962476,0.544271535,0.169798264,655323,658490,"W","Contig19-10230","W",151413,154264,1.016813333,0.062523135,0
"4505","orf19.5599","MDL2","Ca21chr6",348.6032021,306.7124785,0.879832648,0.876379226,0.954889339,0.936051819,661595,659244,"C","Contig19-10230","C",157686,155332,1.041364223,0.084580416,0
"4506","orf19.5601","","Ca21chr6",364.9573262,480.5118226,1.31662468,0.306609692,0.041542462,0.035406294,663171,661948,"C","Contig19-10230","C",159262,158039,1.069180218,0.104643113,0
"4507","orf19.5602","BMT6","Ca21chr6",5441.579197,4093.031727,0.752177186,0.444795816,0.720261753,0.375542122,665322,663382,"C","Contig19-10230","C",161413,159473,1.078609645,0.11747307,0
"4508","orf19.5604","MDR1","Ca21chr6",163.2844027,231.0087057,1.413917859,28.43954763,0.822566085,0.767305014,668242,666548,"C","Contig19-10230","C",164333,162639,1.086096865,0.119990158,0
"4509","orf19.5605","","Ca21chr6",2149.535774,1617.585962,0.752528049,0.352931103,0.111330924,0.181802438,672439,669449,"C","Contig19-10230","C",168530,165540,1.110345091,0.162445135,0
"4510","orf19.5606","","Ca21chr6",215.2429707,225.2176576,1.046341522,0.280317146,0.846459256,0.809390382,673310,672990,"C","Contig19-10230","C",169401,169081,1.032160028,0.097907233,0
"4511","orf19.5607","","Ca21chr6",2057.035734,1758.185514,0.854718022,0.325723268,0.537522209,0.250785622,674328,675269,"W","Contig19-10230","W",170419,171360,0.994598849,0.056477432,0
"4512","orf19.5608","","Ca21chr6",318.991242,367.427419,1.151841714,0.418203053,0.788456161,0.265853784,676416,675424,"C","Contig19-10230","C",172507,171515,0.999257618,0.04364417,0
"4513","orf19.5609","","Ca21chr6",207.331122,228.8339869,1.103629369,0.721635179,0.87828125,0.304851054,676630,677715,"W","Contig19-10230","W",172721,173806,1.014975177,0.068075161,0
"4514","orf19.5610","ARG3","Ca21chr6",360.0745817,444.2343372,1.234083194,0.945428102,0.902172714,0.692271501,678124,679161,"W","Contig19-10230","W",174215,175252,0.996278289,0.044462365,0
"4515","orf19.5611","","Ca21chr6",420.8081681,210.363902,0.499904512,0.506639328,0.284858619,0.187446626,679563,680594,"W","Contig19-10230","W",175654,176685,0.999018523,0.051069095,0
"4516","orf19.5612","BMT4","Ca21chr6",881.1173226,801.4447517,0.909594896,0.136217812,0.946547228,0.157620046,682872,685241,"W","Contig19-10230","W",178963,181332,1.027336701,0.036052275,0
"4517","orf19.5614","","Ca21chr6",1642.569195,3714.232482,2.261233495,1.522250939,0.30541898,0.163860202,685914,686771,"W","Contig19-10230","W",182005,182862,1.067911184,0.107565229,0
"4518","orf19.5615","AYR2","Ca21chr6",4650.404989,4929.780364,1.060075493,0.266609348,0.730504611,0.467962455,687829,686936,"C","Contig19-10230","C",183920,183027,1.017066022,0.023727383,0
"4520","orf19.5617","","Ca21chr6",516.2111829,451.6475882,0.87464555,31.54827681,0.678019996,0.558710236,689479,690918,"W","Contig19-10230","W",185570,187009,1.065114513,0.103733141,0
"4521","orf19.5618","","Ca21chr6",909.7001048,883.5779553,0.971284878,0.30726979,0.646425267,0.588565714,692998,691040,"C","Contig19-10230","C",189089,187131,0.955323811,0.071528942,0
"4522","orf19.5619","","Ca21chr6",393.8631709,454.5170085,1.153997231,0.237469389,0.70931738,0.379114889,693815,695932,"W","Contig19-10230","W",189906,192023,1.01602562,0.094285691,0
"4523","orf19.5620","","Ca21chr6",3747.53437,7325.066215,1.954636166,0.876989079,0.093523556,0.048077662,696408,697337,"W","Contig19-10230","W",192499,193428,1.042793383,0.057398534,0
"4524","orf19.5621","","Ca21chr6",285.4057707,168.2484297,0.589162005,18.90444808,0.888224957,0.849930189,700043,697278,"C","Contig19-10230","C",196134,193369,0.985723131,0.043014669,0
"4525","orf19.5622","GLC3","Ca21chr6",2932.614988,3122.754226,1.064836073,0.444469646,0.964798138,0.907055779,702416,700362,"C","Contig19-10230","C",198508,196453,1.018098532,0.04477817,0
"4526","orf19.5623","ARP4","Ca21chr6",931.7026081,832.9619953,0.894078163,0.134910069,0.978611969,0.369345114,704853,703444,"C","Contig19-10230","C",200945,199536,1.028063818,0.033135936,0
"4527","orf19.5625","","Ca21chr6",155.9035518,183.097323,1.174426887,0.603423247,0.527080529,0.613489131,705675,705142,"C","Contig19-10230","C",201767,201234,1.038397615,0.066717536,0
"4528","orf19.5626","","Ca21chr6",4209.004777,4886.348431,1.160927272,0.318454854,0.845008787,0.316201218,710237,711466,"W","Contig19-10230","W",206329,207558,1.011248284,0.042211424,0
"4529","orf19.5627","","Ca21chr6",1047.344398,1295.655207,1.23708611,0.823796421,0.522955078,0.146985885,712332,713438,"W","Contig19-10230","W",208424,209530,0.961838558,0.081537621,0
"4530","orf19.5628","","Ca21chr6",344.4642344,436.0849586,1.265980369,0.145297835,0.030584195,0.002485821,714650,715699,"W","Contig19-10230","W",210742,211791,0.990653459,0.066498743,0
"4531","orf19.5629","QCR7","Ca21chr6",5407.345203,8701.727429,1.609242078,0.449019253,0.026755371,0.004656358,716405,716022,"C","Contig19-10230","C",212497,212114,0.971654388,0.06200884,0
"4532","orf19.5630","APA2","Ca21chr6",353.2375153,337.7204021,0.956071729,0.49714642,0.867918674,0.826349167,717762,716662,"C","Contig19-10230","C",213854,212754,0.980718577,0.069060633,0
"4534","orf19.5702","","Ca21chr6",377.5730499,315.8791559,0.836604085,0.447847652,0.869879476,0.729295273,725138,720336,"C","Contig19-10233","C",5888,1086,1.007492727,0.043535725,0
"4535","orf19.5704","","Ca21chr6",655.7317534,636.1164831,0.970086441,0.184661048,0.869677842,0.599106412,725539,727845,"W","Contig19-10233","W",6289,8595,1.057205921,0.089252708,0
"4536","orf19.5705","NAM2","Ca21chr6",274.4527927,235.4531718,0.857986681,0.521950311,0.94998351,0.697150253,730537,727952,"C","Contig19-10233","C",11476,8702,1.019848588,0.073355762,0
"4537","orf19.5710","","Ca21chr6",1417.929889,1247.366956,0.879709896,0.240485549,0.633861793,0.319471966,731023,734508,"W","Contig19-10233","W",11773,15258,1.074756933,0.114491028,0
"4538","orf19.5711","","Ca21chr6",399.5277965,450.0657639,1.126024515,29.8848187,0.528919579,0.357644002,737504,739369,"W","Contig19-10233","W",18254,20119,1.041262153,0.092247162,0
"4539","orf19.5713","YMX6","Ca21chr6",204.9075299,350.1987198,1.708481088,1.333259199,0.671931952,0.073493823,740062,741930,"W","Contig19-10233","W",20812,22680,1.018997369,0.04043165,0
"4541","orf19.5716","SAP4","Ca21chr6",719.0127997,863.0461244,1.200320947,0.375265406,0.813703438,0.28712969,746383,745130,"C","Contig19-10233","C",27133,25880,1.039846351,0.067939957,0
"4543","orf19.5718","","Ca21chr6",528.5624355,559.9155008,1.059317619,0.084815343,0.638660215,0.105889581,750781,748346,"C","Contig19-10233","C",31531,29096,1.026254742,0.153425993,0
"4544","orf19.5720","","Ca21chr6",1282.132512,1609.12163,1.255035353,0.33743752,0.146105443,0.116296348,752525,753922,"W","Contig19-10233","W",33275,34672,1.053847905,0.093425348,0
"4545","orf19.5722","","Ca21chr6",185.0826573,149.8120601,0.809775861,0.378976147,0.825932817,0.248641849,755643,754024,"C","Contig19-10233","C",36393,34774,1.063381366,0.043938401,0
"4546","orf19.5723","POX1","Ca21chr6",1088.221867,1017.763711,0.935253869,0.165752899,0.588824121,0.42125148,756971,758962,"W","Contig19-10233","W",37721,39712,1.043784511,0.087273671,0
"4548","orf19.5725","","Ca21chr6",149.8096483,176.5593405,1.178359444,0.441108413,0.962888296,0.691450011,760117,762198,"W","Contig19-10233","W",40867,42948,1.011905603,0.055394429,0
"4549","orf19.5727","","Ca21chr6",2004.066354,2784.508787,1.389429438,0.334829237,0.360487023,0.099204015,762899,762210,"C","Contig19-10233","C",43649,42960,1.038758044,0.106700461,0
"4552","orf19.5730","","Ca21chr6",472.325919,491.4761109,1.040544444,0.323948179,0.813375358,0.571675123,771412,769871,"C","Contig19-10233","C",52163,50622,1.055199564,0.137697804,0
"4554","orf19.5732","NOG2","Ca21chr6",2018.29437,1622.269128,0.803782219,0.182447338,0.289415833,0.047747164,772990,775192,"W","Contig19-10233","W",53741,55943,0.974044851,0.049629823,0
"4555","orf19.5734","","Ca21chr6",1188.724249,1243.324808,1.045932065,0.381883757,0.812935991,0.345014064,776769,775291,"C","Contig19-10233","C",57520,56042,1.046421011,0.04242567,0
"4556","orf19.5735","CDC50","Ca21chr6",1031.250974,905.7574951,0.878309469,1.1462185,0.546251428,0.309539254,778263,777073,"C","Contig19-10233","C",59014,57824,1.029749146,0.049921016,0
"4557","orf19.5736","ALS5","Ca21chr6",134.4556384,114.4591591,0.852517805,0.394274532,0.469342577,0.270774837,782616,786659,"W","Contig19-10233","W",63367,67410,1.022175213,0.098982719,0
"4559","orf19.5742","ALS9","Ca21chr6",307.3483927,244.9478259,0.796971228,0.199803478,0.428888158,0.115595427,798023,803695,"W","Contig19-10233","W",78774,84445,1.044019131,0.137301125,0
"4560","orf19.5746","ALA1","Ca21chr6",6251.626612,5305.04843,0.848586897,0.31170582,0.390008474,0.172583796,804378,807287,"W","Contig19-10233","W",85128,88037,0.996420881,0.077794229,0
"4561","orf19.5747","","Ca21chr6",1259.873658,1058.097179,0.839843878,0.275810903,0.571255473,0.110306777,808842,807460,"C","Contig19-10233","C",89592,88210,0.979890864,0.067796994,0
"4563","orf19.5749","SBA1","Ca21chr6",6614.057715,7180.74135,1.085678665,0.599730267,0.715137916,0.621187542,810326,809661,"C","Contig19-10233","C",91076,90411,1.005756249,0.018732646,0
"4564","orf19.5750","SHM2","Ca21chr6",11193.74882,7873.745069,0.703405552,0.301902704,0.203868651,0.084322216,812212,810800,"C","Contig19-10233","C",92962,91550,1.012619146,0.069316017,0
"4566","orf19.5752","","Ca21chr6",1164.914491,1231.063203,1.056784179,0.547854475,0.942205675,0.803613,817145,815232,"C","Contig19-10233","C",97895,95982,1.021368269,0.047444459,0
"4567","orf19.5753","HGT10","Ca21chr6",2813.166642,3284.675775,1.167607964,0.390935735,0.647315119,0.279110602,819168,817528,"C","Contig19-10233","C",99918,98278,1.029731435,0.097394428,0
"4568","orf19.5754","","Ca21chr6",811.166313,889.1923003,1.096189876,0.447065461,0.733461498,0.685984414,824678,822828,"C","Contig19-10233","C",105428,103578,0.988874248,0.044578701,0
"4569","orf19.5755","","Ca21chr6",195.9139565,254.651796,1.299814472,0.73073965,0.863835679,0.842140555,826857,828194,"W","Contig19-10233","W",107607,108944,1.026740837,0.055662854,0
"4570","orf19.5757","","Ca21chr6",1134.853827,1089.288565,0.959849224,0.317930471,0.679356685,0.312639074,829270,828320,"C","Contig19-10233","C",110020,109070,1.033803175,0.090441074,0
"4571","orf19.5758","SAL6","Ca21chr6",2663.191538,3461.150327,1.299625009,0.54737293,0.551792761,0.19947509,830292,832007,"W","Contig19-10233","W",111042,112757,0.971512837,0.04502553,0
"4572","orf19.5759","SNQ2","Ca21chr6",1403.17704,1572.543947,1.120702451,0.435589588,0.461598294,0.406230727,836962,832475,"C","Contig19-10233","C",117712,113225,1.011359351,0.057148702,0
"4573","orf19.5760","IHD1","Ca21chr6",2924.252187,2100.370065,0.718258868,0.871378107,0.777178629,0.436275987,839640,838462,"C","Contig19-10233","C",120390,119212,1.051680856,0.121487033,0
"4575","orf19.5763","","Ca21chr6",576.7829938,663.99408,1.151202596,0.634160754,0.518088875,0.618742554,844153,844935,"W","Contig19-10233","W",124903,125685,1.053164034,0.139208276,0
"4576","orf19.5764","SKI8","Ca21chr6",575.8988653,649.1074204,1.127120506,0.374181529,0.626671526,0.577848303,846141,844987,"C","Contig19-10233","C",126891,125737,1.029175903,0.114541095,0
"4577","orf19.5765","","Ca21chr6",540.5489974,557.4900512,1.031340459,0.248723955,0.823741276,0.46932745,846348,848744,"W","Contig19-10233","W",127098,129494,1.01254084,0.051513795,0
"4578","orf19.5767","","Ca21chr6",337.6634624,449.379002,1.330848765,0.503908659,0.610989952,0.062643888,849610,848759,"C","Contig19-10233","C",130360,129509,1.008061273,0.05732885,0
"4579","orf19.5768","SNF4","Ca21chr6",864.3028712,1102.086091,1.275115619,0.750600608,0.489137095,0.217205951,849949,850959,"W","Contig19-10233","W",130699,131709,1.026909841,0.054307255,0
"4580","orf19.5770","OPT8","Ca21chr6",307.9386944,262.0252649,0.850900746,0.138749873,0.362640244,0.068228179,851416,853572,"W","Contig19-10233","W",132166,134322,1.054229442,0.136703336,0
"4581","orf19.5771","PBP2","Ca21chr6",1513.753694,1203.04917,0.794745655,0.677843674,0.799474038,0.595109104,855456,853867,"C","Contig19-10233","C",136206,134617,1.043939336,0.09478894,0
"4582","orf19.5772","","Ca21chr6",299.0421176,362.9882836,1.213836655,0.68462036,0.339598041,0.436986935,856798,855782,"C","Contig19-10233","C",137548,136532,1.007130057,0.050262607,0
"4583","orf19.5773","","Ca21chr6",3913.50232,3074.248406,0.785549146,0.43835256,0.752790923,0.523330051,857571,859673,"W","Contig19-10233","W",138321,140423,1.036128826,0.090733787,0
"4584","orf19.5775","","Ca21chr6",1490.858616,1457.552795,0.977659974,0.339135125,0.978584891,0.966133228,864779,863241,"C","Contig19-10233","C",145529,143991,1.101099196,0.105461322,0
"4585","orf19.1221","ALG2","Ca21chr6",365.2496012,514.8913574,1.409697248,0.513403733,0.109801866,0.106924225,876484,877821,"W","Contig19-10101","C",18314,17028,0.970131939,0.038408939,0
"4586","orf19.1220","RVS167","Ca21chr6",4537.002979,4901.154195,1.080262503,0.474636668,0.962746849,0.916243546,879364,878042,"C","Contig19-10101","W",15383,16807,1.012146977,0.042469612,0
"4588","orf19.1217","","Ca21chr6",1863.736876,1926.74062,1.033805064,0.154095354,0.839508357,0.741370771,881560,884196,"W","Contig19-10101","C",13289,10653,0.959740909,0.054668437,0
"4590","orf19.1214","","Ca21chr6",1344.785242,1476.688852,1.09808526,0.579690383,0.90494922,0.800093624,886677,888020,"W","Contig19-10101","C",8172,6829,0.992045006,0.0451544,0
"4591","orf19.1212","","Ca21chr6",2516.390674,2551.37417,1.013902251,0.529294723,0.883402245,0.441947473,890242,891648,"W","Contig19-10101","C",4607,3201,0.988180743,0.024407453,0
"4592","orf19.1210","","Ca21chr6",461.8584097,440.4322502,0.953608814,1.21758522,0.867259163,0.741153201,892798,894330,"W","Contig19-10101","C",2051,519,1.043791337,0.088742245,0
"4594","orf19.4555","ALS4","Ca21chr6",3082.413204,1408.560544,0.456966815,0.257056016,0.007264902,0.012658049,904976,898674,"C","Contig19-2201","W",7312,13615,1.063319944,0.171317961,0
"4595","orf19.4553","","Ca21chr6",421.6715597,283.3669881,0.672138363,0.167981397,0.838096026,0.024283865,910392,908224,"C","Contig19-2201","W",1899,4064,1.018915137,0.032140512,0
"4596","orf19.77.1","","Ca21chr6",151.4277609,191.2903172,1.263244705,0.4762843,0.304236104,0.314174564,911948,912199,"W","Contig19-10031","C",9753,9520,1.029777985,0.135201133,0
"4597","orf19.76","SPB1","Ca21chr6",2006.839474,1888.463128,0.941013545,0.158024405,0.4655801,0.341243412,916324,913787,"C","Contig19-10031","W",5459,7996,0.966001972,0.036536807,0
"4599","orf19.73","","Ca21chr6",276.5680666,233.7773027,0.845279448,0.405682045,0.360046529,0.180281747,920465,923449,"W","Contig19-10031","C",1317,1,0.957185449,0.035446099,0
"4600","orf19.1075","","Ca21chr6",285.8846183,285.8279106,0.999801988,0.137789471,0.998730824,0.956050707,924998,923865,"C","Contig19-10090","C",1422,340,0.946536575,0.100938584,0
"4601","orf19.1077","ATM1","Ca21chr6",281.7349678,329.7114188,1.170779846,0.814468088,0.864600608,0.64463529,930521,928269,"C","Contig19-10090","C",6945,4693,0.978830627,0.044872102,0
"4602","orf19.1078","HBR2","Ca21chr6",4491.855574,3816.101651,0.849560185,0.224228791,0.135948453,0.168302161,932489,931212,"C","Contig19-10090","C",8912,7636,0.973085242,0.038786163,0
"4604","orf19.1082.1","","Ca21chr6",8772.499236,9824.506193,1.119921009,0.515849504,0.649612662,0.186738195,937165,937416,"W","Contig19-10090","W",13588,13839,1.019093,0.132855642,0
"4605","orf19.1083","","Ca21chr6",281.9991407,505.6370905,1.793044792,0.733865439,0.228152329,0.151484877,938440,937757,"C","Contig19-10090","C",14863,14180,0.96430498,0.042233593,0
"4606","orf19.1084","CDC39","Ca21chr6",978.957028,1274.03813,1.301423958,0.162539381,0.467273251,0.001661988,940096,946146,"W","Contig19-10090","W",16519,22569,0.997189612,0.054339262,0
"4607","orf19.1085","","Ca21chr6",510.464056,607.9541961,1.190983359,0.167623048,0.381137143,0.047574148,946663,947361,"W","Contig19-10090","W",23086,23784,1.022215945,0.057861284,0
"4608","orf19.1086","","Ca21chr6",2923.937651,2480.293792,0.848271779,0.35706726,0.385115601,0.449809644,948405,950273,"W","Contig19-10090","W",24828,26696,0.966698062,0.042126436,0
"4609","orf19.1087","","Ca21chr6",135.6096266,133.3309353,0.983237887,1.251117258,0.91218882,0.707536478,950736,953156,"W","Contig19-10090","W",27129,29579,0.961184689,0.04452659,0
"4610","orf19.1089","PEX11","Ca21chr6",2450.42648,2534.317719,1.034235362,0.214221824,0.952580687,0.658590213,953697,954434,"W","Contig19-10090","W",30120,30857,0.974589556,0.059822387,0
"4611","orf19.1090","","Ca21chr6",375.0156028,366.523235,0.977354628,0.255725415,0.79233498,0.754239152,954968,954621,"C","Contig19-10090","C",31391,31044,0.999435373,0.058342419,0
"4612","orf19.1091","","Ca21chr6",940.7760786,574.034129,0.610062761,0.405865306,0.661595991,0.068211083,955195,957267,"W","Contig19-10090","W",31618,33690,0.954761384,0.036912799,0
"4613","orf19.1092","","Ca21chr6",245.3534214,214.7788819,0.875385722,1.141331134,0.950926305,0.909169934,957611,959170,"W","Contig19-10090","W",34034,35593,0.964693705,0.030809596,0
"4614","orf19.1093","FLO8","Ca21chr6",618.022201,392.9707775,0.635852202,0.283702737,0.079754344,0.05501552,962185,959807,"C","Contig19-10090","C",38683,36230,1.050926494,0.081116031,0
"4615","orf19.1095","","Ca21chr6",298.7236425,467.6292866,1.565424426,0.651137629,0.059820678,0.053000056,965793,964642,"C","Contig19-10090","C",42216,41065,0.967919072,0.037979232,0
"4616","orf19.1096","","Ca21chr6",355.4952442,295.956674,0.832519362,0.281176376,0.638501694,0.308738025,966081,968720,"W","Contig19-10090","W",42504,45143,0.975479578,0.022375795,0
"4617","orf19.1097","ALS2","Ca21chr6",1488.786853,1347.24015,0.904924803,0.719235206,0.66180105,0.443191438,971454,978542,"W","Contig19-10090","W",47877,55301,1.076525217,0.309374682,0
"4618","orf19.2124","","Ca21chr6",434.7285339,634.5139713,1.459563663,1.446320343,0.325711056,0.037054223,985627,984557,"C","Contig19-10140","C",10351,9281,1.029515476,0.237293317,0
"4619","orf19.2125","","Ca21chr6",729.1402599,964.7951324,1.322893143,27.48213985,0.485937321,0.191128101,986080,986535,"W","Contig19-10140","W",10804,11262,1.020486014,0.076699911,0
"4620","orf19.2127","","Ca21chr6",1103.869406,1319.58816,1.195420539,0.693982007,0.512736279,0.445063855,987902,989053,"W","Contig19-10140","W",13430,13777,1.089928377,0.147612905,0
"4621","orf19.2129","","Ca21chr6",377.19894,323.6574538,0.858055046,0.447171705,0.881276755,0.816839151,991538,989037,"C","Contig19-10140","C",16262,13761,1.062219652,0.134211538,0
"4622","orf19.2128","","Ca21chr6",232.327946,203.6241661,0.876451454,0.203141836,0.61863713,0.125760561,991541,992731,"W","Contig19-10140","W",16244,17455,1.027673764,0.06555505,0
"4623","orf19.2131","","Ca21chr6",810.3155492,850.0300777,1.049011189,0.33014947,0.657702797,0.519977581,995441,993111,"C","Contig19-10140","C",20165,17835,1.021668444,0.094801014,0
"4624","orf19.2132","","Ca21chr6",93.96004155,173.8694127,1.850461215,0.122241952,0.211095815,0.003882057,996225,995524,"C","Contig19-10140","C",20949,20248,1.06926099,0.167180209,0
"4626","orf19.2135","TSM1","Ca21chr6",1104.226997,997.2091629,0.903083484,0.289328399,0.838372239,0.343370313,1003738,999461,"C","Contig19-10140","C",28463,24185,1.040355266,0.121909544,0
"4628","orf19.2138","ILS1","Ca21chr6",2754.52339,3245.47068,1.178233117,0.31352898,0.381900212,0.115481202,1005464,1008730,"W","Contig19-10140","W",30189,33455,1.016230103,0.107715424,0
"4629","orf19.2143","","Ca21chr6",552.8530436,528.6184952,0.956164575,0.239418894,0.87511979,0.618153674,1011582,1008739,"C","Contig19-10140","C",36307,33464,1.044031005,0.144102982,0
"4630","orf19.2146","","Ca21chr6",1849.512777,1798.643687,0.972495951,0.270590048,0.853447585,0.820442006,1013409,1012261,"C","Contig19-10140","C",38134,36986,1.021771724,0.145318521,0
"4631","orf19.2149","","Ca21chr6",423.1785506,384.2968132,0.908119782,0.147054982,0.579243932,0.246951929,1015748,1013475,"C","Contig19-10140","C",40473,38200,1.074528036,0.209182337,0
"4632","orf19.2150","","Ca21chr6",2835.137213,3522.726079,1.242524017,0.365905965,0.571863559,0.155674692,1015905,1016894,"W","Contig19-10140","W",40630,41619,1.000907493,0.090637922,0
"4633","orf19.2151","NAG6","Ca21chr6",4037.873676,3402.644151,0.84268217,0.395748126,0.298750978,0.448955164,1016993,1019365,"W","Contig19-10140","W",41718,44090,1.057825025,0.166129125,0
"4634","orf19.2154","HXK1","Ca21chr6",381.2351863,415.5293472,1.089955393,0.333892777,0.980011833,0.951473454,1019511,1020992,"W","Contig19-10140","W",44236,45717,1.107720185,0.19457438,0
"4635","orf19.2156","NAG1","Ca21chr6",2315.722525,2397.270449,1.035214894,0.364098483,0.924327478,0.738964669,1021981,1021235,"C","Contig19-10140","C",46508,45960,1.072351427,0.203402803,0
"4636","orf19.2157","DAC1","Ca21chr6",1124.052195,1313.134339,1.168214737,0.166897027,0.688873196,0.018232904,1022223,1023464,"W","Contig19-10140","W",46949,48190,1.066480172,0.17283041,0
"4637","orf19.2158","NAG3","Ca21chr6",1461.57725,1119.867359,0.7662047,0.617202204,0.245427999,0.292029438,1025158,1023473,"C","Contig19-10140","C",49883,48199,1.094502585,0.22619884,0
"4638","orf19.2160","NAG4","Ca21chr6",185.1514636,99.15627952,0.536441594,0.551792491,0.165707476,0.22510403,1027113,1025368,"C","Contig19-10140","C",51838,50093,1.124863544,0.212663902,0
"4639","orf19.2163","","Ca21chr6",1731.79372,1764.460921,1.018863217,0.357162068,0.980120979,0.956196952,1028818,1031331,"W","Contig19-10140","W",53543,56056,1.150218938,0.297744086,0
"4226","orf19.1178","","Ca21chr6",1.373109682,17.28036952,1,15.04399883,0.256148667,0.223737682,21525,20920,"C","Contig19-10099","C",1322,717,1.054334998,0.192327288,1
"4230","orf19.1181","","Ca21chr6",36.50972064,30.25431702,1,1.487906279,0.973964166,0.902384445,24885,25973,"W","Contig19-10099","W",4629,5717,1.108476187,0.19169361,1
"4245","orf19.1200","","Ca21chr6",51.52712089,89.16631451,1,5.130913159,0.44570207,0.063747707,67495,66500,"C","Contig19-10099","C",47239,46244,1.012663433,0.038137425,1
"4251","orf19.4215","FET34","Ca21chr6",41.48513055,50.25322849,1,6.97109438,0.635917505,0.312651478,78587,76710,"C","Contig19-10201","W",40905,41357,1.028783489,0.005793386,1
"4252","orf19.4214","","Ca21chr6",0,12.5689112,1,20.94175903,0.502229505,0.502229505,79373,78972,"C","Contig19-10201","W",40170,40520,1.043215375,0.075594618,1
"4253","orf19.4213","FET31","Ca21chr6",56.08999082,66.56463579,1,0.910897004,0.889692381,0.323497676,82105,80231,"C","Contig19-10201","W",37438,39312,1.060706963,0.117401902,1
"4264","orf19.4200","","Ca21chr6",0,41.63765683,1,71.54118686,0.422649731,0.422649731,107404,107763,"W","Contig19-10201","C",12139,11780,1.077515284,0.091633779,1
"4267","orf19.4196","","Ca21chr6",58.00230219,45.42483789,1,0.419879823,0.502475798,0.368338024,111554,111222,"C","Contig19-10201","W",7989,8321,0.998640303,0.053074842,1
"4268","orf19.4195.1","FCA1","Ca21chr6",10.55728271,31.61212557,1,4.245871553,0.522150626,0.407071618,112307,112829,"W","Contig19-10201","C",7236,6714,1.02809799,0.107641074,1
"4274","orf19.3660","","Ca21chr6",4.403584752,13.51793132,1,5.206958564,0.405022039,0.134548052,119503,121029,"W","Contig19-10185","C",42358,41273,1.028425139,0.027650757,1
"4278","orf19.3655","","Ca21chr6",0,0,1,0,NA,NA,126597,128513,"W","Contig19-10185","C",35756,33840,1.028179813,0.089435182,1
"4295","orf19.91","","Ca21chr6",58.32337988,93.31801998,1,0.680895623,0.935092962,0.831360929,177896,176997,"C","Contig19-10035","C",17379,16480,1.013706495,0.053331022,1
"4299","orf19.95","","Ca21chr6",61.90314979,64.50256092,1,1.108493064,0.850835157,0.816851602,185701,184811,"C","Contig19-10035","C",25184,24294,1.051989278,0.048070822,1
"4306","orf19.103","KAR5","Ca21chr6",38.89383089,25.42229894,1,8.597872633,0.83858131,0.690720697,198735,199112,"W","Contig19-10035","W",38185,38595,0.989980643,0.059514613,1
"4314","orf19.115","","Ca21chr6",0,0,1,0,NA,NA,213969,213048,"C","Contig19-10035","C",53184,52531,1.01135977,0.0316995,1
"4320","orf19.123","RCN1","Ca21chr6",27.16835504,26.15015982,1,1.030495248,0.972569535,0.904860256,226997,227629,"W","Contig19-10035","W",66479,67111,1.016944355,0.052811116,1
"4327","orf19.133","","Ca21chr6",24.22655492,0,1,0.569406503,0.422649731,0.422649731,242064,242387,"W","Contig19-10035","W",81549,81872,0.977210141,0.089466094,1
"4333","orf19.139","TRA1","Ca21chr6",22.66358709,7.495320018,1,0.414122138,0.451566209,0.163680509,254562,266027,"W","Contig19-10035","W",94047,98540,1.020726396,0.078328221,1
"4338","orf19.3447","","Ca21chr6",84.03342594,79.13346703,1,1.158645586,0.253499385,0.214278432,274110,275555,"W","Contig19-10176","C",121046,119601,0.97870773,0.040924372,1
"4348","orf19.3437","","Ca21chr6",51.03805815,67.08906148,1,41.68114882,0.942742627,0.930007614,294697,296325,"W","Contig19-10176","C",100459,98831,0.96871766,0.022804217,1
"4349","orf19.3436","","Ca21chr6",66.62805854,32.7744702,1,0.232377993,0.484744439,0.147057756,296984,297529,"W","Contig19-10176","C",98172,97627,0.946207936,0.064882921,1
"4358","orf19.3427","","Ca21chr6",0,0,1,0,NA,NA,330186,330536,"W","Contig19-10176","C",64970,64620,0.993138387,0.071036293,1
"4366","orf19.3418","","Ca21chr6",46.48431297,40.91975214,1,0.594966312,0.624303311,0.405770318,353854,352769,"C","Contig19-10176","W",41302,42387,1.055986505,0.152174585,1
"4371","orf19.3413","FGR37","Ca21chr6",34.43167639,19.20450641,1,2.874693408,0.846456045,0.564108115,366036,366344,"W","Contig19-10176","C",29120,28812,1.07039861,0.06585299,1
"4378","orf19.3404","","Ca21chr6",51.64304503,45.28627195,1,1.492800859,0.715947624,0.424707472,379014,380495,"W","Contig19-10176","C",16142,14661,1.02028741,0.055808601,1
"4395","orf19.690","PLB2","Ca21chr6",58.71460862,45.25903214,1,0.361217958,0.656765575,0.218086989,409423,411252,"W","Contig19-10064","W",79189,81018,1.025058241,0.041176501,1
"4402","orf19.3503","","Ca21chr6",0,0,1,0,NA,NA,425580,425888,"W","Contig19-10181","C",18572,18264,0.989529632,0.072896331,1
"4415","orf19.3460","","Ca21chr6",0,21.12084658,1,30.75827498,0.233118756,0.233118756,458642,458241,"C","Contig19-10177","C",14184,13783,1.015088885,0.069316584,1
"4416","orf19.3461","","Ca21chr6",21.67424973,16.59941239,1,0.255467838,0.887870312,0.359051622,460187,460549,"W","Contig19-10177","W",15729,16091,1.019479901,0.064555922,1
"4425","orf19.3471","","Ca21chr6",8.71101635,8.309666701,1,0.026600722,0.992278842,0.422649731,479034,478693,"C","Contig19-10177","C",34576,34235,1.051793767,0.035055097,1
"4431","orf19.3479","","Ca21chr6",81.13099613,70.13137228,1,0.12872192,0.97118422,0.416337947,493478,493098,"C","Contig19-10177","C",49021,48641,1.010358065,0.009748338,1
"4448","orf19.5523","","Ca21chr6",29.34748702,45.4225645,1,5.110118348,0.588492712,0.390618306,523432,522752,"C","Contig19-10230","C",19521,18841,1.012259335,0.076007894,1
"4449","orf19.5524","","Ca21chr6",73.43472184,84.39460334,1,1.253647152,0.864202721,0.729825861,523600,524307,"W","Contig19-10230","W",19689,20396,1.00960396,0.08231656,1
"4468","orf19.5548","LYS14","Ca21chr6",32.63164298,27.64357203,1,0.534605083,0.651024517,0.471478161,569040,567262,"C","Contig19-10230","C",65127,63349,1.0652187,0.105164028,1
"4475","orf19.5556","","Ca21chr6",33.85358829,58.87847606,1,0.125677325,0.000532877,0.005694923,582808,583116,"W","Contig19-10230","W",78895,79203,0.99180266,0.124746836,1
"4476","orf19.5557","MNN4-4","Ca21chr6",11.50238635,46.2658661,1,19.11372212,0.42498361,0.151324173,583682,586300,"W","Contig19-10230","W",79769,82387,0.970143056,0.052392837,1
"4478","orf19.5559","STE23","Ca21chr6",37.08661977,35.2209096,1,29.59464953,0.721330667,0.579187073,588852,589919,"W","Contig19-10230","W",84939,86006,1.023988846,0.073454669,1
"4483","orf19.5567","POP4","Ca21chr6",70.08334,95.44008032,1,0.625886123,0.823224895,0.632265195,601481,602320,"W","Contig19-10230","W",97568,98407,1.004177631,0.044223188,1
"4484","orf19.5568","VPS51","Ca21chr6",27.26923941,36.1204343,1,9.617707096,0.868282685,0.814210945,603302,602352,"C","Contig19-10230","C",99389,98439,1.057144682,0.072199216,1
"4487","orf19.5573","","Ca21chr6",30.2339178,20.8884493,1,1.512757039,0.839398443,0.648456302,609935,608853,"C","Contig19-10230","C",106022,104940,0.99769986,0.040037537,1
"4499","orf19.5589","","Ca21chr6",0,0,1,0,NA,NA,646648,646325,"C","Contig19-10230","C",142736,142413,0.9687674,0.063718851,1
"4503","orf19.5596","","Ca21chr6",46.06585552,59.12637601,1,0.3223616,0.882235215,0.103013266,655101,653968,"C","Contig19-10230","C",151191,150058,1.007464614,0.036873184,1
"4519","orf19.5616","","Ca21chr6",4.17263468,6.256739934,1,15.00087665,0.935090931,0.942132904,688419,689228,"W","Contig19-10230","W",184510,185319,0.990145276,0.034885392,1
"4533","orf19.5701","","Ca21chr6",0,0,1,0,NA,NA,718017,720212,"W","Contig19-10233","W",57,1013,0.974376526,0.036919606,1
"4540","orf19.5714","SAP1","Ca21chr6",28.78030615,36.29905107,1,1.528073198,0.812054546,0.471214059,743271,742096,"C","Contig19-10233","C",24021,22846,1.030670606,0.085996708,1
"4542","orf19.5717","","Ca21chr6",85.19879679,80.99154727,1,0.468620961,0.962620568,0.751181526,747480,747133,"C","Contig19-10233","C",28230,27883,1.058270425,0.055328438,1
"4547","orf19.5724","","Ca21chr6",24.65627042,40.39822865,1,0.367511686,0.911775307,0.214564004,759178,759900,"W","Contig19-10233","W",39928,40650,0.981277668,0.045967992,1
"4550","orf19.5728","","Ca21chr6",40.43228651,47.63824075,1,0.519039911,0.751268819,0.452329744,764938,763358,"C","Contig19-10233","C",45689,44559,1.001126999,0.078049978,1
"4551","orf19.5729","FGR17","Ca21chr6",26.3932478,21.00293112,1,0.842864925,0.847475956,0.678495625,767847,769811,"W","Contig19-10233","W",48598,50562,1.013623032,0.058923022,1
"4553","orf19.5731","PAD1","Ca21chr6",49.31931696,51.79316301,1,1.738183372,0.745089932,0.25331497,771996,772685,"W","Contig19-10233","W",52747,53436,1.027828812,0.154068922,1
"4558","orf19.5741","ALS1","Ca21chr6",15.77698677,52.87779195,1,27.64310875,0.159768107,0.072545183,791472,795254,"W","Contig19-10233","W",72223,76005,1.011092897,0.089628108,1
"4562","orf19.5748","","Ca21chr6",11.17907835,14.99469004,1,0.586102946,0.833855864,0.532116612,809008,809625,"W","Contig19-10233","W",89758,90375,1.039367521,0.074241642,1
"4565","orf19.5751","ORM1","Ca21chr6",31.64727482,63.44684142,1,30.12770504,0.147490507,0.149917973,814324,813518,"C","Contig19-10233","C",95074,94268,1.028020879,0.066465847,1
"4574","orf19.5762","PGA61","Ca21chr6",49.66230562,20.13737765,1,1.453418172,0.250213902,0.189879452,842679,842008,"C","Contig19-10233","C",123429,122758,1.049193447,0.182024771,1
"4587","orf19.1219","","Ca21chr6",34.37372094,25.476261,1,0.52287547,0.717455686,0.259606974,879846,881048,"W","Contig19-10101","C",15123,13801,0.98345789,0.048729329,1
"4589","orf19.1215","","Ca21chr6",1.206897401,4.682826314,1,3.364550382,0.431951422,0.215935826,885640,884297,"C","Contig19-10101","W",9209,10552,0.989351824,0.047109126,1
"4593","orf19.4557","","Ca21chr6",70.4959372,61.31599757,1,0.28886561,0.998744007,0.982646304,897768,894484,"C","Contig19-2201","W",14521,17265,1.022324982,0.038647886,1
"4598","orf19.74","SEC5","Ca21chr6",85.40220824,97.87156402,1,0.219948359,0.970359993,0.427103447,919494,916615,"C","Contig19-10031","W",2288,3667,0.949038462,0.025184898,1
"4603","orf19.1080","","Ca21chr6",11.21596686,31.54063786,1,43.27106438,0.611057612,0.513190247,934133,935740,"W","Contig19-10090","W",10556,12163,1.02459536,0.092691545,1
"4625","orf19.2133","LIP4","Ca21chr6",3.700898511,0,1,0.39385736,0.191043561,0.191043561,998012,999391,"W","Contig19-10140","W",22736,24115,1.037426244,0.100018734,1
"4627","orf19.2137","","Ca21chr6",30.55423182,35.97786258,1,18.77460354,0.540153686,0.301983245,1005292,1003841,"C","Contig19-10140","C",30017,28566,1.02717002,0.093981577,1
