orf	chr	gene	WtMean	MutMean	fold.mut.by.wt	p	p.paired
orf19.3930	Chr5	YUH2	993.942421226935	897.348325921097	0.902817212302297	0.553081414251015	0.472109438474976
orf19.922	Chr5	ERG11(ERG16)/ERG11/CYP51/ERG16/L1A1/P45014DM	2067.47110426258	1353.72084603507	0.654771350005353	0.0268792381215266	0.0948607681927122
orf19.4280	Chr5		462.371129779863	274.343420999775	0.593340291662222	0.168025705034643	0.00100801834952116
orf19.3170	Chr5	BUD27	683.744482145417	506.168652522403	0.740289195364581	0.0418018788294337	0.0823377186476367
orf19.596.1	Chr5	NOP10	1977.53346114939	2283.96627799094	1.15495708308442	0.624036385885046	0.572174409750307
orf19.1283	Chr5	MEC1	826.291567359066	558.60548971556	0.676039199457081	0.0103861653810278	0.00651041541598703
orf19.971	Chr5	SKN7	930.507085561764	737.942344980955	0.793053977160685	0.512853565208925	0.246806916089317
orf19.1280	Chr5	SUI1	8408.2100290745	8759.57808453387	1.04178868680069	0.943901339041283	0.790661257773381
orf19.1111	Chr5	TAF9	868.858407393534	699.762528600329	0.805381547379542	0.294001290140585	0.181616697844069
orf19.3216	Chr5		1463.7215318408	789.556821841865	0.539417371860961	0.21955537739793	0.0508555924954482
orf19.3171	Chr5	ACH1	3886.19069632295	4061.08458899352	1.04500393993430	0.847520412722957	0.691515292476969
orf19.2653	Chr5		296.218825512235	212.314513346833	0.716748886502029	0.0354252268833806	0.031870716178813
orf19.972	Chr5		342.852309373747	330.258495303384	0.963267524452829	0.818378676468378	0.809060406066645
orf19.1964	Chr5		628.66799010496	459.153887792636	0.730359895874414	0.312788045159984	0.0156690319020372
orf19.6294	Chr5	MYO1	641.036082464563	332.779197126065	0.519127091639902	0.0140006155436526	0.00255578845880986
orf19.4347	Chr5	PRR1	1361.91785275269	1028.89598044794	0.755475800811593	0.339101557034689	0.345646946503065
orf19.1117	Chr5	FDH3	964.328481822607	1306.75214802841	1.35509027542006	0.517604766572276	0.256241561092263
orf19.4337	Chr5	ESBP6	837.372413161891	464.88417960035	0.555170163589414	0.159206139000748	0.0303537999636987
orf19.3969	Chr5	HSR1	622.488937582865	332.671157527011	0.534420995204796	0.000680484596156001	0.00127743553108611
orf19.1946	Chr5	@	1742.30836729151	947.754849930783	0.54396504529454	0.31230368579061	0.124825223417299
orf19.1980	Chr5	GIT4	311.190381727829	221.542984008995	0.711921052247558	0.0543620896377293	0.0167016709163651
orf19.2225	Chr5	UBC13	3037.53719028792	3207.45349057455	1.05593883782885	0.8658688407418	0.649512059231883
orf19.3995	Chr5	RIM13	635.2013351794	485.445536765422	0.764238848188688	0.306810316812951	0.101483211517053
orf19.5684	Chr5	MRPL14	2017.03565429173	1616.40491994244	0.801376473689569	0.244273328932210	0.0417109484600864
orf19.4229	Chr5	DDP1	1091.11704526167	975.670207802547	0.894193901597941	0.739190382532129	0.330347907093088
orf19.4024	Chr5	RIB5	4453.65910907805	3872.19889100675	0.869442136492645	0.660481686375031	0.452356056999146
orf19.4025	Chr5	PRE1	4591.0031471064	4298.67293950374	0.936325417727733	0.770664137272451	0.441263255095352
orf19.3977	Chr5	GIR1	723.101556301595	583.999102780332	0.807630819891024	0.577052101113501	0.168748639851272
orf19.2652	Chr5		280.145557389601	217.751177768972	0.777278711102826	0.138371238176942	0.130737147504475
orf19.4134	Chr5		706.124143220713	690.99669955407	0.978576793030124	0.89397672661101	0.910854587595967
orf19.925	Chr5		657.592674278274	528.680614499944	0.803963661973859	0.56674364417992	0.0860279960820049
orf19.3922	Chr5	SDT1	1734.08436281749	1821.19125735455	1.05023221269093	0.932257411032538	0.830989281464032
orf19.6665	Chr5	NUP4	3866.39180195936	2207.19428340512	0.570866688235421	0.183606908006795	0.0415380036088955
orf19.4330	Chr5		326.003605173836	211.108455341401	0.647564787600526	0.0211940996488685	0.00289102328241881
orf19.4284	Chr5	PCH1/BUR2	1271.14462455277	1406.31742093391	1.10633943122617	0.845426212389657	0.551054356302268
orf19.584	Chr5	CCP2	301.924000231675	221.468685486122	0.73352461320128	0.115194071105865	0.0519547390385674
orf19.2649	Chr5	PCL1	1176.73750482762	931.021746276652	0.791188980088669	0.293237630487654	0.0511007096527781
orf19.940	Chr5	BUD2(CLA2:ERC25)/BUD2	465.582711680673	242.151400788056	0.520103935805373	0.00158144398388382	0.00182420594675402
orf19.1113	Chr5		709.234787354434	636.021349085578	0.896771225024149	0.773986937803918	0.182296180538757
orf19.1963	Chr5	GDS1	1806.67775184072	905.821335988567	0.501374046957559	0.0548969504987033	0.0411348505143142
orf19.3929	Chr5		774.110122153448	737.469711998708	0.95266770307458	0.902259405380903	0.710925434379464
orf19.4026	Chr5	HIS1	5451.76267258117	5568.03635597356	1.02132772286240	0.902955879216754	0.913874556868456
orf19.3163	Chr5		456.045748846283	491.160562533911	1.07699844538944	0.66799180227207	0.616468992793773
orf19.4287	Chr5		661.284550530451	559.075367064123	0.845438422258102	0.495369678251346	0.0654169978247341
orf19.600	Chr5	TRK1	1179.09293380289	1024.40305798202	0.868806036075578	0.636068408605722	0.307601576145304
orf19.4017	Chr5		277.502748951372	181.997354692100	0.655839826379495	0.00364121475657085	0.0201138075614270
orf19.944	Chr5	IFG3	1548.93970664653	1430.81445268581	0.9237379909277	0.778729994254352	0.393454530473199
orf19.4012	Chr5	PCL5	1008.27239956306	874.0771098742	0.866905719379985	0.475985439996891	0.226493769573827
orf19.3195	Chr5	GAP3/HIP1	2044.61187436863	2834.19556126097	1.38617778600946	0.473765930816302	0.237345167650177
orf19.4149	Chr5	RPS11A/@	32296.068273882	22202.3947012132	0.687464322682533	0.446517620931067	0.0619670252945207
orf19.3919	Chr5		955.869356778074	747.822325243802	0.782347838583788	0.285003330714378	0.067674414828516
orf19.4332	Chr5		554.942663543854	413.675357804218	0.745438015456398	0.0834843370003856	0.0174598172543172
orf19.6287	Chr5	AAT2	1853.43925478784	1781.27418173801	0.961064236195812	0.930183564118364	0.734480686709537
orf19.1942	Chr5	AZR2/SGE1	1064.92074026017	717.731474497687	0.67397642600363	0.154502838769153	0.00328424136800329
orf19.4315	Chr5		447.524932289554	381.163054244736	0.851713562180081	0.391244898785495	0.319267579701552
orf19.5692	Chr5		756.214096065934	522.458700557288	0.690887280831294	0.00139057846309336	0.0148059270255392
orf19.3898	Chr5	TLG1	329.232023771086	289.269977835216	0.878620416452392	0.578880547090153	0.464888094332421
orf19.3963	Chr5		314.403450457390	228.468727565043	0.726673728397924	0.0772211866787928	0.223225142998281
orf19.4033	Chr5	PRP22	386.475751532024	274.089851846195	0.70920323140502	0.0462321562055846	0.050314981505646
orf19.2654	Chr5	RMS1	537.403371948534	349.912239044994	0.651116567758537	0.0741996570212638	0.0151541243476319
orf19.3175	Chr5	ETF1/YOR256W	3154.44785785357	2384.99420928482	0.756073429252268	0.311412286919055	0.0343505360831891
orf19.1945	Chr5	AUR1	1027.34329569552	547.29777498944	0.532731149638655	0.00404003279764728	0.0123198243714181
orf19.4340	Chr5		321.544557733058	236.826051981761	0.736526388913013	0.189384911843943	0.048623347440072
orf19.3991	Chr5		2126.34200034437	2457.81680690694	1.15588969531190	0.763888451290458	0.338817878662322
orf19.980	Chr5	VIP1	3322.49614769658	1863.33053917455	0.560822482959496	0.0960107024943793	0.0555503106094578
orf19.4010	Chr5	PAN3	591.139798939333	377.598242483512	0.638763018766502	0.00106665335466743	0.0142013608244860
orf19.4312	Chr5	SPT8	1090.23189473773	639.891981548121	0.586931995510971	0.0922298861030493	0.0334935870056395
orf19.3946	Chr5	COX18	662.437756862765	472.650638257517	0.713501960540324	0.318615046543726	0.153439259288371
orf19.4014	Chr5	CDC102	446.886079587664	409.963590762703	0.917378297263076	0.827387731445901	0.67151360043286
orf19.6285	Chr5	GLC7	1697.38541246824	1750.56247302489	1.03132880733276	0.86286778650678	0.803530664803502
orf19.3188	Chr5	HAL9a/TAC1/ZNC2	707.29071410918	506.458223216645	0.716053827816077	0.421991650980916	0.0146035500371650
orf19.1979	Chr5	GIT3/GIT1	1146.99262497486	1281.20375106950	1.11701132437324	0.735567791798218	0.557608313673023
orf19.4044	Chr5	MUM2	636.533386140923	586.982393910148	0.922154920213714	0.690039949716013	0.502357802107123
orf19.3219	Chr5		783.239584367333	534.302590911525	0.682170055721982	0.0655060213357835	0.0301171386669719
orf19.4339	Chr5	VSP4/VPS4	829.586386252067	859.261883987559	1.03577143770351	0.939509298083412	0.877178098932527
orf19.4262	Chr5	JSN1	692.819905091977	423.002695834608	0.610552169078414	0.0542354196518878	0.0134166101416240
orf19.4252	Chr5	BUD32	579.279297758765	590.420402928682	1.01923270037963	0.922900102614343	0.919075537304773
orf19.6668	Chr5	CUE1	445.392225488713	343.999834847145	0.772352580850925	0.501375210523422	0.0227199173885186
orf19.4144	Chr5		851.802353826307	823.267894874372	0.966501079946823	0.942248802992289	0.753402526994915
orf19.4348	Chr5	RGR1	570.10276419254	353.709317613405	0.620430806215047	0.0693854398556471	0.0372834588025594
orf19.4308	Chr5	HSL1	1113.45470789486	588.8421140579	0.528842448536761	0.0750315626485245	0.00795797629609818
orf19.3904	Chr5		272.322268217018	188.239618591841	0.691238435344661	0.0187440927228414	0.0250984538287412
orf19.4297	Chr5	CKB22	989.131875658494	607.574215717919	0.614249960667215	0.00414874268434315	0.0326842791978979
orf19.3204	Chr5		490.010847501289	439.71850693925	0.897364842393806	0.738614450211061	0.489941521843012
orf19.6680	Chr5	FGR27	653.777665733042	480.41112451686	0.734823395929567	0.108363359235370	0.117296137876855
orf19.933	Chr5	UBC14	2715.82792841693	2905.5471509839	1.06985686411935	0.824851738944614	0.668633179062367
orf19.1109	Chr5		800.345777969779	648.399320330376	0.810148985823549	0.0523572407075105	0.115977587693541
orf19.3215	Chr5		470.672845315455	484.146339981956	1.02862602931230	0.907843929586147	0.937862166175129
orf19.1958	Chr5		236.938788590343	134.597665132157	0.568069356363895	0.132601010827163	0.151467795759114
orf19.4334	Chr5	PGA58	938.962678102337	779.55973339456	0.830235057872659	0.438134031573472	0.087788676936771
orf19.964	Chr5	SMC4	1191.98280763266	760.720593911696	0.638197622516492	0.237256824834235	0.036924913358571
orf19.3197	Chr5	PAPa(PAP1)/PAP1	1263.99301280902	455.930293971624	0.360706340423824	0.00155567303739621	0.00366297525604105
orf19.3897	Chr5		337.302437619212	280.816173600342	0.83253526295995	0.380498284544383	0.276317468573979
orf19.606	Chr5		678.621922921867	669.316143218552	0.986287239788471	0.94449023926138	0.895917357071953
orf19.1112	Chr5	BUD7	579.486419096672	503.486250572226	0.86884909461223	0.542234190561994	0.522831232609845
orf19.928	Chr5		389.367033626248	255.410657996641	0.65596374612908	0.134223356343948	0.0639417442093802
orf19.4275	Chr5	RAD9	243.177009921397	153.961866027358	0.633126733802357	0.00703970733915721	0.0111903413391483
orf19.1121	Chr5		2561.75596897431	2422.85781368358	0.945780098895862	0.910709046390297	0.759689689468133
orf19.6654	Chr5		1471.28692726128	1178.03131529215	0.800680882474088	0.505083338115247	0.102951567659567
orf19.3921	Chr5	FSH3	838.74486362057	732.711340069984	0.873580717868274	0.115065302049367	0.211168427449082
orf19.2639.1	Chr5	MRPL20	905.84993509627	842.602927467272	0.930179376099114	0.834171669591623	0.68529563978568
orf19.6282	Chr5		389.345597186095	323.670322622517	0.83131882050746	0.525264981172857	0.266338325559491
orf19.4236	Chr5	RET2	1043.75873148071	804.029499207804	0.770321219796823	0.437334734783052	0.154438962432653
orf19.3986	Chr5	PPR1	364.247670786257	288.433411717501	0.79186068944489	0.208017487765933	0.0489334937419238
orf19.3972	Chr5	GOT1	913.047483490693	680.14764336977	0.744920341677611	0.434756112800566	0.0833883487656406
orf19.3202	Chr5		590.414469923305	446.822059145626	0.756793882784865	0.350966117136935	0.0145150596518758
orf19.1285	Chr5		1091.87971835265	812.928740235412	0.74452224596854	0.491035556129814	0.0399601820625644
orf19.4292	Chr5	PEP12	693.44416398488	724.045574319743	1.04412959532172	0.88875011682507	0.763076837224632
orf19.2643	Chr5	RPO26	3514.60711646045	3267.14209170229	0.929589562486468	0.67826260187367	0.242016229326448
orf19.3955	Chr5	MES1	1451.28098888250	1098.71351019023	0.757064633662877	0.331762566649559	0.0486866268420319
orf19.937	Chr5		374.809638672827	302.920645291796	0.808198653493587	0.394343104479464	0.38012622833406
orf19.4030	Chr5	PRI1	1564.00459891312	1078.78845806837	0.689760412992423	0.138066285892051	0.118832283340863
orf19.4288	Chr5	STB4	908.298552706374	696.155958522639	0.766439576996316	0.428736348312083	0.101863813913271
orf19.4305	Chr5		327.65879775267	233.404466883413	0.712339996619275	0.102378329010295	0.0215824272363686
orf19.4261	Chr5	TIF5	2240.68978211633	1931.42058709297	0.861975898006169	0.358527476233575	0.146921737269235
orf19.1927	Chr5		521.297528431042	641.44477832325	1.23047730583687	0.254996616330936	0.375659742421143
orf19.4234	Chr5		2961.52016746114	2651.51689994182	0.895322925393048	0.798452116461474	0.263877483045019
orf19.4239	Chr5		251.466497331611	185.251192269564	0.73668339216286	0.166402150245304	0.0720824214269275
orf19.3212	Chr5	MID1	995.134779859516	973.50669785051	0.978266178163264	0.904386304259554	0.88648470320601
orf19.612	Chr5		1003.81425599149	1306.06564721687	1.30110290765580	0.658302610152322	0.221562977976356
orf19.4294	Chr5	CYC2	643.364517629865	413.27527459607	0.642365662499641	0.151372551328405	0.0426267558368987
orf19.3959	Chr5	SSD1	1411.62051434030	1063.56891512369	0.753438267805802	0.184777655946068	0.0991494391327785
orf19.4240	Chr5	PER1	963.616699256052	638.173023267826	0.662268538684022	0.0146400424795814	0.00781211165297424
orf19.6673	Chr5	HEX1	743.043794308251	595.209319212477	0.801042043244029	0.537234424208908	0.292884776404236
orf19.1940	Chr5	CAT5	1001.46383284427	1166.34908477715	1.16464424028632	0.43875062741355	0.273790353502498
orf19.4021	Chr5		1283.74423567896	1002.30777254273	0.780769054057424	0.00179425867319403	0.00222537516043530
orf19.3895	Chr5	CHT2	3733.14588628671	949.73512165284	0.25440610964109	0.0166350950594896	0.0215864426447942
orf19.1930	Chr5	FRE4/CFL5	267.381249260625	215.309912675799	0.805254344764952	0.182587316432055	0.142890027143796
orf19.3928	Chr5	AZF2	597.147630455911	473.7279681392	0.793318007102393	0.158075298301942	0.114023666464772
orf19.3184	Chr5	SFT2b	2292.31153429682	2335.69721557147	1.01892660776056	0.96049173285186	0.904133762639375
orf19.930	Chr5	PET9(ACC2:ANC2:OP1)/PET9	32316.4167428164	26356.0318810168	0.815561703228605	0.552938890322903	0.00675519072949635
orf19.2645	Chr5		385.971396490279	304.335354400311	0.788491989737318	0.318340719470349	0.428336646509382
orf19.4235	Chr5	PDE1	796.083300803735	340.150130286334	0.4272795697924	0.280899907246073	0.290484417292347
orf19.946	Chr5	MET14	1656.64336036354	1461.49621694977	0.882203286426748	0.562950719813588	0.226507205746525
orf19.1968	Chr5	MAK31	420.991837603446	362.726648301021	0.86160019245478	0.567335701802292	0.144648436220780
orf19.4317	Chr5	GRE3/@	1262.05601752724	944.882867718349	0.748685363086869	0.190305424723990	0.0132805683730208
orf19.5680	Chr5		1125.56344355874	756.999811913508	0.672551881678097	0.135715262122197	0.0646467142054649
orf19.1960	Chr5	CLN3/CLN2	781.08870633785	381.31445073639	0.488183285256025	0.0643847688612264	0.00766580671512412
orf19.3180	Chr5	INP54	446.657268293555	296.251529022635	0.663263647660896	0.0906451092191617	0.00569436458768764
orf19.6679	Chr5	ALD1	537.899347426241	496.464742711743	0.922969594752707	0.52331017861926	0.219326198464461
orf19.4029	Chr5	SQT1	4064.12321786194	3557.36223709555	0.875308657341105	0.518448483826448	0.424578912682364
orf19.3923	Chr5	PGA37	1221.64127541474	2500.0281042561	2.04645025881870	0.37484677599935	0.170822528293288
orf19.1978	Chr5	GIT2	422.579795147966	320.761070178248	0.759054440986545	0.0834418586021773	0.0323157228845153
orf19.585	Chr5	MRPL17	1095.33219579149	734.483903824898	0.670558125331244	0.0778701409797171	0.0856063812808841
orf19.4253	Chr5		523.709175093332	378.179460260697	0.722117309083425	0.0608230946855746	0.133116500044203
orf19.3996	Chr5	GPI10	793.710366360687	521.676236884298	0.657262723273079	0.0389501485150521	0.0415279576550364
orf19.1983	Chr5	PFS3	903.43514632931	543.997435634889	0.602143316922272	0.00716338142331198	0.00390221135517823
orf19.4244	Chr5	YIL130	255.682315322918	175.497852810306	0.686390267503085	0.0146120682504140	0.0348241291533585
orf19.4258	Chr5	FIP1	1550.50544521772	794.247145576216	0.512250471629068	0.215234979675558	0.252964162973811
orf19.1970	Chr5	CVB1	619.570292079085	545.123691217604	0.879841558232785	0.741268685631829	0.505326619584821
orf19.3926	Chr5	RNY1	559.308944446856	461.6982392365	0.825479806501413	0.460356936372577	0.296963593699347
orf19.6283	Chr5	NFU12	276.01439409323	193.774112726146	0.70204350524087	0.0487287081514292	0.000192867028482081
orf19.1954	Chr5	PUS4	962.15887426211	944.70104471907	0.98185556459537	0.94556762257054	0.92942396289741
orf19.2644	Chr5	QCR2	11918.3883500012	9238.61289465671	0.775156222750184	0.244872338144724	0.099146873953191
orf19.4149.1	Chr5		248.984917319697	160.228045095265	0.643525105135314	0.00850228254503563	0.0374547628408915
orf19.4306	Chr5		921.983060253402	808.39043650239	0.876795324504343	0.475461814919584	0.334892387026985
orf19.3190	Chr5	HAL9c/HAL9/ZNC3	437.709985763757	183.687959121101	0.4196567706825	0.000636158211196381	0.00240773687262147
orf19.3912	Chr5	GLN3	1168.60201476887	716.04138421863	0.612733313111951	0.0108599409715503	0.0301463596239784
orf19.3192	Chr5	STI1	2096.92484827362	1412.51572589900	0.673612946626065	0.135883944800023	0.109454648456489
orf19.4248	Chr5		3918.23137868736	3745.64758681965	0.955953649698571	0.898789045578249	0.508333539282521
orf19.4147	Chr5	GLR1	3676.0426389458	3363.43502127132	0.914960829245406	0.811597173208491	0.280355212973658
orf19.4055	Chr5	YBR075W	513.215447383359	524.47622043902	1.02194160973345	0.928389270477655	0.820554087868625
orf19.588:1982	Chr5		259.584339436720	202.151088435626	0.778749168282952	0.179194919273082	0.185530744754139
orf19.575	Chr5	HYR5/HYR3/IFF2	1228.97572955901	1078.64863749199	0.87768099202337	0.739327428347391	0.607418402576877
orf19.4335	Chr5	TNA1	1157.25978777705	666.834375377913	0.576218393156834	0.0702711267687469	0.00877911034189508
orf19.4268	Chr5		1827.62578703833	1321.52206742838	0.723081320476394	0.230543812301243	0.0244712242476469
orf19.3994	Chr5	OST3	1059.99252880703	706.431706009218	0.666449703003353	0.0306511890113184	0.000406999625573944
orf19.4290	Chr5	TRR1	1679.83509083973	1429.32103203929	0.850869850161775	0.454081163246597	0.414651607676466
orf19.4295	Chr5	HIR2	565.932959610203	288.017039377734	0.508924307176085	0.0105505919777941	0.00237563683188738
orf19.4245	Chr5		418.23364988121	296.759542881936	0.709554439166299	0.0625942489059462	0.0102667481906227
orf19.4142	Chr5		699.230625340534	437.647744297977	0.625898993032288	0.00940857092726212	0.00184799187187944
orf19.931	Chr5		875.83828959595	579.936902748194	0.662150661414604	0.071283115971264	0.0351838174481827
orf19.6286.2	Chr5	RPS27	444.552966864902	465.077529240203	1.04616899201021	0.860444182507658	0.671310276574376
orf19.1124.2	Chr5		299.593906712618	222.063105145878	0.741213690166567	0.0757829299266908	0.0116209111553811
orf19.1966	Chr5	BUD23	3491.84841354708	2778.86796715785	0.795815750871906	0.734600968657452	0.39860162002493
orf19.6663	Chr5	RPS25B	18477.5378267822	13681.7743770227	0.740454410391827	0.195368755297995	0.0343338260578734
orf19.3214	Chr5		801.527237419733	868.720365958791	1.08383137266223	0.704955289233365	0.337510748589696
orf19.4322	Chr5	DAP2	561.481694179215	325.596473950433	0.579887959528932	0.0996707791442	0.0154564199775694
orf19.4007	Chr5		897.967565628695	761.712662711367	0.848263001768965	0.61133474495045	0.0626327294355482
orf19.4220	Chr5		615.161829859016	860.347344678167	1.39857075474813	0.142006857062780	0.187424488331877
orf19.4233	Chr5	THR4	2960.83140750217	2356.70448139951	0.79596037634162	0.594179666009509	0.0261042730875120
orf19.3964	Chr5	ASH2	807.548545103836	440.9099002647	0.545985628898641	0.0198647558654712	0.00597493187286654
orf19.939	Chr5	NAM7(IFS2:MOF4:UPF1)/NAM7	1428.66606199607	1021.50891126187	0.715008873266483	0.246695234071169	0.00973071149644057
orf19.3978	Chr5		542.589566748605	341.220414037679	0.62887389465005	0.00272609061633622	0.0007129483948123
orf19.1281	Chr5		1003.63695404682	828.770195134186	0.82576691879714	0.731957364752341	0.0319484060454519
orf19.1122	Chr5		348.968544168126	262.998699118051	0.753645861534567	0.167519664034497	0.0514573849996233
orf19.5691	Chr5	CDC11	814.697721830709	681.863497849114	0.836952748949509	0.599692348908928	0.172723744243344
orf19.1941	Chr5	NUF2	641.087295031769	424.287654044446	0.661825085807418	0.0234449288552129	0.0403857536743069
orf19.4340.1	Chr5		432.088576515327	310.1766071259	0.717854217825862	0.0142905195975020	0.0471715157611807
orf19.3942.1	Chr5	VPS25	284.966170676204	202.427496561746	0.710356236606615	0.0755776359936808	0.0266271298843027
orf19.4250	Chr5		286.256166683879	205.992169570394	0.719607797298133	0.0879464192560567	0.0839641230877003
orf19.3999	Chr5		383.912250044746	216.760025580162	0.564608255024157	0.0418687468831452	0.0114550615209816
orf19.2657	Chr5		585.230110191564	495.895548391888	0.84735139179624	0.487868500752849	0.0152756772509048
orf19.966	Chr5	DUS4	1059.11131535284	697.845550375348	0.658897266282972	0.263288478332479	0.133576226517868
orf19.4001	Chr5	MSS2	596.344351453621	462.871465137389	0.776181519970996	0.580373726878116	0.0371555717118166
orf19.3932	Chr5		3722.38327404012	5252.32936256694	1.41101250889360	0.366738998799699	0.205336122176900
orf19.1959	Chr5		713.965458147816	442.997733159037	0.620475021730423	0.0942481636060967	0.0341864686754255
orf19.3952	Chr5	SRP101	693.103184066802	589.558547021918	0.85060718313638	0.368181743385163	0.385987680824018
orf19.4307	Chr5	FTI1	684.261957516142	650.590532170524	0.950791615731723	0.92758904746782	0.509597851348007
orf19.4316	Chr5		773.212058566197	713.292138935075	0.922505192505359	0.671371369136813	0.284061700256926
orf19.3206	Chr5	CCT7	4072.18008292459	3657.50230625519	0.898168114320822	0.839408394343947	0.590006482657267
orf19.4011	Chr5		276.538572475733	234.619593206068	0.848415434800355	0.3609812945731	0.39313695142077
orf19.609	Chr5		317.690685779369	272.849536640895	0.858852805116181	0.470070486362212	0.407884465051069
orf19.590	Chr5		2471.00657750413	3259.52920528321	1.31910988621306	0.599957251766432	0.260709554101322
orf19.3984	Chr5		515.099759339079	275.542807730687	0.534930958003619	0.0185885276615293	0.0275932419551122
orf19.3905	Chr5		352.619722511072	277.947822933072	0.788236746809716	0.231618348240418	0.329534088418472
orf19.1976	Chr5	TRX1	591.286671066055	527.957180093094	0.89289545313311	0.744159334020642	0.240085943898926
orf19.6295	Chr5	MAS2	1146.88328532889	858.914485085539	0.748911851862264	0.565535782278302	0.0166330838655655
orf19.3935	Chr5		578.679618471076	561.596210070958	0.970478641626858	0.922684514627772	0.860581196451321
orf19.948	Chr5		261.519914161243	191.214824556600	0.73116735744531	0.0372811817502787	0.121361957624688
orf19.4035	Chr5	GAS1/PGA4	4796.86182393591	3331.85179924594	0.694589905137626	0.09847511034968	0.197436312593223
orf19.4274	Chr5	PUT1	2160.18561152614	1046.23548984906	0.484326663536061	0.367428212479496	0.207997609212404
orf19.3941	Chr5	URA7	2768.42467588886	1855.93579371271	0.67039418116616	0.0249675025755184	0.0169119331148176
orf19.6678	Chr5		278.600532128011	219.242764871903	0.786943094463172	0.147976724016887	0.095138843123527
orf19.4022	Chr5	SDH5/SDH4	1107.96713052212	820.781015040524	0.740799065630887	0.186983436144314	0.0130373204367211
orf19.941	Chr5	SEC14	4032.09917991044	2117.35286096402	0.525124201188685	0.0880099187616723	0.00493460820404052
orf19.4135	Chr5	PRC2	2074.89807213986	1832.9716280564	0.883403215159403	0.593415062296729	0.316290518294484
orf19.4247	Chr5		674.453480729144	744.472188939423	1.10381547461892	0.755183133511472	0.579415591228461
orf19.2637	Chr5	PER1	1001.14108865220	885.000396069833	0.883991683191506	0.842814166288522	0.226082536991475
orf19.3945	Chr5		889.82742438243	742.42418296437	0.834346259309368	0.601358410181926	0.27031775273773
orf19.610	Chr5	EFG1	3190.79380048107	2408.91208710635	0.754956991186069	0.357153338454587	0.0777331509619031
orf19.4323	Chr5		421.989710234184	345.383859295713	0.81846512111407	0.225474980045359	0.292730591030585
orf19.3200	Chr5	MATa2/MTLA2/A2	248.041020128678	170.990280802270	0.689362915511167	0.0488912084981519	0.0562512979831854
orf19.4349	Chr5	KRE12	2371.79410805867	2328.12408869310	0.981587769689962	0.947177355749376	0.862565794701422
orf19.1967	Chr5	IMG1	1051.69631642989	846.533859975876	0.804922339986446	0.689637353708768	0.188602981908762
orf19.1282	Chr5	CKS1	687.094091279129	533.198742467474	0.776019979264913	0.080461152799893	0.0866271542491253
orf19.1119	Chr5	MTR10	515.565855046169	402.528323407170	0.780750547126757	0.0768012202755257	0.0638993315936695
orf19.3973	Chr5		1633.08817949948	1566.73724778558	0.959370882389067	0.899495864999902	0.585946604759968
orf19.4246	Chr5	YKR070W	1565.90402009528	1707.19519779006	1.09022978157127	0.823854250041488	0.737625009755252
orf19.4281	Chr5	IFH1	1011.64115906476	579.67318321387	0.573002766860302	0.0475861284689964	0.0140079412754111
orf19.5698	Chr5	RPL1	1476.11414301721	988.623038075808	0.669747012961371	0.0415083125050891	0.0094731698047911
orf19.4227	Chr5		630.16040545151	581.35765058325	0.92255502813876	0.857394506016154	0.124566292561539
orf19.923	Chr5	THR1	949.334092354844	680.734228936191	0.71706497682772	0.222743879612051	0.0204981436341487
orf19.3981	Chr5	MAL31	745.442636605013	335.471275997539	0.450029632763407	0.0182709606447666	0.00400107828376434
orf19.4006	Chr5	PAN5	393.783575311727	302.583327589111	0.768400071916609	0.0487790911094606	0.100427500557743
orf19.1955	Chr5	SHR5	397.286486943503	297.493669461175	0.748813964829064	0.0550468920774432	0.0449586611868302
orf19.2640	Chr5	FUR1	1927.14554110448	1883.15691927552	0.977174208750344	0.950938468488144	0.847847713007936
orf19.951	Chr5		675.247863022162	477.340231055755	0.70691113174258	0.451851268812875	0.112646926709127
orf19.4016	Chr5	COR1	6405.50167023758	4668.13752459255	0.728770011298648	0.206113691606870	0.0896895351289241
orf19.6659	Chr5	GAP5	3018.48496241486	5126.23782499702	1.69828171709555	0.314707759444351	0.0700220790202546
orf19.6297	Chr5	DEG1	507.084608375854	340.418443476467	0.671324741184309	0.00279056316317425	0.00870830264735554
orf19.968	Chr5	PGA14	13405.6447070160	11485.4740487376	0.856764019915178	0.573905425410396	0.116861466023982
orf19.3199	Chr5	PIKa/PIKA	1154.47095215879	293.568919024238	0.254288701223086	0.0272095198544747	0.0114716879618953
orf19.1934	Chr5	HST3	462.08351211195	324.576339560771	0.702419218719353	0.0487536456945993	0.0099057844388009
orf19.1977	Chr5	URA4	2920.28460819513	1487.87706886395	0.50949728142543	0.166933510020732	0.0956937854666413
orf19.3894	Chr5		646.513902542039	611.52542747739	0.945881326098205	0.832054724191794	0.783921148042805
orf19.583	Chr5	BNA2	4130.33931960113	3022.22602283521	0.73171373801973	0.537256416939085	0.278154415831832
orf19.578	Chr5	MSB3	466.734192169885	393.420021573584	0.842920934814189	0.474404919054641	0.247390855193211
orf19.5681	Chr5		501.666685901288	364.450222484804	0.726478820952677	0.161686468059175	0.0398970461238198
orf19.6667	Chr5	(SAP30)	1369.41175003373	1353.6513014908	0.98849108126716	0.973602598126127	0.936701004834464
orf19.1107	Chr5		1076.38206854159	1316.57288259343	1.22314642827271	0.813506884693943	0.528062313804472
orf19.3168	Chr5	RPN8	2211.13663201935	2527.49514345102	1.14307506232338	0.810176744337416	0.16285141305033
orf19.3196	Chr5		431.759160878302	400.709717690178	0.92808619711748	0.788148510103814	0.809450298395139
orf19.4000	Chr5	PHO2	913.136865959194	450.747644880577	0.493625503124435	0.00312550108766313	0.00116357515478132
orf19.580	Chr5		433.637613695759	421.301008259528	0.97155088708498	0.858536619043646	0.87086327888046
orf19.6291	Chr5	FUN30	2206.35679429674	2044.51547542667	0.926647712061616	0.880179053003714	0.381134175251144
orf19.4228	Chr5		1105.13909365213	1073.57714798622	0.971440748185271	0.90541048606003	0.727816985172489
orf19.1971	Chr5		1227.79176635910	909.466523462853	0.740733525327175	0.586538928698878	0.269716783075783
orf19.1957	Chr5	CYC3	2029.41453959359	2149.02713449911	1.05893945892862	0.84961311545976	0.658380421693346
orf19.3207	Chr5	CCN1(CLN1)/CCN1/CLN1	431.180866968953	269.70562368682	0.62550461847427	0.0692602285254421	0.00436412282636801
orf19.3900	Chr5	UGO1	995.994880380896	728.216653598394	0.73114497668894	0.130794387956602	0.148524948601774
orf19.3988	Chr5		510.559165183352	480.366644058721	0.940863815237186	0.817691093371668	0.585869437081215
orf19.4318	Chr5	MIG1	1664.7016923111	1111.07274589184	0.667430537869728	0.0578655784032692	0.0544451598822452
orf19.2650	Chr5	MRP10	391.593230569438	340.072390003312	0.86843275995551	0.517257745119496	0.473131742513693
orf19.3942	Chr5	RPL43A	43583.6371678522	27790.2179746926	0.63762961929187	0.224690945020563	0.00462662704814256
orf19.3161	Chr5		1624.56522438333	1386.96731665624	0.853746772268083	0.644363262296225	0.306198142770428
orf19.4269	Chr5		827.282500747778	651.771642681415	0.78784652412239	0.429607080844763	0.114247331392174
orf19.3187	Chr5	HAL9e/ZNC1	440.758234784198	382.673874360808	0.86821718611377	0.356749526133573	0.314347159759542
orf19.4129	Chr5		268.132718245570	168.988214002671	0.63024093108959	0.070485655207804	0.106682709552993
orf19.1969	Chr5	CCW14	267.159234596271	193.220029137133	0.72323919264526	0.0715860826053311	0.0945268697497671
orf19.3980	Chr5	SLH1	676.228397880082	431.986032620862	0.638816757733187	0.103513243813811	0.0452749322969385
orf19.5682	Chr5	SRP1	1147.04338727142	1068.83173110586	0.931814561651753	0.590014547819485	0.673620546137699
orf19.974	Chr5	ROT2/GLS2	1179.96741196331	870.837164085766	0.738017978510789	0.0928324755623939	0.143193661651772
orf19.961.2	Chr5		2332.62062727930	2109.08066903828	0.9041678892715	0.672499196899411	0.373990962540178
orf19.4041	Chr5	PEX4	2895.69348557175	2245.96616707388	0.775622895953856	0.592300407297264	0.139082016301557
orf19.3970	Chr5		602.070999941419	523.307762114564	0.869179485750818	0.445518866805445	0.374784488216364
orf19.4031	Chr5		513.072291563714	367.707209684836	0.716677192923746	0.114248024027233	0.0544520002752262
orf19.2651	Chr5	TEF4	14415.1860502762	17665.9461264188	1.2255094082591	0.740246052586195	0.350941500457547
orf19.4015	Chr5	GPA1/CAG1	330.525336220557	1004.33781696863	3.03861068096289	0.00315517872045745	0.00195555784097385
orf19.4283	Chr5		13513.5172977187	10315.3405454835	0.76333498660818	0.723126108574202	0.557507759755097
orf19.3902	Chr5		355.841110253592	253.135548407272	0.711372410643822	0.00547106738288627	0.00873095943676458
orf19.3954	Chr5	PSD2	879.495842754408	454.557558862321	0.516838780543562	0.107576468017988	0.036537131277652
orf19.3914	Chr5	CDC332	1683.30469284890	1222.67028958437	0.726351144138423	0.304295621618472	0.102159214255911
orf19.4231	Chr5	PTH2	315.548911000086	228.598484806167	0.724447072505044	0.0295322498234016	0.0551568248526085
orf19.4143	Chr5	FYV7	456.012588584327	442.495081319656	0.970357162054155	0.920236087717356	0.83387548126689
orf19.1932	Chr5	FRE5/CFL4	268.200802578172	190.951983214694	0.71197394407139	0.0293376705722912	0.0581195154214966
orf19.3201	Chr5	MATa1/MTLA1/A1	297.944311698679	164.101423760595	0.550778844627032	0.000566652779283881	0.00140009138659951
orf19.3169	Chr5		1400.14650965017	1819.66750333619	1.29962649679485	0.583821072774731	0.239344581828700
orf19.4286	Chr5		514.992360058964	477.937182947391	0.928047132374294	0.837417725545999	0.6482148779327
orf19.4309	Chr5	GRP3/GRP2/GRE99	2111.50008887217	1855.20415873571	0.878619029434493	0.481952189243438	0.377247530687564
orf19.5679	Chr5	VIP2	620.753428240012	446.46218882203	0.719226295838365	0.306659766018560	0.0842696483979923
orf19.3177	Chr5	RIB2	1834.91943902604	1274.7038765555	0.694692011782329	0.0852304055937256	0.0915878283698564
orf19.4321	Chr5		289.945555785822	224.817649547768	0.775378842895032	0.303532463103971	0.347466797408817
orf19.4263	Chr5		581.223385278688	428.99519204794	0.738090040617074	0.3523097087644	0.0051151385905119
orf19.949	Chr5		1048.81921515284	754.384291199953	0.719270089926811	0.396798850559242	0.00942906954802014
orf19.4005	Chr5	YDR196	712.214315690132	650.973379924023	0.914013332199358	0.839473730179546	0.235795005096897
orf19.936	Chr5		441.410753554537	355.226455230009	0.804752608244105	0.228063972444034	0.171165450297663
orf19.1968.1	Chr5		564.369901686322	394.665646840125	0.699303144375479	0.0486560631169286	0.0711022594323885
orf19.3916	Chr5		898.963953355587	857.806137959691	0.9542163896091	0.895916903635753	0.62798227172904
orf19.3967	Chr5	PFK1	7033.83932721646	6379.335593248	0.90694929134421	0.787462427340786	0.648394549358911
orf19.1981	Chr5	IMP2	562.205854041635	507.828925314416	0.903279326715812	0.773677515595363	0.310589482635388
orf19.4221	Chr5	ORC4	702.497989570855	654.903043987271	0.932248993890134	0.53844612132749	0.527324552711343
orf19.1972	Chr5	SET5	1253.84914748344	989.75498292023	0.789373255073575	0.198455623510095	0.177410562995226
orf19.921	Chr5		402.731435376263	323.029250697579	0.80209594365481	0.396493014756082	0.147494517703767
orf19.3997	Chr5	ADH1/ADH/CAD	60226.5374993596	40684.5069108605	0.675524587666909	0.167077580679135	0.0286056367354939
orf19.597	Chr5	BNA4	2794.45834850403	3578.87248468313	1.28070346319494	0.129812122470930	0.0636687592214706
orf19.4278	Chr5		1024.21688467133	674.85929880796	0.658902727447732	0.0186240306128049	0.0156050545516056
orf19.1948	Chr5		702.348037195343	456.052782152882	0.649325915359596	0.0323798839941810	0.0130257893631992
orf19.4133	Chr5		844.92572314182	664.257528913566	0.786172690356204	0.134130482560473	0.0698499558830298
orf19.3218	Chr5		507.550524362454	345.050834981286	0.679835441830569	0.044167586473995	0.00452381668597988
orf19.3934	Chr5	CAR1	1374.11762051765	2219.95663893876	1.61555066741846	0.366053387715476	0.263632027198221
orf19.6660	Chr5		3779.21533350865	2320.28683264034	0.613959943501333	0.0144613802872676	0.00184123869427084
orf19.3924	Chr5		245.761338261623	173.784712708389	0.707127955672949	0.0181284389084766	0.0286542200773416
orf19.1110	Chr5	THI80	1648.74851431573	1390.9428943017	0.843635570994872	0.745412185517608	0.409576464554173
orf19.1287	Chr5		3014.42747691614	2070.86280886747	0.686983788704725	0.214502173900040	0.0322895008676143
orf19.3983	Chr5		2617.87153470287	2841.40069617613	1.08538584056174	0.812595439137205	0.691820186936125
orf19.932	Chr5	DNF1	699.818436555135	531.427530459877	0.759379151363653	0.0538281957270125	0.0165285997208509
orf19.979	Chr5	FAS1	4971.13365519696	2821.77537817142	0.56763216881555	0.0809066104740078	0.0427333149764323
orf19.3925	Chr5		237.621943341957	146.612877195091	0.617000581398761	0.0659750426310123	0.123197705046438
orf19.4003	Chr5	TIP20	1437.91897715664	903.345763319993	0.628231338254036	0.150976379636668	0.106425982495827
orf19.3209	Chr5	FGR42	571.8147519726	459.052270838462	0.802798929644365	0.622824703032377	0.13797942330927
orf19.6299	Chr5	ULA12	374.394622883608	228.809485078961	0.611145222430434	0.22309176316094	0.0208304361229154
orf19.6674	Chr5	BTS1	552.192365894766	501.365795064813	0.907954955611177	0.663969850535837	0.500988996693156
orf19.3966	Chr5	CRH2/CRH12	287.224840681087	233.5361236919	0.813077737768514	0.116438651727019	0.149093881167544
orf19.3182	Chr5	GIS2	9522.3843514086	7958.5640207132	0.8357742900323	0.30489670990557	0.130277717569935
orf19.3974	Chr5	PUT2	2437.67293017275	1731.52298448593	0.710318009874778	0.239238740625643	0.00820865754193665
orf19.1105	Chr5		56876.9012650253	36668.5982574821	0.64470105511937	0.193715798793702	0.231689600346022
orf19.1106	Chr5		287.749446253581	223.66940029457	0.777306101563998	0.118084840281584	0.0843804111086846
orf19.3949	Chr5	YTA7	1049.35996030693	574.541865164646	0.547516473752819	0.0108948445418876	0.0129981080542984
orf19.4264	Chr5		319.236712053332	250.780932092084	0.785564199302328	0.243716546117748	0.0413842713867494
orf19.3971	Chr5		362.083964038807	278.239476704129	0.7684391034625	0.246930673367789	0.0108936496715312
orf19.3173	Chr5	SSP120	1776.86098942305	1757.51522669059	0.98911239379579	0.981199496820984	0.871808028705967
orf19.2655	Chr5	BUB3	1927.65364728887	2216.44891348740	1.14981698948081	0.833486407203307	0.486254929452088
orf19.1124	Chr5	DPH52	1481.19417300018	1422.99144663104	0.960705539199327	0.917549301832093	0.612505170713144
orf19.5686	Chr5		4669.80281283328	6509.39661733625	1.39393393644963	0.66349935477589	0.209904920220937
orf19.604	Chr5		305.254219723648	239.605810626384	0.784938569705288	0.275094816537011	0.0458681118079436
orf19.6670	Chr5	CAC2	692.555428197466	469.938475366914	0.678557204569223	0.0293183779535758	0.0171084744419670
orf19.570	Chr5	HYR9/IFF8	290.064404125937	202.873429498851	0.699408223184703	0.0154782520018211	0.00666839197935985
orf19.1949	Chr5	VPS1	3065.90950339114	2533.64602776267	0.826392959400876	0.262798228408816	0.369141714753906
orf19.3990	Chr5	RPC17	1278.48658131904	1053.60947150982	0.824106789155965	0.69759356831385	0.021843181974064
orf19.3944	Chr5	GRR1	1387.96318442935	890.170463215162	0.641350198046607	0.0628590959989144	0.0802537884563583
orf19.3976	Chr5	JNM1	1194.09472890835	874.857276450774	0.732653159980512	0.580970508686306	0.0797816813136231
orf19.3203	Chr5	RCY1	355.506010910841	272.320381580303	0.766007812027122	0.0875677641584485	0.0480208710383217
orf19.4273	Chr5	SLS1	652.370997160617	573.246390139188	0.87871225519557	0.763964787006575	0.342304930946844
orf19.1279	Chr5	CDS1	3002.83137211753	2250.52773480982	0.74946857013246	0.465832195593055	0.14870213380419
orf19.6656	Chr5	DUR8/DUR3	948.379231618421	798.459639891661	0.841920207941585	0.446463398845108	0.252180809269953
orf19.4045	Chr5	EST1	956.334049424683	842.102387510914	0.880552551712982	0.76837936765495	0.303407895326438
orf19.5693	Chr5	GAA1	691.358158549709	431.866253089861	0.624663566559777	0.153580092260615	0.0706002646763302
orf19.3962	Chr5	HAS1	3688.26402454884	2996.90178866416	0.81255077421708	0.205552964352757	0.152921320828852
orf19.1938	Chr5		409.210634276174	331.027376493176	0.808941285406008	0.183692392948288	0.0566429786034373
orf19.4019	Chr5		448.159269410808	322.850949975985	0.720393333379972	0.143395088317248	0.306402974186682
orf19.953.1	Chr5	COF1	13792.8342749917	11768.8828851893	0.853260660611857	0.436156223319166	0.271969582110053
orf19.4328	Chr5	CCC2	1283.35080034687	1066.75747852516	0.83122828009055	0.604812568591595	0.092475167018755
orf19.945	Chr5	DID4/VPS2	932.82594973494	606.123170995848	0.649770915108092	0.00289245579187794	0.0117413801829297
orf19.1926	Chr5	SEF2	754.875755844751	632.80590317577	0.838291464888315	0.597801823746795	0.122774600776947
orf19.3176	Chr5	RIM21	667.838977808699	588.18245996607	0.880724964415829	0.305130531462186	0.329414653392636
orf19.5683	Chr5		1447.71164290131	959.683199135269	0.662896650614758	0.277535166786698	0.0674613467201447
orf19.3198	Chr5	OBPa/OBPA	1755.60088998661	187.845759259752	0.106997985892559	0.00697178960026562	0.00480953812888826
orf19.3960	Chr5	HYS2	1154.01576249536	810.792325073583	0.702583406070977	0.0693320120905596	0.0396611292597489
orf19.2638	Chr5		283.040098918991	217.002807155724	0.766685738114555	0.173475404897049	0.0589749547773831
orf19.4131	Chr5		2224.90624167293	1743.45142716193	0.783606695197642	0.516805777302262	0.213354881672385
orf19.954	Chr5	XDJ1	517.227467821132	407.948727057922	0.788722085422963	0.130012057636821	0.197321485101419
orf19.3906	Chr5		619.91809171328	498.283869606933	0.803789849445781	0.124116943175670	0.186788267985354
orf19.938	Chr5		266.837723136624	170.296771334332	0.6382035093559	0.00497897318666158	0.00301444106880376
orf19.4251	Chr5		342.020413719250	277.050933852327	0.810042099065311	0.275181305652382	0.231939250224183
orf19.3208	Chr5	DAL52	344.193968174685	257.223411859352	0.747321091137792	0.241548081351817	0.0060379677657338
orf19.3185	Chr5	NAT1	1678.26034319355	1338.90059304081	0.79779075902671	0.148958145391749	0.155404811658146
orf19.2650.1	Chr5		643.00207987424	530.67748663644	0.825312239643504	0.615130784649361	0.242724945778626
orf19.592	Chr5		1131.03568237260	1205.62625030630	1.06594890779859	0.848371632302078	0.645293000548979
orf19.4036	Chr5	APM1	919.725703425294	607.081312296572	0.660067789815643	0.0175663662018915	0.0311332766487367
orf19.3939	Chr5		436.339579747801	438.697947655654	1.00540489109243	0.98779100398633	0.978900199993808
orf19.3915	Chr5		4871.12881018104	3503.39312098099	0.719215865049315	0.30998977309695	0.345576899043859
orf19.6293	Chr5	EMP24	3787.48042571188	3760.90453802894	0.992983227714517	0.963753837586976	0.963589606874847
orf19.4310	Chr5		227.065063505885	151.301745966246	0.666336527646073	0.086498025130447	0.145473752728815
orf19.1286	Chr5		272.611839848755	181.927169638509	0.667348746626125	0.0525494506645312	0.132409664213482
orf19.3220	Chr5		402.01241769489	284.104907887643	0.706706796562854	0.101640376613546	0.202016759812356
orf19.1936	Chr5	SNF1	2264.29964832078	1690.25914094701	0.746482093127791	0.195804922452857	0.253534783953185
orf19.943	Chr5	FET33	460.234212559714	324.284439501099	0.70460741650975	0.0231402127097383	0.0162113710744098
orf19.3931	Chr5	SFC1	948.94371742295	710.904449503534	0.749153439188301	0.421287650712987	0.178848943501361
orf19.4230	Chr5	PRE4	930.089718531822	1045.91373660828	1.12452994132576	0.734481668023005	0.583341016253277
orf19.579	Chr5	FOL1	832.210747148798	545.38551482765	0.65534543587207	0.104364481615854	0.038912022730415
orf19.3893	Chr5	SCW11	2315.77241942490	1238.57196844043	0.534841834219623	0.167763993414244	0.0772605470659664
orf19.4232	Chr5	PTH1	1004.21364406883	988.159893526638	0.984013610413476	0.95033965650269	0.959406652012415
orf19.3205	Chr5	MRPL36	618.332420470999	457.614001404094	0.740077644732777	0.229699086455987	0.0106642330870013
orf19.4222	Chr5	SST2	367.952314801299	311.816040932319	0.847436008387948	0.380956414766456	0.288692084908342
orf19.929	Chr5		246.939784866633	170.025657580264	0.688530840310285	0.0242979864395728	0.0179801129938284
orf19.1105.3	Chr5		323.231443380057	259.652465638897	0.803302002192888	0.264591247767881	0.255736577113757
orf19.4148	Chr5		679.917300513578	394.718051785219	0.580538326480392	0.028155985911411	0.0444137942677861
orf19.952	Chr5		373.686362710337	241.865330797502	0.647241523729309	0.0103490849496049	0.0135514074824445
orf19.4336	Chr5	RPS5	13623.5143137460	10531.0247335895	0.773003535729676	0.309411902874143	0.189391396496981
orf19.4257	Chr5	INT1/BUD4	638.333301712806	343.082275513479	0.537465732389183	0.0973558113378542	0.0539593485229337
orf19.4301	Chr5		769.103187250686	380.401988563756	0.494604618560454	0.00609902973626635	0.00408253745205397
orf19.4299	Chr5	MSW1	503.821782823715	371.775520636692	0.737910771846828	0.00986033811158148	0.0247719583739516
orf19.4279	Chr5	MNN1	3729.67482275473	2825.42234276535	0.75755192531195	0.101196735836297	0.0269450626003069
orf19.4270	Chr5	MNT2	569.443416326541	435.41930328808	0.764640157044847	0.290806268144762	0.0599486717482704
orf19.3174	Chr5	CDC24	1105.13749581844	683.444742469763	0.6184250783778	0.0307973387829980	0.0333595457793492
orf19.3965	Chr5		337.750922289908	261.577954633232	0.774469993626568	0.056672808408251	0.068025202160302
orf19.4145	Chr5	HAP1	596.430278643834	411.217026068731	0.68946369893185	0.0156394236857861	0.00826275538316266
orf19.3911	Chr5	SAH1	12158.2277415687	8497.04495684845	0.698872001533351	0.0253332798372035	0.0251119650106339
orf19.4023	Chr5	MRP2	2328.31468019697	1524.56835317644	0.654794803358567	0.0256884959110986	0.0151547177863811
orf19.6681	Chr5		464.674674686402	379.078606871287	0.815793559498628	0.135746536329655	0.123100140782183
orf19.4243	Chr5	YKL090	287.192762155892	200.426308818359	0.697880779842092	0.053425047139982	0.00582423655349905
orf19.955	Chr5		750.069885911876	648.003494221153	0.863924157458157	0.38070246055971	0.442500555176934
orf19.1975	Chr5	DIB1	439.339380321138	376.640750418064	0.857288846137024	0.609637627734125	0.153295820844968
orf19.586	Chr5	ERV46	2214.94744913920	1420.30002486139	0.641234186126344	0.165207311818000	0.0590778401197137
orf19.1939	Chr5		289.970084270750	193.675894406823	0.6679168125012	0.0163880120738808	0.0123768876694267
orf19.581	Chr5	NRD1	702.589565639517	599.986871620692	0.85396496185446	0.271752845441027	0.320094479435112
orf19.3186	Chr5		353.148178815704	282.700639149538	0.800515636517185	0.216539203630428	0.266117493774034
orf19.4255	Chr5	ECM331/ECM33/PST1	7382.50980470406	4518.0654221392	0.611995858002158	0.393746394175499	0.150469377301576
orf19.1953	Chr5		527.98263180578	670.440746000752	1.26981590986761	0.48131940724976	0.541920985129809
orf19.956	Chr5	CSF1	493.510773449824	298.748204157087	0.605352953226788	0.0549061085236367	0.0187444837148678
orf19.3166	Chr5	DOP1	748.925706178216	482.135095166932	0.643768922857887	0.0385636767271895	0.00313454475165467
orf19.967	Chr5	NUC1	1589.56890627536	1243.01518455777	0.781982573797553	0.131338966935287	0.0817195237116651
orf19.5689	Chr5	SEC28	1502.16981590291	1044.65975086165	0.69543385827769	0.233499599451452	0.0450011685378225
orf19.4004	Chr5	CCT3	2706.59248144395	1935.7721525715	0.715206358490576	0.387495258853441	0.141357910807864
orf19.6682	Chr5	DPH4	1627.49015944421	1172.33166329731	0.72033103026421	0.372639942856055	0.0729830306079843
orf19.3950	Chr5	MSM1	4997.80964067074	3893.89836659752	0.77912098430282	0.719928745168567	0.626240617751973
orf19.4136	Chr5	TOF1	731.61673063617	390.071244700005	0.533163374162892	0.164751797223234	0.0382922986417692
orf19.607	Chr5	RAD26	1021.61741548037	1049.62635513577	1.02741627073990	0.936136683279114	0.787988156143325
orf19.3178	Chr5	PRP9	451.829102205981	390.669011796558	0.864638886448839	0.53834538721885	0.39201647686046
orf19.6296	Chr5	SNF8	430.351709072088	403.715481114949	0.938105908735506	0.734124086407521	0.728339713954321
orf19.2639	Chr5	LSM7	952.802398643999	649.726288507352	0.681910844716621	0.414721243009641	0.185134330443256
orf19.6298	Chr5	SBP4	465.180742736084	219.113433551604	0.471028599040514	0.000150756064631450	0.00169978699279910
orf19.3210	Chr5		244.120761999325	166.258505774246	0.681050249116892	0.0777843498872112	0.129021199315335
orf19.4282	Chr5		786.269633801686	504.344635615964	0.64143979868256	0.168718558692268	0.0270063163106255
orf19.2642	Chr5	CAM1	394.194791024617	273.025519659073	0.692615747025493	0.0824230505988441	0.00293133973447760
orf19.4150	Chr5		860.4925780982	533.826646563478	0.620373330521112	0.272344749054761	0.164169957564561
orf19.3183	Chr5		649.72723265991	481.878610770631	0.741662941843878	0.263952571948676	0.247644007068759
orf19.1973	Chr5	HAP5	912.447141279711	545.999489277295	0.598390267858725	0.0136559859571955	0.0150222518558305
orf19.3947	Chr5	SPT4	1305.93771806924	1120.36981967193	0.857904480566148	0.641205765397194	0.313679560922719
orf19.4241	Chr5		857.652824532416	732.633909219026	0.85423132561646	0.120348128170492	0.103444042382316
orf19.4325	Chr5		1394.00170070699	1114.26739685982	0.799330012506228	0.124004473468114	0.111003609048223
orf19.2646	Chr5	HAP4/HAP1	834.148301440732	721.374814707735	0.864804032402613	0.662757646853553	0.280613703796208
orf19.4018	Chr5	RSM7	771.212332373399	653.284589867134	0.84708784136874	0.583360515144311	0.213730027562824
orf19.3172	Chr5		289.660614732892	231.149678528493	0.798001753678682	0.226801003006712	0.335667924737005
orf19.4242	Chr5	CST20(STE20)/CST20/STE20	577.571638394656	298.846086433913	0.517418215452108	0.00981172774021097	0.0175353666742477
orf19.4311	Chr5	YNK1	10602.3668166773	6832.6262744285	0.644443490078169	0.336062712338984	0.152541536444931
orf19.577	Chr5		1378.19785787882	1056.83950825345	0.766827130235154	0.145156158042103	0.00896960384508809
orf19.3951	Chr5	YIP1	1059.88898977080	843.994941659363	0.79630503741894	0.269323828799922	0.206772109268154
orf19.3920	Chr5	MPD1	739.70727436722	597.581132622958	0.80786164112575	0.0423815359234603	0.00777420356444708
orf19.6288	Chr5		293.751005830601	241.665300321218	0.8226875671043	0.431197667195380	0.339490781739453
orf19.1944	Chr5	GPR1	801.962994906298	639.071070122714	0.796883489863997	0.0766517356818451	0.0364028796159610
orf19.568	Chr5	SPE2	3429.34431788268	1850.79465908308	0.53969344793753	0.0528902106378694	0.0250066041846512
orf19.4223	Chr5	GCD11/EIF2	7645.41092834198	5730.10266632614	0.749482626902932	0.0778018963229613	0.0809113676961254
orf19.4043	Chr5	ASK10	2960.58903174848	2521.2294111326	0.851597227475912	0.511161440537314	0.559945544203588
orf19.2226	Chr5		726.229794900208	522.326516350935	0.719230359341989	0.0188446022779807	0.0185077548010676
orf19.920	Chr5	RMT2	511.070780549216	356.519464353415	0.697593127844809	0.122792182084222	0.0105759107449826
orf19.4216	Chr5	HSP122/HSP12	5189.57844890189	5473.59317692689	1.05472789954357	0.932510981449137	0.54931168399417
orf19.1956	Chr5		1621.65140781833	840.073406016564	0.518035751682754	0.125928737624096	0.0441461378448035
orf19.4304	Chr5	GAP1	495.366124739487	697.814475259875	1.40868428503636	0.470879541169885	0.352170814867039
orf19.4342	Chr5		920.583481994658	703.241625036183	0.763908584925341	0.494467343197724	0.0099464854850644
orf19.4293	Chr5		1760.44290370895	1457.97421999315	0.82818603030036	0.371488362397457	0.176142877278701
orf19.3181.1	Chr5	NCE11	1727.70731113686	934.717681985105	0.541016221879646	0.00290887821409242	0.00620202361643812
orf19.4151	Chr5	SPO1	335.028686235729	260.649282679972	0.777990940443163	0.348631935342373	0.267971912585508
orf19.4051	Chr5	HTS1	3501.46918473499	2594.41765821416	0.740951161165372	0.0292285101062294	0.075445433872684
orf19.4326	Chr5		357.307338739811	290.704338070948	0.81359744553872	0.217398212776649	0.288847117974987
orf19.1115	Chr5	GUK1	1108.33577230665	754.442289919192	0.680698312524065	0.210747506353227	0.00929547083002421
orf19.978	Chr5	BDF1	643.41724009686	430.420396190793	0.668959998843048	0.120784912587260	0.0822139015528561
orf19.598	Chr5		308.631590002705	249.600636579489	0.808733275091191	0.272280987025913	0.360764268395678
orf19.3937	Chr5	SDF1	454.30767532693	280.481010532402	0.617381184085348	0.132279334664112	0.0101204622786235
orf19.6676	Chr5	DPH5	3401.11920420600	2279.83002412081	0.670317588781205	0.200854012917433	0.138983920159602
orf19.567	Chr5	TFB3	681.58648902819	470.215795789376	0.689884267600159	0.374062433121720	0.00433345650146561
orf19.3193	Chr5	YAP3(FCR3)/FCR3	1161.64529454077	845.105045516415	0.727506967477972	0.477932109085801	0.022070199529446
orf19.935	Chr5	AGA1	2059.74638120113	2287.78593984379	1.11071244533984	0.812017473708324	0.135369178449850
orf19.1950	Chr5		1318.72453144346	1178.35350777414	0.893555461870667	0.822602981403423	0.454468038166183
orf19.3968	Chr5		241.204788531770	174.041650211100	0.721551389052031	0.190433388762194	0.223355154826153
orf19.3998	Chr5		450.325178010755	412.695267780108	0.916438360393545	0.232480967537708	0.276212487084560
orf19.4265	Chr5	UAP1/YDL103	1214.9513466923	735.968990050283	0.605760051259629	0.0788501465536667	0.031709523581094
orf19.4266	Chr5	SPR28	397.178696481067	309.202248527556	0.77849655902251	0.160258943225951	0.0379902583651568
orf19.1952	Chr5		332.848979609055	254.873890832687	0.765734331323613	0.185093319968316	0.182394708527326
orf19.3213	Chr5		503.738158211189	449.82504258313	0.892973929512292	0.6166311811411	0.220565637536554
orf19.4153	Chr5	ULA1	334.264041089419	267.316069117386	0.799715303644868	0.318963671179888	0.0805482567882806
orf19.4032	Chr5	RPN5	1649.00736251784	1016.05710586342	0.616162868012923	0.0601824175283491	0.101493460537366
orf19.576	Chr5	CTF8	1404.76335410738	811.67202231211	0.577799826525134	0.348173211390287	0.191307459071282
orf19.927	Chr5		886.176115913584	717.202678675256	0.809322961650655	0.333741332919217	0.238640558419605
orf19.3956	Chr5		510.545438774464	390.529617674168	0.76492626907335	0.175869657878493	0.00886301463196404
orf19.4320	Chr5		263.183568379550	182.762027984266	0.694427958058139	0.0989008416173361	0.131751318655091
orf19.947	Chr5	MRP17	609.52709469363	421.746695363898	0.691924442794267	0.154111409465839	0.0129190838676636
orf19.1105.2	Chr5	PGA56	25618.4859586408	21574.7552281390	0.84215574889827	0.85714756309753	0.577652396710283
orf19.3957	Chr5	FOL2	964.473472334238	738.890121894337	0.76610725239136	0.53510557825112	0.0463837978749315
orf19.4219	Chr5	VCP1	940.46799753926	620.845832678181	0.66014562356468	0.229801336046556	0.0351868672184246
orf19.593	Chr5	SWA2/FGR32	2137.76801238190	1819.74879679014	0.851237733117066	0.559498702822476	0.425876098736958
orf19.4013	Chr5		519.16827492733	371.973273632257	0.716479206446741	0.231312544462997	0.0504377428965898
orf19.1961	Chr5		986.343291644803	592.046750421658	0.600244109162414	0.238619199474854	0.0209809289505202
orf19.4040	Chr5	ILV3	4599.13370347631	3172.57795061693	0.689820769554689	0.531293887285112	0.240096292200054
orf19.4048	Chr5	DES1	4259.61405122946	3311.36532445691	0.777386233736633	0.472222813792671	0.280472843334109
orf19.1974	Chr5	TFS1	3297.78400314059	2807.24123880559	0.851250790267694	0.419723932230922	0.409692453537234
orf19.3936	Chr5		2726.72905267549	2326.62198021462	0.853264822161822	0.786228843239083	0.301877532276849
orf19.1943	Chr5		456.836175571911	351.836296499212	0.77015857174347	0.0256899287343365	0.0660979094307498
orf19.603	Chr5	IMP4	3124.85940161822	3455.52573629827	1.10581798800573	0.625565322462083	0.500506955567616
orf19.4305.1	Chr5		353.884202485207	304.403113494140	0.860177174783226	0.329061425874015	0.273823382552097
orf19.2647	Chr5		501.724032925899	327.19279214236	0.652136973057227	0.07374073736764	0.000921395224694646
orf19.4152	Chr5	EFT3/CEF3/TEF3/YEF3	7763.0159993759	4582.52610217406	0.590302287479823	0.095068242894863	0.0819734803474101
orf19.4324	Chr5		336.154534421124	172.750677337639	0.513902564590197	0.0636299713019647	0.0476237565595582
orf19.969	Chr5	PRS2	6231.53387447072	4241.63579481199	0.680672829556311	0.0565136838856246	0.128615746770292
orf19.1120	Chr5		460.00160635823	382.248424750021	0.830971934590031	0.193787727751264	0.151311044819435
orf19.3940	Chr5		359.619783335340	229.047081495823	0.636914575086768	0.0290338577313956	0.0495616221216097
orf19.4217	Chr5		305.763978697935	196.575261178641	0.642898689426194	0.0646158868886843	0.121287694706655
orf19.587	Chr5	TEX1	714.581836252049	444.127857915982	0.621521336513972	0.0158534125829611	0.00309902184086219
orf19.3901	Chr5		1834.51976995046	1559.85814471410	0.850281457994987	0.718030949215167	0.171851583822715
orf19.2224	Chr5		368.890983872821	333.2043275201	0.903259613509491	0.470636468791359	0.506661281543941
orf19.5685	Chr5	THS1	4847.27237373084	2433.20023386564	0.501973078107194	0.0523868134710225	0.0625615065280826
orf19.4009	Chr5	CNB1	1734.79420563731	1359.69819606176	0.783780688016682	0.0441437403459553	0.109842031236019
orf19.3160	Chr5	HSP13/HSP12	46904.3173736779	34300.4111448776	0.731284731672198	0.320504144125885	0.190617212346718
orf19.1108	Chr5	HAM1	2598.45743499387	2096.33598986276	0.806761720100184	0.400577528486553	0.0890981357205571
orf19.4225	Chr5	LEU3	1032.62158381963	688.231573601226	0.666489626389058	0.318972800190257	0.0636646773506207
orf19.605	Chr5		413.366975489881	390.347605205029	0.94431250765117	0.769050430703633	0.817104208515607
orf19.1935	Chr5		692.13208627555	507.697360499293	0.73352669319418	0.0722284347374675	0.194716536903730
orf19.970	Chr5		539.749786999939	369.269510354934	0.684149432290514	0.0622345359834945	0.0710011546915097
orf19.942	Chr5	KRE8(CWH48)	256.590516286308	205.666619084248	0.801536323559057	0.20214448198841	0.216151464932595
orf19.926	Chr5	EXO1(DHS1)	705.310975027487	458.35701588283	0.649865140500567	0.257971736172984	0.0810105754718408
orf19.1933	Chr5	PEX29	660.829825265085	429.241282070859	0.649548893920873	0.0363896465941372	0.0188963579285564
orf19.3907	Chr5		237.864198458389	181.242297145089	0.761957025562195	0.348588102876269	0.327841753119342
orf19.3938	Chr5		926.500413966033	582.370718393803	0.62857038120563	0.182276878609631	0.0511843109075906
orf19.4146	Chr5	SMD3	1315.99341080523	1513.25748007782	1.14989745970832	0.696445505070544	0.451444363295539
orf19.4346	Chr5	SEC16	652.382726961781	414.561500554047	0.635457505879572	0.00401049525146960	0.00819017806416174
orf19.4028	Chr5	RER2	581.746149913553	501.95211204786	0.862837015977586	0.00367725815215866	0.0210443878203681
orf19.1123	Chr5		323.580805090783	319.991828259695	0.988908560784126	0.955882350354467	0.963481749107265
orf19.976	Chr5	BRE1	1134.29893878163	704.286307682945	0.620900085156942	0.342665684937827	0.148698051155390
orf19.6662	Chr5		593.040035656862	398.42401288188	0.671833247211679	0.00433084634402547	0.0534239396042773
orf19.3910	Chr5	RNY1	521.636011850611	397.086271761652	0.761232473871785	0.177283911228661	0.0218897259054303
orf19.4132	Chr5		12883.0764317889	14482.5453869008	1.12415271799251	0.841943098764776	0.828423419544928
orf19.3211	Chr5	RCF3	1937.46806763644	1122.82271356924	0.579530951928923	0.0467783821445001	0.0532933107517882
orf19.1116	Chr5		775.350174801734	542.033345197831	0.699081992644723	0.0881947665569797	0.177904209826886
orf19.3899	Chr5		449.065725011043	341.020044617918	0.759398960162306	0.144554546065780	0.109307114466886
orf19.2636	Chr5		1843.54955260015	1229.45351328426	0.666894747445346	0.203870970198634	0.38620644702846
orf19.4002	Chr5	DUN1	412.915688143372	262.561190391932	0.635871190974866	0.0116952200559929	0.000748260448414298
orf19.1114	Chr5		1896.03476756111	1553.02988425902	0.819093568762297	0.276071545626291	0.465759912170115
orf19.6286	Chr5	RPS27	17181.1499614129	18053.3008726228	1.05076208013833	0.823050063536619	0.71558104866583
orf19.4341	Chr5	CDC91	1311.23106106076	940.980804399304	0.717631569555763	0.529089259711888	0.075025938354106
orf19.3982	Chr5		1191.98412295314	348.018126826198	0.291965404676685	0.130326697811699	0.103376779787691
orf19.4154	Chr5	SPB4	917.702369565838	599.112172925602	0.652839300403071	0.0157772231268006	0.0529050958615577
orf19.2641	Chr5	ARP1	580.445422938722	446.401351053372	0.769066881074363	0.242314427268530	0.0133379750757146
orf19.3167	Chr5	COX10	2064.09424372084	1525.87014353064	0.739244415884824	0.464747467502182	0.229832161376538
orf19.6284	Chr5	SRP102	808.696763285083	779.338315521471	0.963696592967243	0.880357546142946	0.862194143151735
orf19.3903	Chr5		447.218396943018	345.746930532818	0.773105339351394	0.317496757782410	0.0773331314116256
orf19.3159.4	Chr5	UTP20	423.824907297911	422.623710746003	0.99716581887656	0.992933172377943	0.976813277936508
orf19.6671	Chr5	LAP5	947.688381337067	753.400641350825	0.794987736673392	0.404310886725186	0.233084629452629
orf19.6672	Chr5	MDJ1	6130.54214497661	5857.07864956468	0.9553932606701	0.940364406327204	0.85518527282972
orf19.962	Chr5		1479.67417613300	893.282079573944	0.603701878415191	0.0211064066065309	0.098275469367379
orf19.4046	Chr5		516.238278614861	411.874635884365	0.797838232742993	0.347495968739641	0.118041747229486
orf19.4054	Chr5	CTA24	11571.5252556643	11527.7994658920	0.996221259617367	0.993953912225475	0.986571976084712
orf19.599	Chr5		424.656324646525	488.211002416237	1.14966144169079	0.595730275960107	0.439173397317674
orf19.3908	Chr5		1238.26418104413	1247.39386741477	1.00737297138236	0.97730547231076	0.949874998958243
