"orf","chr","gene","WtMean2","MutMean2","fold.mut.by.wt","p","p.paired","w1","w2","w3","m1","m2","m3"
"orf19.3198","Chr5","OBPa/OBPA",1690.28,181,0.11,3.06E-005,0,1191.88,3003.46,1050.05,240.02,631.02,276.13
"orf19.3895","Chr5","CHT2",3695.58,915.59,0.25,0,0.01,3454.02,5276.16,2225.74,1019.98,1537.53,1016.56
"orf19.3199","Chr5","PIKa/PIKA",1080.92,281.99,0.26,0.01,0,612.68,2124.18,483.02,319.52,873.31,383.36
"orf19.3982","Chr5",,1114.42,333.9,0.3,0.09,0.03,627.02,3039.4,409.57,370.07,706.27,415.17
"orf19.3197","Chr5","PAPa(PAP1)/PAP1",1191.59,438.52,0.37,0,0,1726.72,1309.29,1231,623.21,805.75,648.66
"orf19.4235","Chr5","PDE1",719.91,327.37,0.45,0.6,0.62,522.18,375.9,2089.21,549.66,445.77,610
"orf19.4274","Chr5","PUT1",2118.39,1012.26,0.48,0.41,0.09,1801.31,506.71,1061.05,2607.91,475.31,1706.56
"orf19.5685","Chr5","THS1",4815.2,2321.13,0.48,0.04,0.05,5901.42,8058.24,3911.02,2899.08,2554.2,6333.13
"orf19.3981","Chr5","MAL31",667.85,324.36,0.49,0.03,0.02,758.69,595.21,578.69,301.02,289.4,323.62
"orf19.1977","Chr5","URA4",2865.74,1421.07,0.5,0.11,0.01,1796.46,6551.5,1287.12,1646.6,2584.6,1954.1
"orf19.3190","Chr5","HAL9c/HAL9/ZNC3",353.95,176.4,0.5,0.09,0.17,516.95,365.09,449.51,324.41,380.46,316.91
"orf19.1963","Chr5","GDS1",1738.03,867.72,0.5,0.04,0.02,2030.25,3092.05,1500.17,1743.29,1234.69,1912.59
"orf19.941","Chr5","SEC14",4013.42,2027.82,0.51,0.06,1.20E-005,2318.4,4754.03,1647.65,1278.74,3517.12,2420.02
"orf19.4000","Chr5","PHO2",836.94,432.16,0.52,0,0,1119.47,785.89,758.24,777.59,527.33,859
"orf19.1956","Chr5",,1552.22,802.39,0.52,0.19,0.02,2540.45,1554.21,2388.38,1655.69,831.71,2836.75
"orf19.4258","Chr5","FIP1",1475.69,765,0.52,0.16,0.2,3984.05,1382.31,526.83,593.33,1554,804.52
"orf19.1960","Chr5","CLN3/CLN2",700.67,363.62,0.52,0.09,0,958.93,978.72,733.51,627.3,735.83,618.96
"orf19.568","Chr5","SPE2",3385.81,1765.63,0.52,0.05,0,2929.14,5623.69,3287.77,1994.24,2923.46,3845.49
"orf19.3893","Chr5","SCW11",2260.03,1190.77,0.53,0.14,0.01,924.93,4583.75,907.52,497.14,1780,770.5
"orf19.4301","Chr5",,690.39,364.6,0.53,0.01,0.03,764.35,803.46,724.9,655.16,700.16,701.02
"orf19.3181.1","Chr5","NCE11",1666.92,897.22,0.54,0,0.01,1205.95,2133.6,1020.04,1239.28,997.92,1967.79
"orf19.1946","Chr5","@",1674.58,907.26,0.54,0.61,0.27,383.63,4367.48,408.49,413.87,2202.14,468.29
"orf19.3216","Chr5",,1393.94,755.52,0.54,0.26,0.02,741.54,2597.26,661.02,800.02,2101.79,867.66
"orf19.3954","Chr5","PSD2",800.74,434.99,0.54,0.15,0.04,533.79,1711.13,476.38,518.8,916.52,646.63
"orf19.4308","Chr5","HSL1",1038.45,564.36,0.54,0.11,0.01,1687.24,934.94,1393.74,1508.77,821.18,1709.97
"orf19.979","Chr5","FAS1",4953.62,2697.57,0.54,0.1,0.06,7121.4,3905.5,6380.39,5205.54,3380.75,7018.6
"orf19.980","Chr5","VIP1",3281.44,1792.58,0.55,0.07,0.02,1713,6154.71,1772.21,1163.96,3309.91,1635.83
"orf19.6298","Chr5","SBP4",381.94,210.49,0.55,0.06,0.12,482.04,438.22,423.72,387.64,323.69,484.44
"orf19.6665","Chr5","NUP4",3838.88,2124.46,0.55,0.14,0.01,2192.14,5504.71,1767.3,1341.88,3705.1,1547.12
"orf19.1945","Chr5","AUR1",951.89,526.85,0.55,0,0.02,1270.87,1059.24,903.79,905.38,844.41,881.78
"orf19.4152","Chr5","EFT3/CEF3/TEF3/YEF3",7776.65,4372.52,0.56,0.07,0.07,12052.96,7701.96,9331.95,5997.82,3383.86,14402.29
"orf19.3949","Chr5","YTA7",974.37,550.56,0.57,0.01,0.02,1044.52,1291.33,890.54,1008.13,668.81,1089.5
"orf19.6294","Chr5","MYO1",559.46,318.51,0.57,0.02,0.01,757,740.17,583.04,613.79,517.5,694.57
"orf19.3211","Chr5","RCF3",1870.93,1068.21,0.57,0.02,0.01,2863.6,2714.43,1481.76,1463.05,1290.29,3755.33
"orf19.4295","Chr5","HIR2",482.95,276.2,0.57,0.01,0.01,677.59,745.5,490,496.45,535.88,621.1
"orf19.4136","Chr5","TOF1",651.27,372.75,0.57,0.45,0.21,367.63,1379.93,342.81,339.38,785.44,445
"orf19.4242","Chr5","CST20(STE20)/CST20/STE20",495.93,286.82,0.58,0.06,0.11,730.08,492.66,577.53,385.07,501.27,475.67
"orf19.576","Chr5","CTF8",1339.08,775.25,0.58,0.9,0.86,279.38,2357.45,282.32,453.43,2226.87,507.77
"orf19.3964","Chr5","ASH2",728.61,423.33,0.58,0.02,0.01,1096.27,796.27,894.85,867.05,530.96,1077.21
"orf19.4255","Chr5","ECM331/ECM33/PST1",7378.91,4305.84,0.58,0.48,0.01,3092.09,18957.33,2478.64,3890.62,11223.24,4984.95
"orf19.4337","Chr5","ESBP6",760.44,446.99,0.59,0.5,0.27,1278.52,388.09,1029.87,966.42,418.59,1068.59
"orf19.4335","Chr5","TNA1",1081.83,638.7,0.59,0.08,0.01,1821.41,1165.42,1165.28,1410.11,1231.07,1667.32
"orf19.3969","Chr5","HSR1",541.97,320.06,0.59,0.05,0.06,487.11,744.67,458.46,384.67,651.87,486.65
"orf19.4257","Chr5","INT1/BUD4",556.7,328.83,0.59,0.32,0.24,419.73,1053.55,454.46,478.22,597.5,551.23
"orf19.6660","Chr5",,3756.82,2228.81,0.59,0.02,0.01,3160.44,3571.02,2513.35,3572.3,1731.44,3512.09
"orf19.4281","Chr5","IFH1",936.02,557.23,0.6,0.06,0.02,843.91,1454.68,721.81,465.72,1305.73,617.98
"orf19.962","Chr5",,1412.19,852.1,0.6,0.04,0.05,1653.56,1066.98,838.21,1057.13,2386.98,775.91
"orf19.3942","Chr5","RPL43A",44204.79,26705.91,0.6,0.16,0.02,60018.93,31397.64,44019.19,65170.87,10393.4,64267.85
"orf19.4312","Chr5","SPT8",1015.36,613.74,0.6,0.13,0.04,753.74,1818.77,651.21,753.46,1116.76,769.87
"orf19.940","Chr5","BUD2(CLA2:ERC25)/BUD2",382.21,232.24,0.61,0.18,0.22,582,381.76,451.67,367.82,393.06,598.67
"orf19.4311","Chr5","YNK1",10667.94,6502.47,0.61,0.3,0.02,3791.69,22033.57,3803.67,3466.94,10705.72,8178.13
"orf19.3984","Chr5",,433.84,265.78,0.61,0.42,0.38,506.59,345.98,410.83,416.21,275.04,358.29
"orf19.4032","Chr5","RPN5",1582.81,973.55,0.62,0.04,0.05,1806.28,2014.55,1546.14,1132.33,692.75,3040.65
"orf19.4265","Chr5","UAP1/YDL103",1142.54,704.15,0.62,0.11,0.03,884.25,1816.57,789.7,781.29,1062.39,1136.93
"orf19.1961","Chr5",,910.06,564.55,0.62,0.33,0.01,1740.67,545.71,1392.58,1165.1,439.35,2689.17
"orf19.1973","Chr5","HAP5",835.76,524.13,0.63,0.03,0.03,832.63,1167.39,731.28,716.13,733.43,969.46
"orf19.3912","Chr5","GLN3",1094.85,687.51,0.63,0.01,0.03,1362.3,1400.02,1058.4,1049.21,857.71,1520.17
"orf19.4148","Chr5",,599.17,379.04,0.63,0.05,0.07,864.33,676.69,778,592.98,435.71,822.74
"orf19.586","Chr5","ERV46",2156.11,1364.19,0.63,0.14,0.03,3140.64,2130.52,2554.44,3157.5,952.54,3710.06
"orf19.4003","Chr5","TIP20",1369.76,867.46,0.63,0.18,0.12,919.84,1957.6,928.07,1048.93,1374.96,1031.54
"orf19.976","Chr5","BRE1",1059.58,674.77,0.64,0.52,0.17,427.47,2388.71,335.55,406.76,1239.92,444.52
"orf19.3174","Chr5","CDC24",1032.15,657.32,0.64,0.05,0.06,1290.56,899.83,1274.24,1368.04,678.26,1328.35
"orf19.4297","Chr5","CKB22",914.41,584.18,0.64,0.02,0.05,1055.93,970.91,812.91,978.34,613.44,1242.96
"orf19.3997","Chr5","ADH1/ADH/CAD",61298.79,39215.94,0.64,0.16,0.02,65009.88,25895.55,59719.25,65280.33,35467.37,65535
"orf19.4023","Chr5","MRP2",2277.46,1462.37,0.64,0.03,0.02,1924.34,2507.07,2004.32,1852.12,1101.29,3073.88
"orf19.922","Chr5","ERG11(ERG16)/ERG11/CYP51/ERG16/L1A1/P45014DM",2006.49,1300.07,0.65,0.02,0.08,2054.26,3007.87,1734.83,2317.56,1344.1,1902.69
"orf19.3944","Chr5","GRR1",1318.41,855.55,0.65,0.08,0.09,1630.96,1392.39,1543.1,1342.87,752.54,1740.19
"orf19.6676","Chr5","DPH5",3360.32,2181.91,0.65,0.18,0.06,1873.91,6308.63,1688.08,1974.82,3089.6,3342.42
"orf19.964","Chr5","SMC4",1117.25,727.9,0.65,0.26,0.01,780.91,2359.79,659.82,632.54,1733.73,757.26
"orf19.4149","Chr5","RPS11A/@",32762.27,21363.7,0.65,0.48,0.03,9733.91,50425.08,8756.9,9835.57,62854.14,10708.03
"orf19.969","Chr5","PRS2",6226.04,4060.74,0.65,0.04,0.11,7532.45,8907.93,4811.07,4525.45,4501.48,9744.04
"orf19.3941","Chr5","URA7",2720.61,1776.24,0.65,0.01,0.01,2668.81,3242.04,2160.6,2890.25,2132.08,3358.25
"orf19.4322","Chr5","DAP2",479.51,313.27,0.65,0.57,0.43,340.07,892.86,281.27,302.21,653.07,392.67
"orf19.4150","Chr5",,782.56,513.32,0.66,0.5,0.27,388.4,1657.22,354.81,363.51,685.85,508.58
"orf19.3938","Chr5",,847.99,557.06,0.66,0.19,0.04,1564.23,861.6,1087.44,1150.28,543.12,2175.63
"orf19.4324","Chr5",,250.72,165.42,0.66,0.8,0.82,336.07,331.33,146.83,297.65,391.06,119.71
"orf19.3192","Chr5","STI1",2046.08,1350.39,0.66,0.13,0.1,1431.74,1770.1,1134.21,1817.77,2394.46,2662.12
"orf19.4040","Chr5","ILV3",4573.29,3021,0.66,0.76,0.2,10438.21,996.79,7043.33,5383.6,1014.77,16139.28
"orf19.4262","Chr5","JSN1",611.7,405.15,0.66,0.08,0.04,718.55,966.11,574.36,669.04,743.88,734.83
"orf19.3911","Chr5","SAH1",12277.35,8148.27,0.66,0.03,0.03,12168.14,9873.46,9875.26,7343.35,11469.45,11345.75
"orf19.4318","Chr5","MIG1",1600.26,1066.77,0.67,0.05,0.04,1261.54,2398.77,960.67,1423.25,1267.67,1982.67
"orf19.5683","Chr5",,1385.05,924.75,0.67,0.13,0.07,1186.42,1069.56,984.63,1140.53,860.89,1651.09
"orf19.1287","Chr5",,2968.48,1987.34,0.67,0.28,0.04,4687.82,2152.24,3678.02,4847.9,2350.03,5241.61
"orf19.587","Chr5","TEX1",634.36,424.91,0.67,0.03,0.01,756.24,891.48,635.52,551.81,809.75,991.58
"orf19.1959","Chr5",,635.17,425.56,0.67,0.48,0.44,945.27,416.16,815.33,793.93,650.54,961.84
"orf19.4035","Chr5","GAS1/PGA4",4776.17,3205.46,0.67,0.06,0.13,4956.13,6478.75,3461.29,4057.81,2899.59,4609.85
"orf19.5698","Chr5","RPL1",1409.55,947.73,0.67,0.08,0.04,1525.21,1456.79,1085.24,2274.95,1252.77,2059.02
"orf19.945","Chr5","DID4/VPS2",857.54,581.36,0.68,0.03,0.03,791.79,997.94,867.52,636.84,828.91,987.16
"orf19.5693","Chr5","GAA1",610.06,414.25,0.68,0.31,0.18,1234.92,517.69,823.25,818.18,621.13,1070.54
"orf19.4142","Chr5",,620.1,421.37,0.68,0.13,0.14,891.35,529.15,589,843.92,617.53,853.07
"orf19.966","Chr5","DUS4",986.02,671.64,0.68,0.43,0.2,463.04,1548.66,454.39,456.77,1106.09,468.46
"orf19.4278","Chr5",,949.51,647.35,0.68,0.04,0.03,850.09,1393.58,662.04,931.52,880.5,886.91
"orf19.4282","Chr5",,707.05,483.24,0.68,0.39,0.1,494.28,1371.57,480.25,452.9,978.78,625.32
"orf19.3994","Chr5","OST3",986.27,676.54,0.69,0.06,0.01,1226.15,961,1066.98,1271.97,785.87,1995.52
"orf19.4219","Chr5","VCP1",863.82,592.96,0.69,0.45,0.2,541.03,1551.02,514.75,711.55,1159.02,864.69
"orf19.4030","Chr5","PRI1",1496.28,1030.95,0.69,0.12,0.13,1088.19,2625.13,952.69,1963.46,1430.73,1950.46
"orf19.4225","Chr5","LEU3",956.56,659.6,0.69,0.54,0.14,494.83,2068.4,478.79,509.9,1508.12,737.48
"orf19.4036","Chr5","APM1",844.52,582.56,0.69,0.09,0.16,769.81,876.55,842.52,1045.98,847.54,1020.74
"orf19.3166","Chr5","DOP1",669.5,461.94,0.69,0.15,0.03,748.49,915.75,659.93,713.28,818.93,874.4
"orf19.4240","Chr5","PER1",886.99,612.28,0.69,0.03,0.02,1288.13,1047.36,816.03,1092.31,995.25,1236.89
"orf19.585","Chr5","MRPL17",1020.59,705.34,0.69,0.16,0.18,1543.58,984.95,1096.88,982.38,1438.09,1311.14
"orf19.3177","Chr5","RIB2",1770.85,1224.04,0.69,0.06,0.08,1554.02,2865.63,1190.15,1969.92,1705.56,1589.19
"orf19.3160","Chr5","HSP13/HSP12",47614.59,32940.37,0.69,0.27,0.12,23736.65,63575.72,21981.47,30986.71,44875.39,62989.67
"orf19.5680","Chr5",,1053.21,729.82,0.69,0.09,0.04,1005.31,1294.19,762.02,648.37,1119.35,808.3
"orf19.579","Chr5","FOL1",753.99,522.6,0.69,0.23,0.11,1164.6,650.07,1025.78,1097.16,684.14,1188.11
"orf19.3915","Chr5",,4844.87,3363.17,0.69,0.24,0.27,3254.67,9964.45,2797.14,3641.05,3905.88,4125.46
"orf19.4280","Chr5",,380.26,264.25,0.69,0.75,0.64,378.94,308.34,361.96,269,415.28,420.81
"orf19.4346","Chr5","SEC16",571.57,397.41,0.7,0.03,0.06,674.83,766.51,559.59,648.07,599.35,804.77
"orf19.3999","Chr5",,298.74,207.76,0.7,0.79,0.79,570.98,307.44,434.67,424.88,315.66,543.96
"orf19.3974","Chr5","PUT2",2385.85,1661.05,0.7,0.17,0.02,3223.91,1976.11,2544.55,4615.46,1027.05,5010.48
"orf19.3980","Chr5","SLH1",595.56,414.74,0.7,0.27,0.14,535.43,979.87,432.47,482.71,771.66,594.44
"orf19.4016","Chr5","COR1",6418.33,4474.9,0.7,0.16,0.03,4171.18,8676.98,3304.48,4906.63,7614.54,7494.67
"orf19.4348","Chr5","RGR1",487.35,339.85,0.7,0.15,0.18,752.4,608.83,674.67,639.36,753.68,704.02
"orf19.1942","Chr5","AZR2/SGE1",992.9,692.94,0.7,0.11,0.03,1038.67,964.47,759.17,1051.73,832.52,993.76
"orf19.4004","Chr5","CCT3",2655.55,1853.88,0.7,0.53,0.14,1186.49,5238.84,1351.4,1802.95,3489.31,2248.5
"orf19.956","Chr5","CSF1",410.39,286.63,0.7,0.56,0.54,361.43,685.59,356.48,426.69,579.86,579.85
"orf19.5689","Chr5","SEC28",1437.05,1004.29,0.7,0.28,0.06,836.39,1985.61,935.18,759.73,1461.56,1209.27
"orf19.1115","Chr5","GUK1",1033.91,722.97,0.7,0.28,0,1690.98,906.8,1265.4,1724.4,601.68,2057.86
"orf19.931","Chr5",,798.37,558.51,0.7,0.15,0.11,1245.88,725.56,863.52,1092.05,720.88,1009.84
"orf19.3996","Chr5","GPI10",714.66,500.66,0.7,0.06,0.05,680.26,1204.47,507.93,643.09,771.52,849.34
"orf19.6663","Chr5","RPS25B",18688.76,13094.22,0.7,0.17,0.01,13973.15,22432.25,12889.62,16922.28,17600.85,25348.19
"orf19.926","Chr5","EXO1(DHS1)",624.37,438.42,0.7,0.63,0.47,1314.03,415,955.92,929.23,595.22,1454.91
"orf19.1948","Chr5",,622.48,438.3,0.7,0.12,0.1,880.4,622.33,729.21,957.02,549.32,935.81
"orf19.4294","Chr5","CYC2",562.2,397.31,0.71,0.51,0.42,415.17,1067.38,355.05,605.97,839.43,543.75
"orf19.583","Chr5","BNA2",4110.08,2909.55,0.71,0.29,0.03,1397.26,7019.65,1062.37,880.35,3583.98,1017.95
"orf19.2639","Chr5","LSM7",876.4,622.52,0.71,0.54,0.29,366.81,1793.88,359.26,336.1,1033.56,335.52
"orf19.3978","Chr5",,461.09,327.58,0.71,0.26,0.25,488.72,529.71,396.9,478.19,505.03,651.46
"orf19.1933","Chr5","PEX29",579.48,411.93,0.71,0.07,0.08,722.45,853.71,595.25,598.56,822.6,742.66
"orf19.4010","Chr5","PAN3",510.15,363.35,0.71,0.16,0.25,508.75,638.88,509.04,548.48,592.52,657.26
"orf19.1283","Chr5","MEC1",748.95,535.26,0.71,0.08,0.13,710.66,913.59,745.21,899.96,930.67,909.84
"orf19.4223","Chr5","GCD11/EIF2",7674.4,5485.01,0.71,0.06,0.07,8127.07,8517.03,7576.44,8592.15,4090.04,15057.91
"orf19.4051","Chr5","HTS1",3465.36,2479.76,0.72,0.02,0.06,3322.4,4173.6,3285.32,3640.65,2253.61,5703.4
"orf19.4268","Chr5",,1764.94,1267.16,0.72,0.16,0.03,1681.4,2458.07,1166.43,1303.17,3779,1808.55
"orf19.3960","Chr5","HYS2",1080.66,777.22,0.72,0.1,0.07,1263.49,1342.29,1146.04,1846.09,957.83,1735.13
"orf19.939","Chr5","NAM7(IFS2:MOF4:UPF1)/NAM7",1360.65,981.13,0.72,0.26,0.01,1993.55,1026.22,1541.62,2318.61,665.84,2515.06
"orf19.3937","Chr5","SDF1",370.61,269.64,0.72,0.66,0.64,257.67,730.5,248.67,276.79,707.38,343.38
"orf19.4283","Chr5",,13713.02,9923.34,0.72,0.72,0.12,1433.17,15616.14,1176.93,1059.83,33157.03,1596.64
"orf19.3201","Chr5","MATa1/MTLA1/A1",212.16,157.47,0.72,0.56,0.57,314.81,242.28,290.02,287.33,251.68,327.88
"orf19.1941","Chr5","NUF2",560.29,407.67,0.73,0.14,0.17,539.16,869.4,473.67,515.05,724.15,660.88
"orf19.3914","Chr5","CDC332",1619.33,1178.64,0.73,0.31,0.15,2237.19,1318.02,1703.05,2405.15,868.48,2184.96
"orf19.4341","Chr5","CDC91",1237.21,901.09,0.73,0.61,0.11,3141.33,548.47,1618.71,2806.79,590.88,3787.96
"orf19.3219","Chr5",,704.99,514.69,0.73,0.16,0.14,780.46,835.16,699.04,788.7,930.52,802.9
"orf19.4279","Chr5","MNN1",3703.03,2703.59,0.73,0.1,0.03,2307.81,4547.72,2309.52,3499.87,4199.46,5516.68
"orf19.4336","Chr5","RPS5",13728.4,10034.04,0.73,0.34,0.2,11774.24,19225.86,14480.04,15715.86,11439.52,24792.98
"orf19.1279","Chr5","CDS1",2967.07,2170,0.73,0.46,0.09,3988.5,1036.69,3476.5,3310.26,1179.66,4183.56
"orf19.3167","Chr5","COX10",2002.33,1464.79,0.73,0.47,0.06,1214.11,4118.91,758.07,889.98,2674.4,1367.66
"orf19.978","Chr5","BDF1",562.35,412.38,0.73,0.4,0.3,492.33,901.79,448.53,467.15,665.08,762.62
"orf19.6670","Chr5","CAC2",613.2,451.51,0.74,0.23,0.22,659.12,672.84,646.97,771.13,683.79,866.88
"orf19.1936","Chr5","SNF1",2211.09,1628.16,0.74,0.16,0.21,1955.43,2633.67,2012.12,2348.35,1173.04,2717.19
"orf19.3175","Chr5","ETF1/YOR256W",3114.11,2296.11,0.74,0.23,0.01,4484.04,2331.71,3290.69,5336.65,1914.85,4902.29
"orf19.2654","Chr5","RMS1",454.64,335.28,0.74,0.45,0.44,410.12,794.4,420.83,544.86,663.04,562.31
"orf19.2644","Chr5","QCR2",12008.84,8866.51,0.74,0.13,0.06,17717.73,10335.54,10032.17,19857.1,7411.8,21090.03
"orf19.5692","Chr5",,678.67,502.08,0.74,0.24,0.34,799.2,555.32,615.81,917.23,870.96,892.23
"orf19.949","Chr5",,975.91,725.7,0.74,0.5,0.05,1462.86,556.19,1141.69,1860.65,359.45,1909.53
"orf19.3976","Chr5","JNM1",1123.72,841.16,0.74,0.74,0.65,232.84,2205.79,232.54,244.89,2589.95,295.94
"orf19.3207","Chr5","CCN1(CLN1)/CCN1/CLN1",346.34,257.9,0.74,0.28,0.22,588.44,473.96,469.63,508.62,494.62,675.44
"orf19.1116","Chr5",,696.2,518.53,0.74,0.01,0.02,936.31,523.45,424.9,694.68,1270.82,516.19
"orf19.3193","Chr5","YAP3(FCR3)/FCR3",1092.57,813.75,0.74,0.58,0.26,1381.47,494.65,1302.66,1241.98,649.31,2059.1
"orf19.2647","Chr5",,418.85,311.97,0.74,0.39,0.25,547.93,477.27,421.81,570.21,428.29,626.63
"orf19.6662","Chr5",,512.51,381.8,0.74,0.47,0.54,555.94,457.15,376.65,616.09,862.6,341.32
"orf19.3950","Chr5","MSM1",5010.64,3741.29,0.75,0.77,0.42,5830.93,1404.33,3139.23,13059.9,917.12,13266.91
"orf19.923","Chr5","THR1",871.43,651.47,0.75,0.28,0.04,1404.37,968.7,1031.16,1712.4,792.79,1672.86
"orf19.4048","Chr5","DES1",4235.99,3177.89,0.75,0.28,0.1,6438.63,3073.21,4222.47,3672.16,1559.66,8627.91
"orf19.567","Chr5","TFB3",603.53,453.23,0.75,0.76,0.62,350.79,783.84,306.46,379.09,700.94,441.23
"orf19.1971","Chr5",,1156.85,873.59,0.75,0.69,0.62,268.75,2318.91,270.45,366.6,1373.11,467.71
"orf19.4041","Chr5","PEX4",2866.15,2169.47,0.76,0.61,0.24,926.06,2717.41,816.91,1532.43,1788.17,1547.05
"orf19.974","Chr5","ROT2/GLS2",1105.86,838.3,0.76,0.11,0.18,1478.13,1488.38,985.17,1554,957.98,1301.96
"orf19.4317","Chr5","GRE3/@",1192.52,905.13,0.76,0.27,0.04,1601.37,882.81,1097.22,2083.77,833.58,2546.93
"orf19.3900","Chr5","UGO1",919.92,699.4,0.76,0.19,0.18,800.42,1545.67,645.21,871.77,1013.53,1026.13
"orf19.3955","Chr5","MES1",1382.15,1050.87,0.76,0.43,0.09,999,2322.24,903.11,1313.14,1964.58,1427.82
"orf19.4022","Chr5","SDH5/SDH4",1035.73,787.85,0.76,0.23,0.02,1178.54,1094.96,857.7,1516.52,902.91,1850.78
"orf19.3959","Chr5","SSD1",1342.46,1021.92,0.76,0.22,0.12,1501.54,1642.61,1258.03,2210.36,1036.84,2306.68
"orf19.947","Chr5","MRP17",527.65,402.28,0.76,0.39,0.15,885.96,511.96,720.38,698.58,506.35,1515.06
"orf19.1958","Chr5",,150.05,129.16,0.76,0.59,0.61,216.63,251.66,101.79,241.36,272.52,101.63
"orf19.4002","Chr5","DUN1",328.49,251.59,0.77,0.39,0.35,443.55,469.5,322.48,351.37,464,568.88
"orf19.4145","Chr5","HAP1",514.73,394.63,0.77,0.16,0.19,560.51,763.87,524.24,588.77,710.81,742.86
"orf19.1285","Chr5",,1018.63,781.6,0.77,0.72,0.4,411.62,1927.77,386.35,460.29,1827.62,542.94
"orf19.6297","Chr5","DEG1",424.74,326.42,0.77,0.38,0.5,513.17,467.31,454.36,555.88,661.63,705.5
"orf19.4347","Chr5","PRR1",1294.42,996.48,0.77,0.26,0.28,1608.86,921.23,1510.1,1400.43,931.91,839.84
"orf19.6295","Chr5","MAS2",1072.98,826.2,0.77,0.74,0.33,2358.24,394.48,1441.56,2937.87,362.1,2530.35
"orf19.951","Chr5",,597.15,460.29,0.77,0.58,0.21,565.55,415.54,547.62,365.5,650.52,833.91
"orf19.1966","Chr5","BUD23",3473.41,2680.06,0.77,0.87,0.44,814.13,4168.42,690.69,1078.88,6531.19,1342.06
"orf19.4131","Chr5",,2168.41,1673.94,0.77,0.57,0.24,1079.67,3876.65,1087.46,1196.63,2967.72,1309.83
"orf19.3188","Chr5","HAL9a/TAC1/ZNC2",627.88,485.12,0.77,0.99,0.99,305.44,1123.2,277.73,329.96,1260.85,401.65
"orf19.970","Chr5",,457.37,353.83,0.77,0.36,0.35,586.29,457.85,264.06,510,797.46,358.21
"orf19.577","Chr5",,1310.4,1014.17,0.77,0.22,0.02,1734.35,1045.19,1234.44,1950.17,1064.31,2468.68
"orf19.930","Chr5","PET9(ACC2:ANC2:OP1)/PET9",32772.03,25380.03,0.77,0.37,0.01,20353.52,44864.77,14358.27,19838.02,63892,22535.52
"orf19.4233","Chr5","THR4",2917,2264.05,0.78,0.66,0.07,5056.32,1417.32,3387.34,5576.74,1246.14,6847.64
"orf19.4009","Chr5","CNB1",1670.95,1297.66,0.78,0.02,0.05,1711.56,2171.96,1521.63,1733.43,1485.27,3437.09
"orf19.967","Chr5","NUC1",1524.25,1187.88,0.78,0.16,0.14,1157.05,2123.91,1178.07,1893.25,1566.12,2315.38
"orf19.3218","Chr5",,424.74,331.45,0.78,0.37,0.3,606.19,475.79,472.29,701.62,405.63,737.05
"orf19.3972","Chr5","GOT1",836.56,653.74,0.78,0.7,0.42,1496.37,426.28,1238.35,1855.11,427.96,1763.79
"orf19.3946","Chr5","COX18",581.25,454.53,0.78,0.79,0.68,376.59,1245,341.4,400.34,862.2,539.04
"orf19.3931","Chr5","SFC1",1006.46,787.06,0.78,0.63,0.36,561.21,1721.6,577.53,696.83,1624.27,884.75
"orf19.3180","Chr5","INP54",363.09,284.97,0.78,0.64,0.6,570.35,346.62,423.4,620.27,328.64,660.75
"orf19.1968.1","Chr5",,482.75,379.61,0.79,0.43,0.58,580.98,459.83,309.21,689.09,686.23,362.04
"orf19.1108","Chr5","HAM1",2553.6,2010.66,0.79,0.37,0.04,3192.95,1759.04,2139.27,2984.15,1196.82,5639.8
"orf19.928","Chr5",,304.91,245.49,0.79,0.6,0.6,232.36,522.91,246.13,332.36,465.38,307.81
"orf19.3962","Chr5","HAS1",3661.19,2883.7,0.79,0.13,0.07,3882.52,3054.88,2864.81,4553.36,2392.78,4778.98
"orf19.5684","Chr5","MRPL14",1963.7,1552.59,0.79,0.27,0.07,1388.31,2077.02,1224.42,1839.85,1750.53,2144.72
"orf19.4021","Chr5",,1213.59,960.8,0.79,0.01,0.02,1220.6,1487.88,1019.19,1342.91,1605.42,2026.73
"orf19.4236","Chr5","RET2",967.93,769.48,0.79,0.56,0.22,618.65,1978.88,553.64,775.85,1511.02,921.88
"orf19.3185","Chr5","NAT1",1612.82,1283.79,0.8,0.2,0.24,1863.24,1804.43,1623.31,1963.62,1875.88,2378.41
"orf19.3957","Chr5","FOL2",889.93,709.65,0.8,0.77,0.43,1465.16,402.32,1242.4,1469.75,393.19,2232.56
"orf19.920","Chr5","RMT2",428.36,341.61,0.8,0.75,0.73,371.54,679.6,395.78,466.69,778.95,532.56
"orf19.3182","Chr5","GIS2",9592.16,7650.73,0.8,0.18,0.08,10434.82,8572.48,8234.3,15078.58,5285.62,15158.75
"orf19.1935","Chr5",,611.98,488.22,0.8,0.22,0.37,778.48,558.67,344.29,732.34,884.53,568.35
"orf19.4342","Chr5",,847.27,676.43,0.8,0.78,0.54,1045.5,411.96,897.6,1323.04,433.33,1811.41
"orf19.3940","Chr5",,274.75,220,0.8,0.83,0.87,370.64,337.64,347.69,324.65,611.94,351.02
"orf19.952","Chr5",,288.74,232.16,0.8,0.76,0.81,375.52,403.6,369.48,448.31,404.96,454.81
"orf19.1964","Chr5",,549.13,441.99,0.8,0.74,0.64,677.4,429.6,599.21,812.21,517.58,973.32
"orf19.3170","Chr5","BUD27",604.1,486.51,0.81,0.37,0.47,596.36,726.1,601.23,762.1,826.53,880.05
"orf19.1949","Chr5","VPS1",3019.42,2432.06,0.81,0.24,0.35,3438.02,3782.39,3115.98,4258.97,2551.95,4328.31
"orf19.4288","Chr5","STB4",832.11,670.67,0.81,0.48,0.16,1173,746.25,950.36,1177.29,659.48,1471.09
"orf19.1972","Chr5","SET5",1184.16,954.96,0.81,0.29,0.27,1571.19,869.1,1176.54,1500.91,1157.15,1558.87
"orf19.6680","Chr5","FGR27",573.3,463.14,0.81,0.27,0.27,608.03,795.08,492.98,523.21,747.45,624.4
"orf19.6654","Chr5",,1405.22,1135.78,0.81,0.5,0.23,1822.13,1179.02,1253.98,2463.95,776.82,2125.25
"orf19.3183","Chr5",,571.47,462.37,0.81,0.91,0.91,484.67,475.86,504.77,697.11,964.9,480.85
"orf19.4325","Chr5",,1326.92,1074.59,0.81,0.22,0.23,1072.83,1656.31,905.72,1808.14,1498.92,1292.39
"orf19.1114","Chr5",,1833.58,1485.14,0.81,0.19,0.32,2298.21,1307.41,1013.4,1702.81,3684.74,1652.11
"orf19.2649","Chr5","PCL1",1104.48,896.14,0.81,0.34,0.14,1312.72,1260.29,1052.77,1450.23,1988.21,1558.25
"orf19.953.1","Chr5","COF1",13950.11,11340.79,0.81,0.28,0.12,15019.67,8507.14,13830.77,20056.05,8588.84,21182.4
"orf19.968","Chr5","PGA14",13579.28,11063.28,0.81,0.39,0.12,8867.21,10377.61,8598.83,13520.79,17287.24,17071.62
"orf19.3919","Chr5",,879.48,716.74,0.81,0.44,0.12,835.9,1347.5,602.48,906.69,1145.78,1020.49
"orf19.3205","Chr5","MRPL36",536.15,437.17,0.82,0.49,0.25,583.31,912.83,551.89,709.81,892.19,994.33
"orf19.4013","Chr5",,436.64,357.14,0.82,0.89,0.88,301.64,794.14,315.14,499,643.02,469.77
"orf19.932","Chr5","DNF1",620.18,509.49,0.82,0.29,0.35,645.51,800.78,528.19,870.45,930.76,971.98
"orf19.943","Chr5","FET33",377.13,310.04,0.82,0.72,0.76,408.36,461.69,402.5,523.97,578.57,716.48
"orf19.3951","Chr5","YIP1",986.38,810.9,0.82,0.34,0.17,1313.09,812.68,1126.08,1226.3,694.78,1749.08
"orf19.4031","Chr5",,431.13,354.46,0.82,0.74,0.73,547.09,382.79,506.21,638.54,414.19,613.75
"orf19.1934","Chr5","HST3",378.51,311.47,0.82,0.67,0.65,387.04,601.75,331.79,374.71,649.64,461.6
"orf19.1974","Chr5","TFS1",3261.9,2688.34,0.82,0.34,0.24,2094.28,4670.76,1861,2043.28,2504.05,5930.37
"orf19.4293","Chr5",,1699.12,1401.36,0.82,0.27,0.06,2083.71,1455.19,1636.16,2322.94,977.94,3056.07
"orf19.4253","Chr5",,441.22,364.02,0.83,0.4,0.5,531.93,548.98,470.79,591.93,563.14,670.75
"orf19.1967","Chr5","IMG1",976.55,808.36,0.83,0.65,0.54,254.17,2098,245.48,286.02,1926.17,356.32
"orf19.4263","Chr5",,498.98,412.15,0.83,0.8,0.67,364.44,1026.29,329.11,374.06,1113.53,459.84
"orf19.4133","Chr5",,768.02,638.09,0.83,0.49,0.42,1040.57,616.57,910.31,1209.06,733.61,1384.95
"orf19.4043","Chr5","ASK10",2916.34,2425.6,0.83,0.26,0.28,2537.81,3892.44,2088.7,1983.02,1957.83,3081.8
"orf19.6671","Chr5","LAP5",871.44,725.28,0.83,0.48,0.23,1448.98,717.53,908.86,1179.04,741.4,1374.91
"orf19.971","Chr5","SKN7",855.91,712.78,0.83,0.63,0.46,1182.62,537.12,972.35,1120.63,556.56,1128.56
"orf19.3990","Chr5","RPC17",1211.28,1011.31,0.83,0.85,0.47,413.96,1651.29,366.35,354.22,1943.69,601.61
"orf19.3936","Chr5",,2684.32,2242.52,0.84,0.49,0.09,4302.42,867.5,2258.82,3994.16,658.41,5929.41
"orf19.5681","Chr5",,418.52,349.77,0.84,0.87,0.86,347.71,788.82,314.48,477.02,664.83,476.02
"orf19.4269","Chr5",,749.62,627.48,0.84,0.77,0.61,497.16,1256.59,416.66,582.82,1485.73,680.94
"orf19.3901","Chr5",,1775.91,1488.68,0.84,0.82,0.2,2571.64,726.13,2444.31,3156.67,810.79,6680.26
"orf19.4332","Chr5",,472.63,397.3,0.84,0.46,0.42,662.44,570.45,505.98,686.16,696.03,726.93
"orf19.4024","Chr5","RIB5",4435.91,3733.01,0.84,0.62,0.35,6926.05,2269.04,5084.02,6673.37,2814.34,7707.77
"orf19.3995","Chr5","RIM13",555.31,467.76,0.84,0.45,0.33,577.31,622.56,538.55,618.61,575.66,678.64
"orf19.4330","Chr5",,240.18,202.45,0.84,0.97,0.97,392.12,319.69,329.25,472.71,282.12,487.87
"orf19.1282","Chr5","CKS1",607.64,512.42,0.84,0.35,0.22,623.22,757.72,467.16,541.96,688.05,830.79
"orf19.3202","Chr5",,511.17,431.34,0.84,1,1,342.79,555.3,332.29,492.27,709.68,436
"orf19.1110","Chr5","THI80",1580.74,1333.98,0.84,0.91,0.75,443.52,4052.77,411.86,624.73,3509.87,629.86
"orf19.2642","Chr5","CAM1",309.5,261.37,0.84,0.97,0.97,330.31,504.81,318.04,381.5,569.21,454.93
"orf19.3925","Chr5",,150.74,140.82,0.85,0.56,0.59,225.84,227.93,115.42,269.93,281.11,113.18
"orf19.927","Chr5",,809.13,684.04,0.85,0.46,0.08,947.37,820.72,390.57,839.93,1928.57,623.37
"orf19.1944","Chr5","GPR1",724.14,612.57,0.85,0.33,0.18,770.28,871.73,777.6,772.83,866.94,1400.1
"orf19.4299","Chr5","MSW1",421.48,356.81,0.85,0.85,0.87,381.42,592.19,390.77,547.3,602.48,670.26
"orf19.4328","Chr5","CCC2",1214.21,1028.25,0.85,0.52,0.14,809.65,1782.28,662.4,821.09,1978.24,832
"orf19.4029","Chr5","SQT1",4041.28,3423.4,0.85,0.28,0.2,4232.7,4160.36,2512.35,4666.95,2162.48,5524.07
"orf19.4019","Chr5",,365.43,310.17,0.85,0.95,0.96,370.26,394.96,276.77,614.29,609.98,240
"orf19.1111","Chr5","TAF9",793.71,674.86,0.85,0.48,0.38,855.91,664.16,720.16,764.29,800.12,983.91
"orf19.4290","Chr5","TRR1",1617.08,1375.79,0.85,0.4,0.29,1122.04,2197.77,1016.93,1332.38,1562.76,1449.4
"orf19.4261","Chr5","TIF5",2185.14,1859.41,0.85,0.24,0.15,2562.28,2369.18,1744.84,4259.75,2973.92,3259.6
"orf19.4245","Chr5",,334.54,285.36,0.85,0.97,0.96,320.73,477.23,262.02,286.02,572.95,407.3
"orf19.4270","Chr5","MNT2",487.41,417.44,0.86,0.83,0.83,375.64,871.4,350.24,707.78,883.93,521.17
"orf19.3161","Chr5",,1562.47,1338.4,0.86,0.55,0.22,948.54,1977.29,728.18,1024.56,2583.83,1090.96
"orf19.4340.1","Chr5",,348.08,298.28,0.86,0.74,0.78,490.16,418.79,425.54,535.84,421.92,522.12
"orf19.1281","Chr5",,933.85,800.68,0.86,0.85,0.68,653.96,525.68,993.09,775.72,954.46,1433.06
"orf19.4217","Chr5",,220,188.79,0.86,0.72,0.75,293.69,289.14,149.83,350.55,377.67,159.02
"orf19.3220","Chr5",,317.57,272.85,0.86,0.91,0.92,417.61,367.85,187.71,397.43,537.98,306.71
"orf19.2641","Chr5","ARP1",497.31,427.85,0.86,0.37,0.2,767.32,786.38,454.33,716.14,1035.29,949.02
"orf19.1109","Chr5",,722.83,623.07,0.86,0.49,0.6,797.48,650.83,455.02,1003.29,1190.5,652.44
"orf19.3206","Chr5","CCT7",4045.1,3491.04,0.86,0.72,0.11,1241.85,8063.36,880.86,1047.95,10327.72,1507.53
"orf19.6673","Chr5","HEX1",664.36,573.99,0.86,0.62,0.42,1065.77,498.26,710.38,803.96,600.94,1042.12
"orf19.4275","Chr5","RAD9",156.39,147.77,0.86,0.32,0.35,212.5,246.5,230.18,257.45,286.67,277.17
"orf19.4017","Chr5",,191.59,175.22,0.86,0.32,0.34,249.24,230.59,230.63,343.62,264.27,293.71
"orf19.4001","Chr5","MSS2",516.48,446.55,0.86,0.99,0.99,314.39,698.42,269.93,305.52,809.57,356.59
"orf19.3920","Chr5","MPD1",660.6,571.47,0.87,0.3,0.23,779.02,788,705.75,883.4,815.81,1459
"orf19.4334","Chr5","PGA58",865.48,748.93,0.87,0.82,0.72,502.93,1057.76,418.8,734.63,1574.87,657.44
"orf19.4309","Chr5","GRP3/GRP2/GRE99",2057.99,1784.62,0.87,0.43,0.31,1403.32,2347.83,1399.21,2088,1899.67,2155.5
"orf19.3910","Chr5","RNY1",439.12,381.08,0.87,0.67,0.59,439.98,678.71,389.48,520.37,636.06,536.29
"orf19.3947","Chr5","SPT4",1240.28,1080.04,0.87,0.64,0.23,1321.56,630.61,1357.14,1387.28,464.59,2169.11
"orf19.3967","Chr5","PFK1",7071.64,6162.51,0.87,0.51,0.3,4080.43,7866.72,3028.07,4840.88,6561.39,4900.98
"orf19.4033","Chr5","PRP22",301.84,263.4,0.87,0.93,0.94,435.12,346,416.74,467.34,495,496.02
"orf19.3977","Chr5","GIR1",643.31,562.17,0.87,0.96,0.93,1290.93,334.12,890.04,1478.72,467.16,1420.98
"orf19.4135","Chr5","PRC2",2013.01,1759.24,0.87,0.62,0.28,3393.77,1881.92,2144,3859.73,1878.66,4087.91
"orf19.4234","Chr5",,2920.28,2555.65,0.88,0.89,0.58,1325.95,4969.88,917.53,2173.75,7010.36,2022.09
"orf19.3956","Chr5",,428.19,375.25,0.88,0.77,0.73,551.19,461.19,514.38,647.16,540.37,893.66
"orf19.925","Chr5",,576.33,505.38,0.88,1,1,353.67,1177.51,319.21,390.37,1166.63,463.59
"orf19.6656","Chr5","DUR8/DUR3",873.21,766.9,0.88,0.83,0.72,522.34,1385.88,488.94,706.5,1197.65,931.25
"orf19.3945","Chr5",,815.34,717.04,0.88,0.71,0.53,1052.91,483.85,810.43,923.54,605.13,1138.58
"orf19.946","Chr5","MET14",1588.94,1398.04,0.88,0.66,0.38,2674.15,1406.71,1678.25,2727.86,2306.12,3813.67
"orf19.3928","Chr5","AZF2",515.7,453.9,0.88,0.61,0.48,524.73,752.82,420.02,529.87,619.27,744.48
"orf19.3906","Chr5",,539.79,478.85,0.89,0.77,0.82,602.72,435.29,413.06,840.79,916.31,453.9
"orf19.4147","Chr5","GLR1",3650.86,3242.67,0.89,0.66,0.27,2715.19,4040,1919.89,2723.1,5699.71,3148.91
"orf19.6668","Chr5","CUE1",362.89,331.42,0.89,0.57,0.53,212.98,500.07,224.79,276.31,598.4,274.29
"orf19.961.2","Chr5",,2284.91,2030.77,0.89,0.66,0.37,1213.38,2689.55,1075.83,1919.3,2512.13,2030.48
"orf19.5691","Chr5","CDC11",736.96,655.37,0.89,0.97,0.94,1281.04,397.93,1061.72,1584.81,478.79,1825.62
"orf19.4149.1","Chr5",,162.32,153.72,0.89,0.55,0.56,242.38,215.38,135.21,262.73,326.19,136.67
"orf19.1119","Chr5","MTR10",432.93,385.82,0.89,0.86,0.88,439.71,642.66,370.16,697.07,601.3,844.29
"orf19.4007","Chr5",,823.5,734.35,0.89,0.76,0.58,937.67,659.85,577.23,1439.95,818.14,1003.37
"orf19.1286","Chr5",,186.51,174.54,0.89,0.55,0.57,246.5,239.76,156.19,328.35,372.75,133.93
"orf19.3899","Chr5",,365.17,327.06,0.9,0.84,0.86,494.79,391.02,207.97,527.91,704.41,307.23
"orf19.3902","Chr5",,271.24,242.98,0.9,0.5,0.51,275.28,372.29,278.08,360.22,474.25,492.63
"orf19.4241","Chr5",,781.32,701.61,0.9,0.7,0.64,812.69,750.53,472.32,950.06,1626.77,731.79
"orf19.4012","Chr5","PCL5",935.69,840.65,0.9,0.57,0.32,926.24,800.54,891.83,1049.71,828.48,1600.28
"orf19.938","Chr5",,180.27,163.32,0.9,0.37,0.39,264.74,281.71,254.12,273.88,325.88,343.94
"orf19.575","Chr5","HYR5/HYR3/IFF2",1158.82,1042.96,0.9,0.53,0.31,832.81,1618.06,559.47,759.91,1599.86,796.15
"orf19.3209","Chr5","FGR42",491.61,442.71,0.9,0.6,0.58,715.87,276.98,469.81,636.21,624.69,794.92
"orf19.1926","Chr5","SEF2",676.67,609.65,0.9,0.79,0.64,532.43,999.29,486.79,676.31,1057.52,616.95
"orf19.954","Chr5","XDJ1",434.74,392.09,0.9,0.92,0.93,514.67,497.31,529.05,532.29,731.89,702.65
"orf19.2643","Chr5","RPO26",3489.9,3147.76,0.9,0.6,0.34,3544.91,2169.72,2647.53,5025.54,3483.37,5119.41
"orf19.4025","Chr5","PRE1",4581.88,4138.28,0.9,0.55,0.15,5624.28,2750.5,3903.16,7591.6,2413.38,8497.21
"orf19.4018","Chr5","RSM7",692.34,625.37,0.9,0.89,0.76,474.12,1170.12,479.72,515.85,1189.63,888.33
"orf19.1950","Chr5",,1250.51,1131.98,0.91,0.82,0.62,322.36,2322.62,307.08,409.91,1920.24,630.02
"orf19.1943","Chr5",,373.39,338.3,0.91,0.94,0.95,409.23,525.75,394.42,646.13,523.89,564.54
"orf19.2650.1","Chr5",,563.12,510.6,0.91,0.87,0.82,297.59,911.31,287.33,369.64,1043.91,383.68
"orf19.3903","Chr5",,363.41,330.34,0.91,0.98,0.98,461.52,444.23,184.26,520.4,867.83,251.26
"orf19.1939","Chr5",,203.96,185.53,0.91,0.33,0.36,276.79,273.19,274.88,348,353.84,467.14
"orf19.6672","Chr5","MDJ1",6141.21,5589.24,0.91,0.83,0.21,12420.62,869.4,6619.17,10069.46,759.69,29474.78
"orf19.1978","Chr5","GIT2",338.08,307.82,0.91,0.73,0.79,470.9,498.09,389.6,703.29,473.69,631.23
"orf19.4046","Chr5",,435.11,396.4,0.91,0.91,0.9,421.72,357.19,395.21,566.63,674.69,499.12
"orf19.1955","Chr5","SHR5",312.96,286.01,0.91,0.85,0.84,352.86,445.18,293.07,374.54,481.38,439.4
"orf19.2646","Chr5","HAP4/HAP1",758.7,694.19,0.91,0.8,0.65,601.98,825.41,496.31,584.09,1618.22,809.68
"orf19.4306","Chr5",,845.36,774.43,0.92,0.65,0.51,862.55,1182.05,618.4,1364.26,917.11,1521.11
"orf19.3210","Chr5",,157.44,159.52,0.92,0.54,0.55,223.49,231.95,125.27,276.67,336.75,139.88
"orf19.3904","Chr5",,186.2,180.63,0.92,0.3,0.32,249.68,234.36,280.8,375.81,271.71,398.12
"orf19.2637","Chr5","PER1",929.58,856.21,0.92,0.64,0.53,1378.05,260.38,847.95,1700.93,278.38,1371.45
"orf19.4045","Chr5","EST1",880.92,809.73,0.92,0.8,0.67,299.4,1778.32,292.35,376.34,1803.07,441.02
"orf19.3921","Chr5","FSH3",762.95,703.83,0.92,0.82,0.85,761.33,707.05,662.5,1265.12,1082.84,1459.76
"orf19.4287","Chr5",,581.59,536.81,0.92,0.97,0.96,846.91,444.59,674.52,1281.18,521.78,1406.67
"orf19.581","Chr5","NRD1",622.71,574.87,0.92,0.8,0.81,810.85,671.42,795.04,801.03,816.98,1168.09
"orf19.4229","Chr5","DDP1",1019.64,942.03,0.92,0.7,0.4,673.21,1376.04,520.5,652.88,1627.87,733.11
"orf19.4248","Chr5",,3902.92,3609.27,0.92,0.77,0.26,4361.76,1905,3190.64,7608.96,2257.44,8345.56
"orf19.3952","Chr5","SRP101",613.45,568.06,0.93,0.6,0.62,701,731.03,574.83,791.38,748.57,869.55
"orf19.4243","Chr5","YKL090",201.05,191.64,0.93,0.41,0.42,238.17,312.33,271.66,290.56,355.23,427.43
"orf19.1121","Chr5",,2515.59,2331.04,0.93,0.88,0.65,632.09,4434.35,561.12,1038.54,3775.06,1112.65
"orf19.4310","Chr5",,139.98,145.43,0.93,0.54,0.58,222.57,207.54,114.03,289.55,277.71,115.08
"orf19.4305","Chr5",,242.31,224.63,0.93,0.66,0.68,302.94,338.42,266.71,412.52,309.86,340.48
"orf19.570","Chr5","HYR9/IFF8",204.19,194.4,0.93,0.37,0.39,242.1,288.17,232.15,290.62,383,351.93
"orf19.944","Chr5","IFG3",1484.86,1378.78,0.93,0.98,0.96,862.53,2245.07,606.05,1571.78,2799.69,1442.6
"orf19.955","Chr5",,671.27,624.02,0.93,0.61,0.64,753.34,800.29,738.04,879.76,780.07,1031.19
"orf19.3926","Chr5","RNY1",479.27,446.11,0.93,0.82,0.81,361.81,544.86,282.66,617.94,987.81,428.58
"orf19.4340","Chr5",,236,227.17,0.93,0.47,0.47,226.62,385.09,237.34,288.17,529.7,332.18
"orf19.3930","Chr5","YUH2",920.53,862.86,0.94,0.79,0.75,750.79,1056.62,816.27,1129.22,919.15,1249.96
"orf19.3208","Chr5","DAL52",259.13,247,0.94,0.51,0.48,422.16,248.58,366.87,508.66,268.62,626.52
"orf19.4006","Chr5","PAN5",309.75,290.88,0.94,0.64,0.66,417.91,313.04,379.91,475.96,448.69,584
"orf19.4054","Chr5","CTA24",11677.8,10966.99,0.94,0.78,0.44,18658.71,3734.44,14942.93,11403.22,3195.29,54490.09
"orf19.4266","Chr5","SPR28",312.9,297.23,0.94,0.49,0.48,546.12,258.63,402.12,542.1,365.09,730.13
"orf19.1980","Chr5","GIT4",225.41,212.81,0.94,0.53,0.56,278.91,351.52,247.42,346.85,498.25,359.5
"orf19.2657","Chr5",,503.15,475.47,0.94,0.93,0.9,452.59,916.56,373.88,670.56,1095.11,704.55
"orf19.3968","Chr5",,154.53,166.8,0.95,0.53,0.55,211.19,241.6,120.1,306.9,376.62,123.83
"orf19.936","Chr5",,358.23,341.34,0.95,0.86,0.88,353.2,472.26,306.31,510.87,869.46,486.71
"orf19.929","Chr5",,160.14,163.09,0.95,0.29,0.32,254.54,227.81,237.37,350.28,287.18,332.45
"orf19.6681","Chr5",,381.56,364.63,0.96,0.86,0.87,433.79,466.66,409.79,612.43,568.91,611.55
"orf19.3200","Chr5","MATa2/MTLA2/A2",161.33,164.43,0.96,0.3,0.35,235.71,247.17,223.04,264.71,443.29,333.93
"orf19.3942.1","Chr5","VPS25",198.74,194.04,0.96,0.4,0.42,248.38,312.35,230.56,304.98,411.73,377.38
"orf19.4231","Chr5","PTH2",229.79,219.85,0.96,0.56,0.63,329.78,307.29,319.07,412.17,435.32,384.81
"orf19.584","Chr5","CCP2",216.1,212.9,0.96,0.46,0.48,351.46,235.09,301.05,554.98,298.71,486.25
"orf19.4320","Chr5",,176.7,175.36,0.96,0.53,0.55,253.9,249.81,127.6,314.82,370.44,146.47
"orf19.1122","Chr5",,263.57,252.35,0.96,0.53,0.54,279.74,460.13,246.24,394.79,507.69,402.35
"orf19.4244","Chr5","YIL130",169.02,168.63,0.96,0.3,0.33,274.15,230.86,237.05,287.15,363.71,360.56
"orf19.921","Chr5",,319.21,310.8,0.96,0.48,0.45,242.45,415.11,256.58,305.12,483.88,372.98
"orf19.3971","Chr5",,276.84,265.53,0.96,0.72,0.72,424.9,329.69,430.12,457.13,431,953.45
"orf19.3963","Chr5",,228.66,219.36,0.96,0.75,0.73,323.42,273.05,159.69,278.87,436.28,272.33
"orf19.5682","Chr5","SRP1",1074.05,1030.67,0.96,0.63,0.71,1297.5,1216.47,909.12,1617.12,1641.88,1565.86
"orf19.3973","Chr5",,1575.41,1512.36,0.96,0.85,0.47,972.47,1377.17,718.36,1168.81,1679.84,1399.83
"orf19.3176","Chr5","RIM21",588.59,565.61,0.96,0.98,0.98,693.77,551.35,545.63,752.38,775.52,808.09
"orf19.4349","Chr5","KRE12",2311.65,2223.03,0.96,0.75,0.31,3125.1,3258.48,2068.94,5528.81,3554.55,4956.25
"orf19.4028","Chr5","RER2",500.8,481.65,0.96,0.92,0.93,520.44,598.43,474.98,787.67,742.1,1036.11
"orf19.2653","Chr5",,210.34,203.57,0.96,0.36,0.39,266,288.91,286.17,389.58,392.17,447.74
"orf19.4273","Chr5","SLS1",572.98,552.81,0.96,0.58,0.52,917.9,269.34,763.81,1524.68,378.81,1235.23
"orf19.3203","Chr5","RCY1",270.53,260.94,0.96,0.53,0.55,368.14,302.93,378.09,513.02,364.89,606.56
"orf19.3970","Chr5",,521.84,504.31,0.97,0.97,0.97,523.02,539.86,451.45,607.62,783.88,664.73
"orf19.1124","Chr5","DPH52",1415.82,1368.43,0.97,0.93,0.76,697.2,2136.12,616.07,876.46,2813.79,1152.1
"orf19.2640","Chr5","FUR1",1871.64,1811.18,0.97,0.84,0.5,2404.48,979.13,1790.37,4854.13,909.12,4517
"orf19.2645","Chr5",,302.48,293.54,0.97,0.62,0.65,288.93,320.07,271.13,522.3,428.72,331.14
"orf19.1113","Chr5",,630.72,612.09,0.97,0.84,0.77,335.02,1020.65,316.11,576.04,1566,573.44
"orf19.1120","Chr5",,376.86,365.92,0.97,0.89,0.91,453.77,380.03,259.73,616.55,876.07,288.21
"orf19.1112","Chr5","BUD7",497.66,484.19,0.97,0.9,0.89,659.98,544.98,630.13,1081.44,459.13,1075.11
"orf19.3924","Chr5",,159.03,167.07,0.97,0.29,0.32,218.96,252.54,201.75,302.48,340.38,269.04
"orf19.1970","Chr5","CVB1",540.31,526.09,0.97,0.89,0.83,463.38,528.16,369.78,420.73,590.36,557.29
"orf19.1124.2","Chr5",,213.71,213.14,0.98,0.44,0.44,246.5,352.68,221.27,270.28,510.58,358.68
"orf19.1938","Chr5",,325.02,317.6,0.98,0.76,0.79,363,461.98,333.31,538.02,675.08,563.45
"orf19.2639.1","Chr5","MRPL20",828.91,811.2,0.98,0.88,0.82,1516.39,470.23,1224.88,2029.19,1302.6,1889.93
"orf19.4026","Chr5","HIS1",5445.75,5335.26,0.98,0.65,0.7,5451.98,6781.26,4362.79,13186.5,3811.26,12368.58
"orf19.1932","Chr5","FRE5/CFL4",181.85,183.84,0.98,0.29,0.33,256.1,256.15,257.57,356.5,378.4,308.41
"orf19.4323","Chr5",,338.28,332.01,0.98,0.84,0.83,408.54,351.39,240.75,444.5,612.52,417.77
"orf19.1969","Chr5","CCW14",180.78,185.63,0.98,0.28,0.33,258.64,240.81,271.19,346.31,434.81,403.91
"orf19.4264","Chr5",,233.68,240.79,0.98,0.47,0.46,208.24,421,232.67,271.02,624.41,360.25
"orf19.4316","Chr5",,695.01,684.36,0.98,0.88,0.82,560.64,1016.07,437.22,835.19,1158.8,941.93
"orf19.4151","Chr5","SPO1",250.01,249.79,0.99,0.43,0.44,252.98,318.75,258.58,302.24,744.62,411.02
"orf19.3173","Chr5","SSP120",1721.04,1696.68,0.99,0.99,0.98,2040.62,705.46,1245,3205.5,788.3,3079.68
"orf19.578","Chr5","MSB3",383.81,378.81,0.99,0.83,0.8,359.23,534.58,308.6,431.67,613.38,464.45
"orf19.1952","Chr5",,247.53,244.38,0.99,0.7,0.74,321.51,310.17,165.48,451.18,539.27,185.77
"orf19.4250","Chr5",,199.96,197.67,0.99,0.66,0.69,302.4,255,135.9,339.41,414.41,176.87
"orf19.4005","Chr5","YDR196",634.78,627.84,0.99,0.71,0.59,866.71,297.07,656.53,1321.37,376.57,1296.63
"orf19.1975","Chr5","DIB1",356.89,362.57,0.99,0.46,0.42,218.25,441.02,233.42,317.04,676.05,418.89
"orf19.3965","Chr5",,252.63,250.55,0.99,0.68,0.7,320.27,297.66,184.3,408.12,580.17,215.32
"orf19.3986","Chr5","PPR1",279.24,277.39,0.99,0.69,0.69,311.91,454.04,292.5,340.05,664.46,409.35
"orf19.1976","Chr5","TRX1",511.56,509.05,1,0.63,0.56,288.6,688.72,243.43,428.75,1181.75,408.77
"orf19.1280","Chr5","SUI1",8504.13,8472.38,1,0.78,0.28,2075.9,7079.53,2262,2923.23,5616.48,4009.84
"orf19.948","Chr5",,175.17,183.83,1,0.52,0.54,245.93,218.35,153.04,319.54,342.07,180.64
"orf19.4228","Chr5",,1034.47,1032.55,1,0.89,0.82,1195.67,677.07,1070.98,2137.42,1082.5,2503.75
"orf19.3905","Chr5",,267.66,267.34,1,0.73,0.78,339.81,321.91,180.81,518.33,487,231.1
"orf19.6667","Chr5","(SAP30)",1306.96,1309.01,1,0.99,0.98,700.94,1114.79,564.85,968.38,1829.74,1084.14
"orf19.3916","Chr5",,825.15,827.26,1,0.8,0.61,1054.35,429.36,742.19,1805.4,566.67,1606.84
"orf19.4227","Chr5",,550.83,559.6,1,0.54,0.46,231.71,883.21,240.23,283.5,1368.1,415.48
"orf19.3184","Chr5","SFT2b",2244.51,2259.72,1.01,0.74,0.47,1628.19,2285.19,1041.21,1846.3,2842.75,1881.5
"orf19.937","Chr5",,290.14,292.15,1.01,0.85,0.9,384.34,298.65,211.3,618.36,438.15,258.28
"orf19.4315","Chr5",,363.94,366.77,1.01,0.62,0.63,572.59,330.5,519.65,668.07,555.63,727.44
"orf19.3171","Chr5","ACH1",3851.61,3888.37,1.01,0.91,0.83,3695.79,5187.63,4131.5,5469.15,9431.5,7799.53
"orf19.4216","Chr5","HSP122/HSP12",5189.57,5239.85,1.01,0.83,0.55,8786.63,288.02,9087.19,12039.27,347.29,24047.54
"orf19.4221","Chr5","ORC4",622.81,629.52,1.01,0.93,0.94,727.39,769.54,559.29,1302.09,845.23,1229.25
"orf19.1981","Chr5","IMP2",482.71,488.84,1.01,0.64,0.55,375.86,378.96,435.93,761.72,387.5,1083.1
"orf19.4044","Chr5","MUM2",557,564.46,1.01,0.76,0.73,446.03,634.18,466.23,671.79,1041.79,805.49
"orf19.3186","Chr5",,268.62,272.4,1.01,0.66,0.69,311.36,280.82,229.43,451,428.47,316.73
"orf19.4153","Chr5","ULA1",249.1,257.4,1.01,0.46,0.48,245.96,403.94,233.18,406.15,593.29,301.12
"orf19.3178","Chr5","PRP9",368.12,374.52,1.02,0.77,0.7,353.23,578.74,363.09,374.83,634.41,554.98
"orf19.3212","Chr5","MID1",920.77,938.52,1.02,1,1,1252.57,790.56,924.38,1263.75,1250.42,1638.9
"orf19.3929","Chr5",,696.48,710.28,1.02,0.94,0.85,1061.83,436.75,822.41,1417.61,523.65,1533.35
"orf19.6674","Chr5","BTS1",470.82,481.77,1.02,0.72,0.64,356.88,673.31,344.79,497.57,689.5,612.07
"orf19.4144","Chr5",,776.49,795.25,1.02,0.81,0.69,1177.54,322.65,804.25,1803.38,422.19,1538.09
"orf19.4239","Chr5",,164.62,178.12,1.03,0.4,0.44,218.84,306.69,197.34,269.08,513.04,286.71
"orf19.4232","Chr5","PTH1",928.51,952.16,1.03,0.99,0.99,684.38,1644.88,647.9,1016.96,874.67,1345.85
"orf19.3908","Chr5",,1168.84,1199.53,1.03,0.93,0.17,1258.1,702.12,919.09,1447,2146.78,1644.98
"orf19.1954","Chr5","PUS4",887.38,910.69,1.03,0.96,0.95,1280.87,640.55,945.59,1092.31,1337.42,1610.12
"orf19.3213","Chr5",,420.7,432.36,1.03,0.69,0.65,335.12,785.7,349.84,518.56,1000.31,476.73
"orf19.3204","Chr5",,407.77,423.74,1.03,0.49,0.46,627.51,251.04,551.1,1129.13,359.12,789.38
"orf19.4326","Chr5",,271.87,279.96,1.03,0.61,0.65,336.67,459.25,324.28,364.52,556.58,431.48
"orf19.3187","Chr5","HAL9e/ZNC1",356.89,368,1.03,0.75,0.8,555.75,393.38,387.38,592.76,807.83,731.72
"orf19.4307","Chr5","FTI1",607.37,627.21,1.03,0.73,0.59,311.53,611.74,274.02,409.79,790.45,455.26
"orf19.2638","Chr5",,196.78,207.9,1.03,0.4,0.43,246.35,319.83,252.22,325.41,520.23,444.7
"orf19.2652","Chr5",,194.16,209.48,1.03,0.34,0.37,223.09,288.35,226.6,298.04,535.62,308.28
"orf19.1968","Chr5","MAK31",336.53,348.95,1.04,0.62,0.59,677.77,290.19,408.52,896.83,436.04,784.6
"orf19.4251","Chr5",,256.8,266.56,1.04,0.57,0.65,332.6,337.16,305.43,550.3,619.81,444.31
"orf19.3894","Chr5",,566.77,590.99,1.04,0.96,0.96,702.67,524.54,581.46,939.89,583.53,795.57
"orf19.6679","Chr5","ALD1",456.3,476.98,1.05,0.6,0.6,540.12,477.88,428.97,719.93,770.23,972.19
"orf19.1105.3","Chr5",,238.34,250.15,1.05,0.51,0.52,271.25,244.45,227.56,407.67,398.38,293.1
"orf19.933","Chr5","UBC14",2677.68,2802.73,1.05,0.96,0.92,1326.72,2917.7,1130.22,2891.29,2605.7,2465.88
"orf19.1957","Chr5","CYC3",1979.37,2076.54,1.05,0.96,0.93,1277.22,1520.16,1199.5,1838.9,2534.17,2128.83
"orf19.3922","Chr5","SDT1",1680.65,1765.42,1.05,0.74,0.4,779.25,1323.49,700.67,964.77,1187.44,951.25
"orf19.4321","Chr5",,203.98,215.86,1.05,0.51,0.54,269.58,281.21,142.04,434.94,441.85,154.5
"orf19.2650","Chr5","MRP10",307.43,324.27,1.05,0.65,0.69,405.39,343.42,341.1,572.69,509.62,1341.27
"orf19.4222","Chr5","SST2",283.23,300.17,1.06,0.55,0.54,325.79,391.45,311.16,318.38,578.02,434.67
"orf19.1106","Chr5",,201.63,214.54,1.06,0.33,0.35,269.75,293.41,268.98,304.1,521.06,461.81
"orf19.3983","Chr5",,2572.5,2729.65,1.06,0.99,0.98,3456.71,1736.57,1976.88,7894.04,1556.29,7993.48
"orf19.4134","Chr5",,626.52,665.54,1.06,0.82,0.85,712.14,770.21,638.54,1142.26,700.71,919.86
"orf19.4286","Chr5",,434.3,461.77,1.06,0.71,0.62,402.53,347.83,371.19,493.98,409.81,592.57
"orf19.3907","Chr5",,150.89,174.07,1.07,0.51,0.55,235.81,230.07,108.37,373.02,351.34,111.75
"orf19.6678","Chr5",,192.43,210.97,1.07,0.36,0.38,241.25,301.12,221.31,298.62,494.53,307.53
"orf19.3897","Chr5",,252.12,270.17,1.07,0.47,0.5,348.84,295.1,370.28,693.47,365.58,551.14
"orf19.4132","Chr5",,13001.46,13953.69,1.07,0.79,0.78,14436.04,7393.98,8701.88,7713.69,20892.66,27038.7
"orf19.3988","Chr5",,429.66,463.37,1.08,0.56,0.46,352.33,412.23,371.19,505.42,478.85,649.09
"orf19.1930","Chr5","FRE4/CFL5",181.24,207.21,1.08,0.26,0.29,244.48,237.21,227.24,318.63,448.07,315.15
"orf19.3998","Chr5",,367.18,396.37,1.08,0.67,0.7,436.84,345.44,278.63,643.52,782.82,400.49
"orf19.3172","Chr5",,203.83,222.39,1.08,0.5,0.53,268.07,244.6,169.98,429.04,396.52,197.42
"orf19.4014","Chr5","CDC102",364.3,396.11,1.09,0.49,0.45,460.47,274.81,439.26,543.4,357.41,593.4
"orf19.4305.1","Chr5",,268.83,292.46,1.09,0.53,0.63,328.1,392.45,297.35,597.31,645.64,494.48
"orf19.3935","Chr5",,498.6,542.84,1.09,0.79,0.8,500.82,357.48,458.76,922.23,644.6,705.89
"orf19.4246","Chr5","YKR070W",1502.12,1647.27,1.1,0.82,0.69,1929.37,1130.56,1268.24,2729.71,1439.52,2768.96
"orf19.935","Chr5","AGA1",2009.41,2206.38,1.1,0.84,0.4,2057.06,1145.79,1559.75,4033.54,1599.88,4678.42
"orf19.3966","Chr5","CRH2/CRH12",201.28,224.52,1.1,0.29,0.32,280.98,254.93,253,411.88,459.69,411.44
"orf19.4339","Chr5","VSP4/VPS4",752.22,828.89,1.1,0.81,0.65,1382.22,335.13,1032.35,1923.46,387.6,1878.31
"orf19.3196","Chr5",,348.48,386.06,1.11,0.72,0.8,410.23,302.83,293.57,854.69,631.8,293.18
"orf19.942","Chr5","KRE8(CWH48)",170,197.99,1.12,0.26,0.31,237.54,264.93,244.3,431.91,450.96,362.62
"orf19.6296","Chr5","SNF8",346.48,387.78,1.12,0.48,0.58,457.52,389.2,493.85,580.16,977.67,824.05
"orf19.3898","Chr5","TLG1",243.92,278.61,1.13,0.41,0.43,377.08,252.71,354.05,490.52,468.05,551.23
"orf19.4284","Chr5","PCH1/BUR2",1201.54,1355.27,1.13,0.84,0.62,2260.82,375.29,1374.18,4910.26,530.65,3779.19
"orf19.3168","Chr5","RPN8",2162.54,2441.08,1.13,0.74,0.25,3108.59,603.96,1744.63,4840.73,1092.85,4538.06
"orf19.4292","Chr5","PEP12",615.58,698.77,1.14,0.68,0.51,387.04,764.7,377.12,520.93,924.27,630.29
"orf19.3991","Chr5",,2075.49,2366.91,1.14,1,0.99,2586.98,870.95,2182.09,6128.71,1014.38,6623.65
"orf19.4143","Chr5","FYV7",373.01,425.8,1.14,0.52,0.42,554.77,306.81,458.26,678.73,419.46,884.02
"orf19.4252","Chr5","BUD32",498.14,568.68,1.14,0.52,0.51,650.98,442.29,623.33,1040.83,646.57,971.42
"orf19.2655","Chr5","BUB3",1878.64,2147.13,1.14,0.92,0.78,634.02,1562.87,544.31,910.55,2603.55,1017.93
"orf19.1979","Chr5","GIT3/GIT1",1077.48,1239.05,1.15,0.86,0.8,820.6,1098.77,745.9,1269.05,1570.6,1177.56
"orf19.3214","Chr5",,725.05,837.56,1.16,0.47,0.4,755.9,723.86,482.12,1443.52,1421.46,1164.29
"orf19.580","Chr5",,350.26,406.15,1.16,0.47,0.48,420.19,389.67,352.63,619.45,478.87,680.02
"orf19.2651","Chr5","TEF4",14573.41,16963.43,1.16,0.93,0.61,25091.44,2260.92,20084.52,62045.54,1458.4,64362.16
"orf19.4146","Chr5","SMD3",1249.63,1454.87,1.16,0.68,0.29,1465.65,764.85,1201.37,1451.65,1072.15,2976.48
"orf19.4055","Chr5","YBR075W",432.13,506.02,1.17,0.42,0.37,535.57,279.45,444.68,1005.76,485.41,945.41
"orf19.4011","Chr5",,190.34,225.88,1.17,0.24,0.28,267.72,264.52,249.56,356.21,613.35,391.95
"orf19.4230","Chr5","PRE4",857.17,1009.37,1.18,0.88,0.73,734.02,706.3,629.04,693.93,755.6,1221.21
"orf19.3159.4","Chr5","UTP20",339.68,405.78,1.18,0.45,0.45,692.23,247.05,423.4,1030.28,516.27,1334.87
"orf19.3939","Chr5",,353.29,423.09,1.2,0.46,0.36,467.6,290,458.4,647.45,305.72,734.4
"orf19.3215","Chr5",,387.39,465.98,1.2,0.52,0.6,464.14,482.81,195.14,655.38,790.48,595.05
"orf19.4247","Chr5",,596.01,718.28,1.21,0.59,0.37,681.14,473.22,543.43,838.34,610.07,1040.02
"orf19.1940","Chr5","CAT5",928.08,1122.89,1.21,0.41,0.21,1066.29,815.63,791.9,1501.66,1179.33,2062.65
"orf19.972","Chr5",,257.52,318.36,1.24,0.35,0.43,396.26,317.16,344.38,621.81,553.25,559.83
"orf19.1107","Chr5",,1009.78,1277.04,1.26,0.84,0.66,560.25,477.17,1213.4,891.97,864.58,2802.6
"orf19.3163","Chr5",,372.79,472.87,1.27,0.29,0.33,417.59,483.68,345.17,721.59,764.98,768.83
"orf19.1123","Chr5",,238.7,308.43,1.28,0.46,0.49,269.16,250.53,224.83,576.21,478.25,317.48
"orf19.3169","Chr5",,1338.86,1761.38,1.32,0.75,0.36,968.19,846.98,625.34,1699.79,809.25,1461.65
"orf19.5686","Chr5",,4687.05,6294.23,1.34,0.66,0.22,2066.25,2220.27,5365.98,4937.62,6737.96,12377.42
"orf19.3932","Chr5",,3699.98,5062.95,1.37,0.4,0.14,3770.72,2651.31,2840.03,5379.24,5435.07,6930.51
"orf19.3195","Chr5","GAP3/HIP1",1997.56,2741.02,1.37,0.5,0.09,1490.55,1061.16,1051.48,2842.64,1828.85,2944.95
"orf19.1927","Chr5",,438.84,617.45,1.41,0.25,0.37,545.47,440.56,268.5,959.89,1044.7,728.11
"orf19.1117","Chr5","FDH3",893.17,1264.88,1.42,0.55,0.28,614.75,702.04,629.13,1081.71,976.46,1068.98
"orf19.1953","Chr5",,446.32,645.86,1.45,0.39,0.41,463.07,497.9,285.71,765.23,1012.35,957.14
"orf19.4220","Chr5",,535.32,828.37,1.55,0.25,0.32,530.72,514.81,387.22,1290,1376.29,986.27
"orf19.4304","Chr5","GAP1",413.63,673.55,1.63,0.31,0.15,401.84,461.9,313.5,452.96,836.4,630.71
"orf19.3934","Chr5","CAR1",1309.46,2149.81,1.64,0.62,0.4,1067.83,1188.64,830.32,1304.12,1337.36,1550.33
"orf19.6659","Chr5","GAP5",2993.3,4954.28,1.66,0.36,0.01,1972.95,1683.23,1324.23,4490.25,2066.42,5168.15
"orf19.3923","Chr5","PGA37",1159.08,2429.09,2.1,0.46,0.1,517.83,672.36,369.52,1110.36,871.66,1205.51
"orf19.4015","Chr5","GPA1/CAG1",245.58,965.91,3.93,0.04,0.03,301.09,276.52,292.86,1463.88,1021.25,1593.02
