"Normalized probe data for Ch5 genes. Genes often contain multiple probes."								
								
"orf"	"chr"	"gene"	"w1"	"w2"	"w3"	"m1"	"m2"	"m3"
"orf19.3930"	"Chr5"	"YUH2"	478.34	1064.53	751.1	770.95	548.56	1064.6
"orf19.3930"	"Chr5"	"YUH2"	784.17	1015.09	1429.92	627.53	811.41	1354.11
"orf19.922"	"Chr5"	"ERG11(ERG16)/ERG11/CYP51/ERG16/L1A1/P45014DM"	1781.81	2262.45	1635.65	1582.27	835.01	1271.11
"orf19.922"	"Chr5"	"ERG11(ERG16)/ERG11/CYP51/ERG16/L1A1/P45014DM"	2735.42	2097.97	1525.66	917.66	1411.6	1782.77
"orf19.4280"	"Chr5"		106.49	402.12	632.17	183.65	182.25	426.83
"orf19.3170"	"Chr5"	"BUD27"	323.91	784.09	542.9	520.31	386.22	529.35
"orf19.3170"	"Chr5"	"BUD27"	453.65	963.13	556.92	564.3	417.91	500.99
"orf19.1283"	"Chr5"	"MEC1"	438.21	971.86	695.02	614.43	399.29	442.67
"orf19.1283"	"Chr5"	"MEC1"	641.14	1065.21	682.25	635.4	669.22	450.55
"orf19.971"	"Chr5"	"SKN7"	910.17	1268.07	1614.42	765.09	495.28	1689.18
"orf19.971"	"Chr5"	"SKN7"	264.67	629.55	448.58	379.98	277.63	669.52
"orf19.1280"	"Chr5"	"SUI1"	1803.46	2949.96	10529.74	1995.78	1759.76	10993.35
"orf19.1280"	"Chr5"	"SUI1"	6807.08	7117.73	21816.82	3834.55	5779.58	26471.24
"orf19.1111"	"Chr5"	"TAF9"	583.46	939.18	814.71	521.8	431.8	1078.29
"orf19.1111"	"Chr5"	"TAF9"	391.71	753.95	1279.22	546.27	412.45	1058.56
"orf19.3216"	"Chr5"		469.09	862.06	437.64	546.2	380.78	269.18
"orf19.3216"	"Chr5"		2324.81	3198.24	1071.83	1434.96	1252.7	649.3
"orf19.3171"	"Chr5"	"ACH1"	3423.34	5388.04	2650.06	3733.96	3422.9	2474.56
"orf19.3171"	"Chr5"	"ACH1"	4915.18	5029.9	1703.16	6439.18	4723.69	2535.91
"orf19.2653"	"Chr5"		-6.45	373.21	207.14	265.98	196.5	132.54
"orf19.2653"	"Chr5"		16.46	376.07	295.6	267.75	198.64	160.03
"orf19.972"	"Chr5"		123.82	449.12	268.33	424.53	245.69	223.72
"orf19.972"	"Chr5"		44.71	330.17	328.98	377.72	184.06	454.43
"orf19.1964"	"Chr5"		404.95	781.45	300.04	554.52	427.15	249.98
"orf19.1964"	"Chr5"		157.16	459.83	1191.34	353.37	226.54	840.38
"orf19.6294"	"Chr5"	"MYO1"	484.55	760.36	325.85	419.05	304.82	175.03
"orf19.6294"	"Chr5"	"MYO1"	467.72	866.25	452.05	353.31	371.71	287.16
"orf19.4347"	"Chr5"	"PRR1"	1336.41	1969.37	997.83	956.12	368.57	1566.74
"orf19.4347"	"Chr5"	"PRR1"	648.78	1079.9	1734.24	636.25	421.39	2029.8
"orf19.1117"	"Chr5"	"FDH3"	342.3	820.48	1080.56	738.52	469.13	1881.73
"orf19.1117"	"Chr5"	"FDH3"	429.59	691.26	1994.83	666.66	578.31	3254.91
"orf19.4337"	"Chr5"	"ESBP6"	1006.07	1343.09	258.58	659.81	468.96	187.99
"orf19.4337"	"Chr5"	"ESBP6"	115.65	466.91	1372.37	285.78	250.09	829.3
"orf19.3969"	"Chr5"	"HSR1"	214.66	597.9	596.77	262.63	213.57	382.05
"orf19.3969"	"Chr5"	"HSR1"	472.22	796.24	574	445.05	281.98	335.06
"orf19.1946"	"Chr5"		111.19	532.73	1948.76	282.56	205.51	1434.07
"orf19.1946"	"Chr5"		4095.03	2923.83	435.93	1503.47	1685.32	332.66
"orf19.1980"	"Chr5"	"GIT4"	6.47	322.67	209.08	236.8	157.77	119.77
"orf19.1980"	"Chr5"	"GIT4"	79.07	404.3	330.87	340.17	213.64	208.7
"orf19.3995"	"Chr5"	"RIM13"	304.86	702.34	434.72	422.34	297.83	303.69
"orf19.3995"	"Chr5"	"RIM13"	350.11	610.44	929.39	393.02	335.71	1053.99
"orf19.5684"	"Chr5"	"MRPL14"	1115.86	1596.82	2991.89	1256.12	941.23	2361.52
"orf19.5684"	"Chr5"	"MRPL14"	1804.57	1714.06	2558.99	1195.14	1687.24	1874.29
"orf19.4229"	"Chr5"	"DDP1"	400.76	678.8	762.63	445.74	321.73	923.73
"orf19.4229"	"Chr5"	"DDP1"	1103.59	1182.18	1989.87	1111.4	742.57	2107.01
"orf19.4024"	"Chr5"	"RIB5"	6653.6	6630.26	6454.33	4556.11	3382.63	7293.37
"orf19.4024"	"Chr5"	"RIB5"	1996.59	2376.41	2504.23	1921.44	1469.41	3775.1
"orf19.4025"	"Chr5"	"PRE1"	5351.83	5090.25	4589.77	5183.02	3729.09	5386.62
"orf19.4025"	"Chr5"	"PRE1"	2478.05	3402.84	6578.55	1647.69	2273.07	6610.18
"orf19.3977"	"Chr5"	"GIR1"	1018.48	1160.73	234.47	1009.57	623.61	199.18
"orf19.3977"	"Chr5"	"GIR1"	61.67	453.34	931.17	318.95	215.99	1005.75
"orf19.2652"	"Chr5"		-49.36	295.51	306.64	203.48	135.29	212.3
"orf19.2652"	"Chr5"		15.9	337.88	258.39	365.68	196.49	143.6
"orf19.4134"	"Chr5"		439.69	832.74	460.65	779.86	403.69	761.85
"orf19.4134"	"Chr5"		497.76	788.98	739.3	478.4	534.26	1035.18
"orf19.925"	"Chr5"		81.22	416.3	557.17	266.52	203.45	582.55
"orf19.925"	"Chr5"		905.06	1213.5	284.74	796.5	931.29	252
"orf19.3922"	"Chr5"	"SDT1"	506.8	913.77	4069.28	658.68	417.47	5786.84
"orf19.3922"	"Chr5"	"SDT1"	1051.04	1236.25	2306.73	810.7	738.26	2180.56
"orf19.6665"	"Chr5"	"NUP4"	1919.69	2304.81	1341.51	916.14	678.97	895.45
"orf19.6665"	"Chr5"	"NUP4"	5232.26	6663.98	5571.04	2529.59	2440.03	5286.6
"orf19.4330"	"Chr5"		119.67	429.38	267.61	322.74	214.11	172.15
"orf19.4330"	"Chr5"		47.24	358.46	218.71	192.61	174.66	138.41
"orf19.4284"	"Chr5"	"PCH1/BUR2"	1988.38	1792.11	2548.55	3352.39	1658.54	2213.15
"orf19.4284"	"Chr5"	"PCH1/BUR2"	102.84	463.85	313.5	362.29	226.96	318.3
"orf19.584"	"Chr5"	"CCP2"	79.01	392.61	331.17	378.9	213.4	207.39
"orf19.584"	"Chr5"	"CCP2"	-37.36	324.57	206.6	203.94	140.81	132.95
"orf19.2649"	"Chr5"	"PCL1"	1040.27	1372.96	571.33	990.12	683.85	322.64
"orf19.2649"	"Chr5"	"PCL1"	987.84	1045.97	1608.52	1357.41	676	1346.81
"orf19.940"	"Chr5"	"BUD2(CLA2:ERC25)/BUD2"	309.55	589.04	426.99	251.12	262.73	246.4
"orf19.940"	"Chr5"	"BUD2(CLA2:ERC25)/BUD2"	109.31	495.06	363.28	268.35	176.35	188.5
"orf19.1113"	"Chr5"		62.57	412.25	268.66	393.28	251.66	162.67
"orf19.1113"	"Chr5"		748.21	914.72	1377.92	1069.16	680.75	1115.04
"orf19.1963"	"Chr5"	"GDS1"	1757.8	1956.43	749.14	1190.2	839.36	616.74
"orf19.1963"	"Chr5"	"GDS1"	2819.61	2255.57	889.63	842.96	920.43	796.61
"orf19.3929"	"Chr5"		789.38	1072.54	269.93	967.85	672.92	246.09
"orf19.3929"	"Chr5"		164.31	487.7	1395.05	357.51	329.46	1687.84
"orf19.4026"	"Chr5"	"HIS1"	5179.53	5689.67	5265.27	9002.83	5428.08	5097.14
"orf19.4026"	"Chr5"	"HIS1"	6508.81	5262.78	4768.41	2602.07	5186.66	4694.77
"orf19.3163"	"Chr5"		145.14	450.15	345.84	492.65	337.41	333.69
"orf19.3163"	"Chr5"		211.23	562.39	521.98	522.28	356.9	794.27
"orf19.4287"	"Chr5"		574.47	879.67	989.95	874.7	617.33	720.64
"orf19.4287"	"Chr5"		172.14	524.33	348.97	356.23	332.45	319.51
"orf19.4017"	"Chr5"		-23.21	300.78	336.22	234.6	128.9	209.93
"orf19.4017"	"Chr5"		-41.86	339.66	237.93	180.42	130.1	167.38
"orf19.944"	"Chr5"	"IFG3"	590.09	790.37	2856.85	1073.1	633.1	2182.36
"orf19.944"	"Chr5"	"IFG3"	1972.62	1660.14	1039.11	1911.44	1255.53	1217.14
"orf19.4012"	"Chr5"	"PCL5"	653.79	1163.07	1005.84	716.67	702.3	853.14
"orf19.4012"	"Chr5"	"PCL5"	528.09	894.59	1368.76	565.63	600.18	1605.99
"orf19.3195"	"Chr5"	"GAP3/HIP1"	1218.11	1371.28	3104.51	1940.76	1292.42	6559.3
"orf19.3195"	"Chr5"	"GAP3/HIP1"	788.71	1126.46	4376.32	1248.61	1240.81	4164.21
"orf19.4149"	"Chr5"	"RPS11A"	9461.46	11420.19	61260.31	6715.05	4699.33	38498.33
"orf19.4149"	"Chr5"	"RPS11A"	50152.63	57225.09	7053.93	42912.48	28142.78	7214.22
"orf19.3919"	"Chr5"		563.45	785.72	431.32	619.03	447.85	424.37
"orf19.3919"	"Chr5"		1075.05	1331.8	1089.52	782.26	950.08	1076.86
"orf19.4332"	"Chr5"		389.99	659.87	286.4	468.46	319.02	226.43
"orf19.4332"	"Chr5"		298	599.33	602.19	475.2	374.68	520.01
"orf19.1942"	"Chr5"	"AZR2/SGE1"	766.22	990.07	920.82	718.05	436.12	501.17
"orf19.1942"	"Chr5"	"AZR2/SGE1"	692.03	875.39	1712.87	568.39	359.06	1574.85
"orf19.4315"	"Chr5"		300.14	677.7	472.8	456.11	319.25	519.82
"orf19.4315"	"Chr5"		58.05	386.59	288.38	379.34	243.28	282.81
"orf19.5692"	"Chr5"		526.75	803.1	813.17	626.22	391.57	489.33
"orf19.5692"	"Chr5"		282.87	830.74	815.38	594.63	453.23	457.5
"orf19.3898"	"Chr5"	"TLG1"	104.63	461.73	213.87	334.89	241.91	111.98
"orf19.3898"	"Chr5"	"TLG1"	-19.74	306.9	396.15	319.55	157.82	505.48
"orf19.3963"	"Chr5"		50.97	356.1	278.9	190.39	191.46	276.23
"orf19.4033"	"Chr5"	"PRP22"	162.67	543.48	238.85	319.07	217.68	184.01
"orf19.4033"	"Chr5"	"PRP22"	73.55	422.19	370.29	337.95	225.96	295.75
"orf19.2654"	"Chr5"	"RMS1"	137.67	548.82	337.11	371.99	246.77	217.94
"orf19.2654"	"Chr5"	"RMS1"	521.95	773.02	409.26	452.68	425.24	297.07
"orf19.3175"	"Chr5"	"ETF1/YOR256W"	4211.59	4291.51	1998.29	3643.5	2151.42	1376.53
"orf19.3175"	"Chr5"	"ETF1/YOR256W"	2059.26	1933.74	4190.3	1307.33	1226.11	4071.81
"orf19.1945"	"Chr5"	"AUR1"	998.42	1178.67	685.78	618.13	386.98	570.1
"orf19.1945"	"Chr5"	"AUR1"	786.79	1267.09	794.58	576.51	396.31	613.09
"orf19.4340"	"Chr5"		-45.83	309.52	296.27	196.74	145.78	226.93
"orf19.4340"	"Chr5"		112.64	535.53	207.87	361.64	282.82	149.1
"orf19.3991"	"Chr5"		2314.53	2845.74	4903.5	4184.26	2906.86	5232.85
"orf19.3991"	"Chr5"		598.5	1020.96	769.7	692.55	488.13	696.81
"orf19.980"	"Chr5"	"VIP1"	1440.55	2311.21	3007.07	794.67	717.9	3328.69
"orf19.980"	"Chr5"	"VIP1"	5882.26	4304.3	2743.24	2259.78	2020.17	1634.29
"orf19.4010"	"Chr5"	"PAN3"	236.31	663.86	552.74	374.47	288.45	508.42
"orf19.4010"	"Chr5"	"PAN3"	366.43	706.06	535.48	404.53	264.97	339.27
"orf19.4312"	"Chr5"	"SPT8"	481.29	849.27	1058.63	514.41	337.86	787.54
"orf19.4312"	"Chr5"	"SPT8"	1546.32	1650.39	506.26	762.45	814.56	465.61
"orf19.3946"	"Chr5"	"COX18"	104.14	445.24	779.76	273.33	236.56	846.22
"orf19.3946"	"Chr5"	"COX18"	972.55	900.24	285.59	588.65	481.38	301.03
"orf19.4014"	"Chr5"	"CDC102"	188.02	572.85	271.85	370.99	260.42	271.26
"orf19.4014"	"Chr5"	"CDC102"	2.36	338.14	812.57	244.02	154.83	1075.11
"orf19.3188"	"Chr5"	"HAL9a/TAC1/ZNC2"	32.99	362.2	230.41	225.28	176.27	153.16
"orf19.3188"	"Chr5"	"HAL9a/TAC1/ZNC2"	850.75	1333.86	957.09	860.82	808.77	686.42
"orf19.1979"	"Chr5"	"GIT3/GIT1"	548.15	972.76	1012.14	866.42	516.78	1547.8
"orf19.1979"	"Chr5"	"GIT3/GIT1"	826.32	1107.61	1997.89	1072.29	657.71	2773.27
"orf19.4044"	"Chr5"	"MUM2"	173.59	608.03	438.04	458.65	353.5	381.14
"orf19.4044"	"Chr5"	"MUM2"	361.73	899.54	861.1	711.26	545	937.23
"orf19.3219"	"Chr5"		508.01	911.64	940.82	538.47	352.36	886.02
"orf19.3219"	"Chr5"		562.71	895.91	410.82	635.29	375.66	300.33
"orf19.4339"	"Chr5"	"VSP4/VPS4"	1109.78	1346.32	1281.74	1313.21	824.32	2071.35
"orf19.4339"	"Chr5"	"VSP4/VPS4"	62.68	436.8	276.01	264.62	204	295.84
"orf19.4262"	"Chr5"	"JSN1"	446.1	749.05	437.74	456.77	322.49	358.68
"orf19.4262"	"Chr5"	"JSN1"	693.66	987.5	356.13	507.87	506.3	278.79
"orf19.4252"	"Chr5"	"BUD32"	378.53	812.9	404.23	710.61	426.32	478.15
"orf19.4252"	"Chr5"	"BUD32"	169.84	608.29	615.03	441.43	377.33	978.26
"orf19.6668"	"Chr5"	"CUE1"	-59.47	293.16	878.93	188.65	120.37	780.67
"orf19.6668"	"Chr5"	"CUE1"	227.62	601.98	235.11	408.54	334.78	155.52
"orf19.4144"	"Chr5"		905.09	1048.85	325.86	1231.22	675.01	358.76
"orf19.4144"	"Chr5"		50.21	463.02	1865.9	288.24	193.88	2024.39
"orf19.4348"	"Chr5"	"RGR1"	479.96	879.87	320.39	436.51	308.97	211.71
"orf19.4348"	"Chr5"	"RGR1"	336.38	576.47	331.04	514.56	276.43	290.91
"orf19.4308"	"Chr5"	"HSL1"	1414.79	1817.63	322.44	1030.08	750.44	207.64
"orf19.4308"	"Chr5"	"HSL1"	662.49	1110.32	903.05	560.64	376.12	461.24
"orf19.3904"	"Chr5"		-22.77	366.21	313	256.58	174.72	180.49
"orf19.3904"	"Chr5"		-38.09	299.34	199.52	185.51	159.07	127.39
"orf19.4297"	"Chr5"	"CKB22"	783.48	1060.15	1096.36	667.94	545.49	544.69
"orf19.4297"	"Chr5"	"CKB22"	698.47	1101.31	746.67	418.82	387.1	941.05
"orf19.3204"	"Chr5"		355.06	718.71	273.14	770.89	346.43	172.7
"orf19.3204"	"Chr5"		-21.41	355.06	766.05	245.18	237.74	769.49
"orf19.6680"	"Chr5"	"FGR27"	335.59	642.92	453.52	357.21	274.02	478.25
"orf19.6680"	"Chr5"	"FGR27"	522.63	775.37	709.79	510.31	331.37	827.68
"orf19.933"	"Chr5"	"UBC14"	1054.28	1473.97	4676.78	1973.97	1082.18	4629.04
"orf19.933"	"Chr5"	"UBC14"	2645.25	2855.39	3360.44	1778.99	2326.71	5025.48
"orf19.1109"	"Chr5"		525.03	848.77	794.7	684.97	522.46	661.78
"orf19.3215"	"Chr5"		191.69	629.65	340.81	447.44	346.91	603.57
"orf19.1958"	"Chr5"		-55.82	328.19	177.78	164.78	119.6	103.09
"orf19.4334"	"Chr5"	"PGA58"	230.48	546.18	1434.6	501.56	288.52	902.18
"orf19.4334"	"Chr5"	"PGA58"	785.31	1273.62	922.72	1075.21	983.92	742.18
"orf19.964"	"Chr5"	"SMC4"	508.46	860.5	1106.98	431.85	332.33	887.54
"orf19.964"	"Chr5"	"SMC4"	2087.34	1684.97	455.27	1183.67	1228.71	303.32
"orf19.3197"	"Chr5"	"PAPa(PAP1)/PAP1"	1454.28	1605.39	741.36	425.49	284.67	272.53
"orf19.3197"	"Chr5"	"PAPa(PAP1)/PAP1"	1036.84	1144.68	1167.01	550.11	407.52	690.82
"orf19.3897"	"Chr5"		76.39	482.89	212.32	473.45	241.87	140.45
"orf19.3897"	"Chr5"		22.66	315.8	402.66	249.59	182.34	333.32
"orf19.1112"	"Chr5"	"BUD7"	387.53	821.77	303.89	738.33	471.82	288.72
"orf19.1112"	"Chr5"	"BUD7"	272.53	712.46	487.77	313.47	298.57	794.26
"orf19.928"	"Chr5"		-40.09	320.98	399.25	226.91	135.09	378.71
"orf19.928"	"Chr5"		250.47	668.1	230.76	317.73	271.19	143.29
"orf19.4275"	"Chr5"	"RAD9"	-59.95	300.18	186.79	175.77	121.64	103.04
"orf19.4275"	"Chr5"	"RAD9"	-25.95	321.34	215.91	195.72	147.58	142.9
"orf19.1121"	"Chr5"		359.64	731.77	5113.97	709.04	488.3	6275.23
"orf19.1121"	"Chr5"		4161.9	3268.79	1457.46	2577.35	3018.04	918.29
"orf19.6654"	"Chr5"		1549.68	1635.36	546.63	1682.21	932.69	841.18
"orf19.6654"	"Chr5"		906.57	1007.4	2785.67	530.36	545.43	2282.83
"orf19.3921"	"Chr5"	"FSH3"	488.88	863.99	1081.4	863.74	640.63	653.59
"orf19.3921"	"Chr5"	"FSH3"	434.61	838.7	870.16	739.29	571.29	754.44
"orf19.2639.1"	"Chr5"	"MRPL20"	1243.94	1597.4	267.41	1385.39	829.42	216
"orf19.2639.1"	"Chr5"	"MRPL20"	197.78	554.73	1112.2	889.32	391.04	1156.03
"orf19.4236"	"Chr5"	"RET2"	346.21	722.03	446.07	529.69	404.58	267.74
"orf19.4236"	"Chr5"	"RET2"	1706.43	1383.16	1203.69	1031.62	1223.06	1160.2
"orf19.3986"	"Chr5"	"PPR1"	39.47	381.46	238.84	232.17	179.65	172.88
"orf19.3986"	"Chr5"	"PPR1"	181.59	434.55	399.52	453.65	265.12	360.88
"orf19.3972"	"Chr5"	"GOT1"	1223.92	1614.97	1075.74	1266.54	774.06	1024.58
"orf19.3972"	"Chr5"	"GOT1"	153.83	586.95	363.96	292.18	310.95	254.14
"orf19.3202"	"Chr5"		70.34	433.35	658.16	336.09	191.34	379.04
"orf19.3202"	"Chr5"		282.85	507.2	1115.12	484.52	309.37	887.7
"orf19.1285"	"Chr5"		139.17	503.85	394	314.25	238.28	254.74
"orf19.1285"	"Chr5"		1655.32	1654.17	1765.26	1247.77	1018.26	1616.3
"orf19.4292"	"Chr5"	"PEP12"	114.59	491.81	649.24	355.65	276.61	943.21
"orf19.4292"	"Chr5"	"PEP12"	492.25	742.78	1202.81	631.03	537.69	1448.46
"orf19.2643"	"Chr5"	"RPO26"	3272.47	3452.75	4853.79	3431.09	2246.71	4332.81
"orf19.2643"	"Chr5"	"RPO26"	1897.27	2902.17	4560.94	2378.2	2074.32	4423.44
"orf19.3955"	"Chr5"	"MES1"	726.55	1177.78	558.58	896.52	626.62	488.6
"orf19.3955"	"Chr5"	"MES1"	2049.79	2176.93	1603.27	1341.28	1671.57	1280.62
"orf19.937"	"Chr5"		111.9	389.49	369.04	422.17	192.29	261.98
"orf19.4030"	"Chr5"	"PRI1"	815.74	1242.44	1308.31	1340.52	855.98	657.22
"orf19.4030"	"Chr5"	"PRI1"	2352.69	2089.77	1168.73	976.8	1499.22	855.97
"orf19.4288"	"Chr5"	"STB4"	900.55	1239.4	308.05	803.77	645.6	318.39
"orf19.4288"	"Chr5"	"STB4"	473.8	643.01	1427.85	450.25	281.31	1524.69
"orf19.4305"	"Chr5"		30.49	347.83	441.5	281.64	149.42	391.95
"orf19.4305"	"Chr5"		65.97	375.93	192.12	211.55	190.09	123.1
"orf19.4261"	"Chr5"	"TIF5"	2289.83	2275.51	1651.58	2908.26	1430.51	1066.59
"orf19.4261"	"Chr5"	"TIF5"	2096.73	2270.22	2526.95	2030.39	1356.47	2364.21
"orf19.1927"	"Chr5"		273.03	574.55	468.94	655.35	458.48	738.53
"orf19.4234"	"Chr5"		1053.5	1196.59	825.22	1484.09	887.41	930.46
"orf19.4234"	"Chr5"		4697.43	3360.07	6388.9	4786.19	2589	4656.75
"orf19.4239"	"Chr5"		-53.61	257.36	213.56	183.71	125.82	123.96
"orf19.4239"	"Chr5"		34.24	343.85	192.33	350.27	169.06	115.88
"orf19.3212"	"Chr5"	"MID1"	980.12	1205.52	838.87	862.8	719.25	1167.06
"orf19.3212"	"Chr5"	"MID1"	518.11	753.72	1228.27	853.7	504.16	1524.16
"orf19.4294"	"Chr5"	"CYC2"	142.72	463.04	286.15	413.71	238.63	186.28
"orf19.4294"	"Chr5"	"CYC2"	794.93	956.78	729.58	573.1	413.68	558.48
"orf19.3959"	"Chr5"	"SSD1"	1229.09	1640.65	619.83	1509.08	1012.31	588.6
"orf19.3959"	"Chr5"	"SSD1"	1370.16	1515.43	1679.57	707.88	711.5	1602.15
"orf19.4240"	"Chr5"	"PER1"	1015.68	1064.22	875.51	745.75	542.82	801.22
"orf19.4240"	"Chr5"	"PER1"	774.91	842.87	748.74	679.49	594.26	310.11
"orf19.6673"	"Chr5"	"HEX1"	793.32	926.43	363.4	548.89	457.35	298.77
"orf19.6673"	"Chr5"	"HEX1"	225.81	506.45	1170.77	410.28	267.12	1461.56
"orf19.1940"	"Chr5"	"CAT5"	793.84	1032.75	951.98	1025.23	905.22	1340.98
"orf19.1940"	"Chr5"	"CAT5"	543.19	910.24	1336.51	805.16	715.46	1945.3
"orf19.4021"	"Chr5"		948.16	1329.16	1309.12	916.85	889.45	873.79
"orf19.4021"	"Chr5"		1215.44	1354.89	1124.79	1096.07	974.68	1013.96
"orf19.3895"	"Chr5"	"CHT2"	3181.57	2902.67	2350.08	696.37	446.13	1485.9
"orf19.3895"	"Chr5"	"CHT2"	5003.71	6972.81	1762.61	1049.72	752.17	1063.27
"orf19.1930"	"Chr5"	"FRE4/CFL5"	-27.97	296.35	203.57	217.54	138.31	131.18
"orf19.1930"	"Chr5"	"FRE4/CFL5"	-35.23	287.31	363.38	305.91	178.65	271.68
"orf19.3928"	"Chr5"	"AZF2"	252.28	547.76	451.91	361.76	326.72	388.79
"orf19.3928"	"Chr5"	"AZF2"	480.38	817.99	543.91	422.79	568.74	654.58
"orf19.3184"	"Chr5"	"SFT2b"	1355.74	1357.88	4504.55	1260.53	825.72	5538.76
"orf19.3184"	"Chr5"	"SFT2b"	2012.74	2179.8	2056.32	1940.83	1203.76	2788.72
"orf19.930"	"Chr5"	"PET9(ACC2:ANC2:OP1)/PET9"	20081.07	18725.15	16176.53	13544.03	9889.94	10954.63
"orf19.930"	"Chr5"	"PET9(ACC2:ANC2:OP1)/PET9"	44592.32	39752.12	57304.97	43621.06	26892.53	47377.99
"orf19.2645"	"Chr5"		16.48	417.41	473.54	356.59	188.15	335.88
"orf19.4235"	"Chr5"	"PDE1"	249.73	2724.61	291.07	375.27	267.7	290.68
"orf19.4235"	"Chr5"	"PDE1"	103.46	431.19	519.42	304.34	224.38	501.81
"orf19.946"	"Chr5"	"MET14"	2401.71	2188.67	915.27	1862.4	1673.67	930.59
"orf19.946"	"Chr5"	"MET14"	1134.26	1820.35	1073.41	1574.46	1386.79	960.34
"orf19.1968"	"Chr5"	"MAK31"	405.32	532.76	456.85	612.29	344.33	487.64
"orf19.1968"	"Chr5"	"MAK31"	17.74	372.36	234.17	297.7	205.04	146.73
"orf19.4317"	"Chr5"	"GRE3"	1328.92	1430.93	1867.74	1422.65	1117.75	1072
"orf19.4317"	"Chr5"	"GRE3"	610.36	1127.83	789.37	569.11	711.89	537.38
"orf19.5680"	"Chr5"		732.86	993.77	780.18	442.66	354.73	580.03
"orf19.5680"	"Chr5"		1021.74	1374.51	1416.18	764.21	587.47	1649.82
"orf19.1960"	"Chr5"	"CLN3/CLN2"	686.48	956.6	303.26	428.28	271.64	162.89
"orf19.1960"	"Chr5"	"CLN3/CLN2"	706.28	1269.16	282.23	502.37	650.88	165.69
"orf19.3180"	"Chr5"	"INP54"	297.9	552.17	267.32	423.48	289.98	120.27
"orf19.3180"	"Chr5"	"INP54"	74.17	431.62	555.36	224.37	157.15	494.58
"orf19.6679"	"Chr5"	"ALD1"	267.67	559.43	387.33	491.52	426.66	381.26
"orf19.6679"	"Chr5"	"ALD1"	205.44	569.29	748.65	525.86	382.09	654.49
"orf19.4029"	"Chr5"	"SQT1"	3960.25	3276.45	5315.95	3186.27	2424.3	6016.76
"orf19.4029"	"Chr5"	"SQT1"	3887.91	3938.45	3868.68	1476.39	2624.05	4812.65
"orf19.3923"	"Chr5"	"PGA37"	245.38	481.9	3567.24	758.08	529.05	7479.24
"orf19.3923"	"Chr5"	"PGA37"	399.91	640.78	1619.26	595.11	417.11	4795.93
"orf19.1978"	"Chr5"	"GIT2"	198.45	508.1	340.54	480.16	277.02	221.24
"orf19.1978"	"Chr5"	"GIT2"	225.64	463.31	292.42	323.4	290.37	254.75
"orf19.585"	"Chr5"	"MRPL17"	1271.13	1430.48	446.57	670.7	575.41	541.03
"orf19.585"	"Chr5"	"MRPL17"	712.5	1245.83	1017.02	981.83	662.46	800.61
"orf19.4253"	"Chr5"		259.48	613.97	428.3	404.13	294.37	243.34
"orf19.4253"	"Chr5"		276.53	647.05	421.98	384.48	248.63	609.18
"orf19.3996"	"Chr5"	"GPI10"	407.81	662.41	672.01	439.06	372.74	482.56
"orf19.3996"	"Chr5"	"GPI10"	932.02	991.08	622.64	526.74	530.27	652.58
"orf19.4244"	"Chr5"	"YIL130"	1.71	309.15	211.4	196.05	158.23	142.86
"orf19.4244"	"Chr5"	"YIL130"	-41.59	323.11	210.35	248.31	129.23	137.12
"orf19.4258"	"Chr5"	"FIP1"	3711.6	687.06	467.04	405.08	353.07	582.36
"orf19.4258"	"Chr5"	"FIP1"	1109.86	1647.05	1231.54	1060.96	724.42	1464.11
"orf19.1970"	"Chr5"	"CVB1"	190.93	482.24	407.31	287.25	244.57	413.27
"orf19.1970"	"Chr5"	"CVB1"	255.71	771.84	1133.83	403.06	367.01	1441.36
"orf19.3926"	"Chr5"	"RNY1"	89.36	368.62	1065	421.89	188.09	576.79
"orf19.3926"	"Chr5"	"RNY1"	272.41	454.92	625.32	674.41	297.82	517.69
"orf19.1954"	"Chr5"	"PUS4"	1008.42	1233.17	1325.07	745.75	706.62	1905.23
"orf19.1954"	"Chr5"	"PUS4"	368.11	761.77	627.72	913.1	486.47	706.99
"orf19.2644"	"Chr5"	"QCR2"	17445.28	13083.33	11614.1	13557.06	9255.58	14084.18
"orf19.2644"	"Chr5"	"QCR2"	10063.09	9161.32	10685.93	5060.27	6800.25	4441.7
"orf19.4149.1"	"Chr5"		-30.07	280.88	236.14	179.37	143.15	138.63
"orf19.4306"	"Chr5"		590.11	806.48	519.19	931.42	667.55	411.2
"orf19.4306"	"Chr5"		909.6	1249.27	997.5	626.14	884.71	1125.56
"orf19.3190"	"Chr5"	"HAL9c/HAL9/ZNC3"	244.5	586.22	404.4	221.49	139.08	132.55
"orf19.3190"	"Chr5"	"HAL9c/HAL9/ZNC3"	92.65	475.87	320.05	259.75	174.06	131.46
"orf19.3912"	"Chr5"	"GLN3"	1089.86	1380.29	983.29	716.33	667.14	983.79
"orf19.3912"	"Chr5"	"GLN3"	1127.57	1296.85	691.26	585.59	536.77	635.43
"orf19.3192"	"Chr5"	"STI1"	1159.29	1479.16	3834.72	1241.05	1168.3	1321.26
"orf19.3192"	"Chr5"	"STI1"	1497.66	2678.67	1626.95	1634.77	1852.61	884.35
"orf19.4248"	"Chr5"		4089.31	4161.03	3304.42	5194.88	3662.54	2874.36
"orf19.4248"	"Chr5"		1632.55	1930.6	8299.6	1541.23	1242.31	7140.32
"orf19.4147"	"Chr5"	"GLR1"	2442.74	2503.81	1512.87	1859.15	1381.93	1984.33
"orf19.4147"	"Chr5"	"GLR1"	3767.55	3946.9	7731.28	3891.37	2824.36	7514.88
"orf19.4055"	"Chr5"	"YBR075W"	263.12	579.93	833.36	686.66	414.9	836.32
"orf19.4055"	"Chr5"	"YBR075W"	7	364.04	545.31	331.41	206.81	560.01
"orf19.575"	"Chr5"	"HYR5/HYR3/IFF2"	560.36	729.62	699.48	518.82	349.4	824.05
"orf19.575"	"Chr5"	"HYR5/HYR3/IFF2"	1345.61	1690.86	1927.02	1092.27	659.98	2813.22
"orf19.4335"	"Chr5"	"TNA1"	1548.96	1519.68	578.64	962.72	731.72	259.29
"orf19.4335"	"Chr5"	"TNA1"	892.97	1357.61	593.13	840.49	588.16	449.84
"orf19.4268"	"Chr5"		1408.96	1521.19	2253.62	889.72	793.7	1221.29
"orf19.4268"	"Chr5"		2185.62	2235.22	985.04	2580.04	1667.02	451.17
"orf19.3994"	"Chr5"	"OST3"	953.71	1391.49	1268.22	868.41	875.75	816.75
"orf19.3994"	"Chr5"	"OST3"	688.55	980.18	635.49	536.53	505.89	455.91
"orf19.4290"	"Chr5"	"TRR1"	849.59	1326.22	1740.14	909.66	636.09	2143.36
"orf19.4290"	"Chr5"	"TRR1"	1925.32	2232.84	1628.39	1066.94	1366	2132.69
"orf19.4295"	"Chr5"	"HIR2"	405.14	639.03	310.34	338.94	272.57	203.44
"orf19.4295"	"Chr5"	"HIR2"	473.05	671.79	398.36	365.86	257.5	218.9
"orf19.4245"	"Chr5"		48.28	341.71	384.57	195.27	178.75	222.97
"orf19.4245"	"Chr5"		204.78	544.4	483.52	391.17	276.86	447.13
"orf19.4142"	"Chr5"		618.9	768.14	702.16	576.17	374.38	305.11
"orf19.4142"	"Chr5"		256.71	565.47	809.24	421.61	246.44	604.51
"orf19.931"	"Chr5"		973.44	1126.15	444.07	745.58	443.18	428.84
"orf19.931"	"Chr5"		453.11	821.47	971.99	492.17	359.46	881.85
"orf19.1124.2"	"Chr5"		-25.95	288.57	342.92	184.53	157.41	205.85
"orf19.1124.2"	"Chr5"		80.23	373.76	222.74	348.59	230.83	151.62
"orf19.1966"	"Chr5"	"BUD23"	541.69	900.75	673.4	736.58	588.98	594.77
"orf19.1966"	"Chr5"	"BUD23"	3895.97	2867.68	11960.94	4459.05	2804.98	6895.98
"orf19.6663"	"Chr5"	"RPS25B"	13700.7	16809.82	8651.49	11553.37	11124.31	7033.59
"orf19.6663"	"Chr5"	"RPS25B"	22159.8	27831.7	22979.06	12016.65	16384.89	20452.51
"orf19.3214"	"Chr5"		483.46	628.75	631.2	985.54	510.96	642.59
"orf19.3214"	"Chr5"		451.41	728.41	1427.09	970.48	595.84	1319.97
"orf19.4322"	"Chr5"	"DAP2"	67.62	366.81	770.6	206.33	172.33	541.89
"orf19.4322"	"Chr5"	"DAP2"	620.41	779.67	271.92	445.87	308.13	205.09
"orf19.4007"	"Chr5"		665.22	752.78	486.68	983.1	440.34	418.34
"orf19.4007"	"Chr5"		387.4	779.35	1869.55	558.57	526.34	1479.39
"orf19.4220"	"Chr5"		258.28	671.38	676.3	880.72	604	1000.39
"orf19.4233"	"Chr5"	"THR4"	4783.87	4417.56	550.61	3807.41	3005.16	664.15
"orf19.4233"	"Chr5"	"THR4"	1144.87	1450.88	5154.2	850.78	841.1	4415.72
"orf19.3964"	"Chr5"	"ASH2"	823.82	1167	453.16	591.96	472.74	252.78
"orf19.3964"	"Chr5"	"ASH2"	523.82	683.55	720.28	362.51	278.13	581.83
"orf19.939"	"Chr5"	"NAM7(IFS2:MOF4:UPF1)/NAM7"	1721.1	2010.48	1924.33	1582.99	1103.76	1655.04
"orf19.939"	"Chr5"	"NAM7(IFS2:MOF4:UPF1)/NAM7"	753.78	1106.16	648.05	454.59	587.99	502.41
"orf19.3978"	"Chr5"		216.28	517.62	711.02	326.47	285.9	430.19
"orf19.3978"	"Chr5"		257.26	639.05	425.31	344.8	295.12	282.99
"orf19.1281"	"Chr5"		381.52	685.56	1734.46	529.61	418.87	1453.57
"orf19.1122"	"Chr5"		7.29	321.13	243.14	269.54	176.58	180.59
"orf19.1122"	"Chr5"		187.69	548.37	273.8	346.62	290.62	250.19
"orf19.5691"	"Chr5"	"CDC11"	1008.59	1384.63	1088.86	1082	801.19	1032.94
"orf19.5691"	"Chr5"	"CDC11"	125.48	490.66	323.57	326.89	280.67	408.54
"orf19.1941"	"Chr5"	"NUF2"	266.71	617.73	609.51	351.64	290.04	263.25
"orf19.1941"	"Chr5"	"NUF2"	596.96	745.23	525.6	494.4	395.53	651.19
"orf19.4340.1"	"Chr5"		217.71	554.96	351.08	365.84	229.14	333
"orf19.4340.1"	"Chr5"		146.34	472.46	345.91	288.06	247.17	326.47
"orf19.3942.1"	"Chr5"	"VPS25"	-24.07	300.68	229.01	208.22	165.62	165.28
"orf19.3942.1"	"Chr5"	"VPS25"	39.9	441.52	205.42	281.1	215.93	128.07
"orf19.4250"	"Chr5"		29.96	332.55	237.36	231.73	181.87	179.4
"orf19.3999"	"Chr5"		298.53	566.86	298.47	290.08	238.72	183.97
"orf19.3999"	"Chr5"		34.99	391.79	201.79	215.51	170.07	148.23
"orf19.2657"	"Chr5"		180.14	487.59	647.87	457.81	309.2	514.68
"orf19.2657"	"Chr5"		644.11	763.01	296.17	747.66	611.78	211.7
"orf19.966"	"Chr5"	"DUS4"	190.59	592.59	1200.98	311.85	205.59	1486.95
"orf19.966"	"Chr5"	"DUS4"	1276.21	1930.2	725.55	755.16	784.5	485.8
"orf19.4001"	"Chr5"	"MSS2"	41.94	352.03	216.3	208.59	156.49	152.57
"orf19.4001"	"Chr5"	"MSS2"	425.97	772.48	1290.13	552.72	388.81	1220.12
"orf19.3932"	"Chr5"		3498.28	3703.79	3536.59	3672.58	3041.53	4064.23
"orf19.3932"	"Chr5"		2378.86	2881.92	6200.45	3710.69	3530.37	12358.32
"orf19.1959"	"Chr5"		672.82	1063.3	347.53	542.04	422.11	253.22
"orf19.1959"	"Chr5"		143.71	561.83	1021.84	444.14	308.75	583.11
"orf19.3952"	"Chr5"	"SRP101"	428.55	749.65	485.78	540.3	381.61	549.21
"orf19.3952"	"Chr5"	"SRP101"	458.59	809.06	749.05	511.07	393.25	1032.92
"orf19.4307"	"Chr5"	"FTI1"	39.08	357.36	1838.71	279.78	199.8	1927.95
"orf19.4307"	"Chr5"	"FTI1"	339.29	772.75	297.04	539.66	601.49	214.56
"orf19.4316"	"Chr5"		288.19	570.19	932.52	570.21	413.38	929.29
"orf19.4316"	"Chr5"		743.62	1120.45	515.07	791.15	844.43	557.69
"orf19.3206"	"Chr5"	"CCT7"	969.4	1148.76	7476.89	715.47	661.6	4080.78
"orf19.3206"	"Chr5"	"CCT7"	7790.91	6107.18	777.47	7051.06	7781.17	656.15
"orf19.4011"	"Chr5"		-4.72	325.46	233.13	243.19	172.01	173.27
"orf19.4011"	"Chr5"		-7.93	315.24	280.86	418.75	168.4	179.68
"orf19.3984"	"Chr5"		234.14	535.77	467.79	284.16	157.24	492.64
"orf19.3984"	"Chr5"		73.53	444.74	847.03	187.78	173.59	299.26
"orf19.3905"	"Chr5"		67.36	419.82	315.79	353.88	213.72	234.41
"orf19.1976"	"Chr5"	"TRX1"	16.16	317.47	442.06	292.72	179.39	283.7
"orf19.1976"	"Chr5"	"TRX1"	416.27	716.52	1160.9	806.82	485.48	1006.2
"orf19.6295"	"Chr5"	"MAS2"	2085.79	1879.99	1653.44	2005.77	1110.47	1237.01
"orf19.6295"	"Chr5"	"MAS2"	122.03	469.33	227.28	247.21	206.52	150.19
"orf19.3935"	"Chr5"		228.37	466.2	801.23	629.64	282.89	716
"orf19.948"	"Chr5"		-26.52	284.76	267.29	218.16	150.12	183.22
"orf19.4035"	"Chr5"	"GAS1/PGA4"	4683.69	4513.99	2854.5	2770.39	2023.08	3819.65
"orf19.4035"	"Chr5"	"GAS1/PGA4"	6206.31	6068.65	4329.88	1979.64	2824.64	5815.35
"orf19.4274"	"Chr5"	"PUT1"	1528.86	1383.76	1308.38	1780.5	748.94	555.67
"orf19.4274"	"Chr5"	"PUT1"	234.26	566.69	7688.39	324.51	188.33	2475.62
"orf19.3941"	"Chr5"	"URA7"	2396.36	2817.71	1954.16	1973.26	1473.8	1327.56
"orf19.3941"	"Chr5"	"URA7"	2969.59	3905.61	2280.21	1455.64	2269.15	2158.02
"orf19.6678"	"Chr5"		-31.2	288.62	298.08	203.88	134.96	269.24
"orf19.6678"	"Chr5"		28.67	340.87	229.53	337.63	191.09	129.01
"orf19.4022"	"Chr5"	"SDH5/SDH4"	906.09	1118.56	641.07	1035.37	812.23	460.5
"orf19.4022"	"Chr5"	"SDH5/SDH4"	822.51	865.57	1860.58	616.45	600.54	1202
"orf19.941"	"Chr5"	"SEC14"	2045.96	2148.76	2270.42	873.04	1062.05	1297.55
"orf19.941"	"Chr5"	"SEC14"	4481.59	6059.63	7074.18	2401.25	3025.85	3507.17
"orf19.4135"	"Chr5"	"PRC2"	3121.32	2796.07	1942.73	2635.16	1794.02	2359.2
"orf19.4135"	"Chr5"	"PRC2"	1609.47	1635.71	972.75	1282.62	1393.09	1091.33
"orf19.4247"	"Chr5"		408.69	708.71	576.92	572.36	456.42	846.61
"orf19.4247"	"Chr5"		200.78	534.7	1146.28	416.51	402.45	1615.3
"orf19.2637"	"Chr5"	"PER1"	1105.6	1105.84	307.04	1161.28	601.87	227.14
"orf19.2637"	"Chr5"	"PER1"	-12.07	342.94	2728.1	190.06	174.88	2782.01
"orf19.3945"	"Chr5"		780.46	1056.91	761.89	630.53	499.68	717.57
"orf19.3945"	"Chr5"		211.4	534.34	1547.02	413.14	279.89	1761.43
"orf19.4323"	"Chr5"		136.09	458.26	420.48	303.47	268.81	423.75
"orf19.3200"	"Chr5"	"MATa2/MTLA2/A2"	-36.74	290.87	222.39	180.72	146.55	114.8
"orf19.3200"	"Chr5"	"MATa2/MTLA2/A2"	-25.28	291.63	225.1	302.65	122.81	119.04
"orf19.4349"	"Chr5"	"KRE12"	2852.66	2698.18	1549.5	3774.69	2175.1	1141.81
"orf19.4349"	"Chr5"	"KRE12"	2986.03	2894.73	888.77	2426.8	3170.1	649.67
"orf19.1967"	"Chr5"	"IMG1"	-18.28	320.14	221.57	195.27	156.37	152.46
"orf19.1967"	"Chr5"	"IMG1"	1825.55	2347.25	1163.06	1315.06	1744.53	1286.48
"orf19.1282"	"Chr5"	"CKS1"	350.78	609.24	650.67	370.02	364.6	595.45
"orf19.1282"	"Chr5"	"CKS1"	485.28	849.8	700.09	469.76	474.66	800.04
"orf19.1119"	"Chr5"	"MTR10"	167.26	482.74	477.81	475.91	370.52	350.47
"orf19.1119"	"Chr5"	"MTR10"	370.21	704.35	395.23	410.53	385.87	321.65
"orf19.3973"	"Chr5"		700.02	936.84	2464.48	797.98	614.33	2812.84
"orf19.3973"	"Chr5"		1104.72	1296.72	2949.69	1146.88	1105	2597.13
"orf19.4246"	"Chr5"	"YKR070W"	1656.92	1653.96	1306.67	1863.66	1215.19	720.61
"orf19.4246"	"Chr5"	"YKR070W"	858.11	1128.26	2408.79	982.8	767.97	4333.39
"orf19.4281"	"Chr5"	"IFH1"	571.47	941.34	603.93	317.96	271.21	251.22
"orf19.4281"	"Chr5"	"IFH1"	1182.24	1395.08	922.1	891.46	641.02	970.49
"orf19.5698"	"Chr5"	"RPL1"	1252.76	1415.3	957.97	1553.18	903.62	345.35
"orf19.5698"	"Chr5"	"RPL1"	1184.34	1781.95	1865.01	855.3	951.22	1077.73
"orf19.4227"	"Chr5"		-40.74	313.29	255.91	193.55	182.34	166.31
"orf19.4227"	"Chr5"		610.76	770.93	1394.84	934.05	646.38	1235
"orf19.923"	"Chr5"	"THR1"	1131.92	1344.77	497.76	1169.11	734.15	496.84
"orf19.923"	"Chr5"	"THR1"	696.25	1079.34	478.55	541.26	664.98	302.5
"orf19.3981"	"Chr5"	"MAL31"	486.24	754.69	510.52	205.51	142.02	453.01
"orf19.3981"	"Chr5"	"MAL31"	322.77	681.39	1251.46	197.58	167.77	780.27
"orf19.4006"	"Chr5"	"PAN5"	145.46	495.46	505.88	324.96	256.29	274.58
"orf19.4006"	"Chr5"	"PAN5"	40.59	355.05	316.09	306.34	217.98	365.15
"orf19.1955"	"Chr5"	"SHR5"	80.41	382.21	259.64	255.71	192.84	288.47
"orf19.1955"	"Chr5"	"SHR5"	172.73	525.41	457.36	328.65	269.54	380.86
"orf19.2640"	"Chr5"	"FUR1"	2132.03	2334.88	1178.48	3314.07	1982.33	792.32
"orf19.2640"	"Chr5"	"FUR1"	706.68	942.14	3935.62	620.68	879.44	3278.26
"orf19.951"	"Chr5"		293.1	541.92	956.43	249.54	285.49	845.85
"orf19.4016"	"Chr5"	"COR1"	3898.73	4309.5	6315.03	3349.91	3289.11	5776.38
"orf19.4016"	"Chr5"	"COR1"	8404.53	11133.81	4448.39	5198.68	5343.01	3892.27
"orf19.6659"	"Chr5"	"GAP5"	1700.5	1726.98	4836.32	3065.63	2268.1	8495.66
"orf19.6659"	"Chr5"	"GAP5"	1410.78	1594.93	6690.29	1410.81	2616.95	11868.56
"orf19.6297"	"Chr5"	"DEG1"	240.72	592.54	413.59	379.51	309.62	250.91
"orf19.6297"	"Chr5"	"DEG1"	194.86	562.63	544.08	451.71	320.8	245.95
"orf19.968"	"Chr5"	"PGA14"	8594.77	11214.05	11901.66	9231.06	7492.05	8789.67
"orf19.968"	"Chr5"	"PGA14"	10105.17	13063.49	26596.56	11802.54	8000.31	21064.06
"orf19.3199"	"Chr5"	"PIKa/PIKA"	340.23	629.92	1532.3	218.15	168.24	247.38
"orf19.3199"	"Chr5"	"PIKa/PIKA"	1851.73	1677.47	453.85	596.23	326.9	135.04
"orf19.1934"	"Chr5"	"HST3"	114.59	432.7	424.34	255.83	202.58	261.03
"orf19.1934"	"Chr5"	"HST3"	329.3	629	341.14	443.53	367.48	338.37
"orf19.1977"	"Chr5"	"URA4"	1524.02	1678.57	2055.72	1124.19	857.58	1399.79
"orf19.1977"	"Chr5"	"URA4"	6279.05	4542.56	1114.5	1764.59	2465.18	915.07
"orf19.3894"	"Chr5"		430.22	758.31	887.84	641.7	349.14	1239.2
"orf19.3894"	"Chr5"		252.09	592.73	479.42	398.4	262.31	655.18
"orf19.583"	"Chr5"	"BNA2"	1124.81	1385.47	3086.84	601.04	446.74	1191.33
"orf19.583"	"Chr5"	"BNA2"	6747.2	5235.38	7080.8	2446.9	3673.45	9097.84
"orf19.578"	"Chr5"	"MSB3"	86.78	402.45	301.61	294.72	203.83	263.57
"orf19.578"	"Chr5"	"MSB3"	262.13	620.34	629.55	418.77	342.02	749.99
"orf19.5681"	"Chr5"		75.27	410.13	499.42	325.68	208.91	478.74
"orf19.5681"	"Chr5"		516.38	659.38	350.56	453.9	426.91	204.49
"orf19.6667"	"Chr5"	"(SAP30)"	428.49	736.64	1889.24	661.15	475.79	2577.29
"orf19.6667"	"Chr5"	"(SAP30)"	842.34	1267.6	2677.45	1249.22	769.02	2121.6
"orf19.1107"	"Chr5"		287.8	622.3	2119.24	608.97	379.43	2842.71
"orf19.3168"	"Chr5"	"RPN8"	2836.14	2275.23	783.42	3304.92	1991.57	1098.79
"orf19.3168"	"Chr5"	"RPN8"	331.52	805.84	5943.11	746.12	687.79	6817.28
"orf19.3196"	"Chr5"		137.78	394.93	512.72	583.53	277.27	297.37
"orf19.4000"	"Chr5"	"PHO2"	847.02	988.85	1087.08	530.88	376.98	504.73
"orf19.4000"	"Chr5"	"PHO2"	513.45	1058.94	526.31	360.02	452.6	367.72
"orf19.580"	"Chr5"		147.74	459.88	407.83	422.92	298.43	673.36
"orf19.580"	"Chr5"		117.22	485.63	483.25	326.94	232.41	482.85
"orf19.4228"	"Chr5"		923.22	1396.71	756.51	1459.28	1098.8	769.53
"orf19.4228"	"Chr5"		404.62	808.63	1917.13	739.06	529.77	1598.87
"orf19.1971"	"Chr5"		-3.7	352.7	250.39	250.29	205.26	141.05
"orf19.1971"	"Chr5"		2046.46	2140.14	2155.11	937.46	1260.41	2447.1
"orf19.1957"	"Chr5"	"CYC3"	1004.78	1564.31	2790.54	1255.48	934.26	3329.52
"orf19.1957"	"Chr5"	"CYC3"	1247.71	1978.73	3290.15	1730.16	1213.32	3996.52
"orf19.3207"	"Chr5"	"CCN1(CLN1)/CCN1/CLN1"	315.99	612.47	217.94	347.25	296.42	149.23
"orf19.3207"	"Chr5"	"CCN1(CLN1)/CCN1/CLN1"	201.52	458.85	271.29	337.69	281.64	135.15
"orf19.3900"	"Chr5"	"UGO1"	527.97	841.45	778.48	595.18	450.33	1013.32
"orf19.3900"	"Chr5"	"UGO1"	1273.22	1324.75	773.62	691.97	750.65	694.94
"orf19.3988"	"Chr5"		79.88	484.09	906.26	345.07	284.86	858.86
"orf19.3988"	"Chr5"		139.78	442.03	525.92	326.92	280.93	683.59
"orf19.4318"	"Chr5"	"MIG1"	989.09	1252.85	1160.4	971.7	870.12	999.97
"orf19.4318"	"Chr5"	"MIG1"	2126.32	2000.5	2072.42	865.48	992.08	1701.26
"orf19.2650"	"Chr5"	"MRP10"	132.94	444.85	285.12	390.99	588.63	170.47
"orf19.2650"	"Chr5"	"MRP10"	70.97	394.26	516.43	347.93	232.14	215.45
"orf19.3942"	"Chr5"	"RPL43A"	59746.48	57407.06	15345.8	44494.18	28204.6	9402.06
"orf19.3942"	"Chr5"	"RPL43A"	31125.19	27741.83	73862.35	7095.9	16089.16	54949.56
"orf19.3161"	"Chr5"		676.1	949.64	2693.35	699.5	478.78	3027.36
"orf19.3161"	"Chr5"		1704.84	2341.58	1009.29	1764.06	1127.14	933.59
"orf19.4269"	"Chr5"		224.71	543.38	1104.13	397.91	298.84	1003.98
"orf19.4269"	"Chr5"		984.14	1279.76	361.59	1014.35	627.28	422.52
"orf19.3187"	"Chr5"	"HAL9e/ZNC1"	283.31	505.2	315.07	404.7	321.12	221.89
"orf19.3187"	"Chr5"	"HAL9e/ZNC1"	120.93	460.87	455.95	551.53	273.43	435.35
"orf19.1969"	"Chr5"	"CCW14"	-13.81	353.67	212.47	236.44	177.26	132.62
"orf19.1969"	"Chr5"	"CCW14"	-31.64	337.19	226.8	296.86	144.75	125.88
"orf19.3980"	"Chr5"	"SLH1"	262.98	563.99	635.33	329.56	260.88	602.88
"orf19.3980"	"Chr5"	"SLH1"	707.42	1086.44	317.2	526.83	472.18	296.13
"orf19.5682"	"Chr5"	"SRP1"	1025.05	1185.62	952.32	1104.06	687.19	1190.86
"orf19.5682"	"Chr5"	"SRP1"	944.02	1355.3	981.98	1120.96	646.67	1434.28
"orf19.974"	"Chr5"	"ROT2/GLS2"	1205.68	1284.8	617.66	1060.96	571.38	911.21
"orf19.974"	"Chr5"	"ROT2/GLS2"	1215.93	1160.77	1150.35	654.04	666.41	1165.78
"orf19.961.2"	"Chr5"		940.93	1403.03	3180.72	1310.37	891.1	3284.01
"orf19.961.2"	"Chr5"		2417.1	2996.93	2770.74	1715.11	1995.51	2988.52
"orf19.4041"	"Chr5"	"PEX4"	653.61	1065.37	7320.14	1046.24	678.94	5296.02
"orf19.4041"	"Chr5"	"PEX4"	2444.97	2911.67	2801.12	1220.84	1601.78	3173.01
"orf19.3970"	"Chr5"		250.57	588.75	545.93	414.84	291.72	479.4
"orf19.3970"	"Chr5"		267.41	750.86	727.55	535.18	387.77	916.96
"orf19.4031"	"Chr5"		274.64	660.17	364.93	435.95	269.35	296.56
"orf19.4031"	"Chr5"		110.34	510.34	666.33	282.78	199.51	642.62
"orf19.2651"	"Chr5"	"TEF4"	24818.99	26192.96	910.21	42360.42	28245.99	801.15
"orf19.2651"	"Chr5"	"TEF4"	1988.47	2272.57	31257.27	995.69	1879.59	27497.74
"orf19.4015"	"Chr5"	"GPA1/CAG1"	28.64	381.93	232.76	999.44	699.11	1016.22
"orf19.4015"	"Chr5"	"GPA1/CAG1"	4.07	331.95	494.13	697.24	811.32	1572.13
"orf19.4283"	"Chr5"		1160.72	1534.88	721.25	723.58	700.7	370.13
"orf19.4283"	"Chr5"		15343.69	13495.07	50022.54	22637.34	14826.22	20282.05
"orf19.3902"	"Chr5"		2.83	362.65	323.77	245.93	216.2	201.62
"orf19.3902"	"Chr5"		99.84	388.81	449.55	323.78	222.78	247.55
"orf19.3954"	"Chr5"	"PSD2"	261.34	621.26	426.39	354.2	283.78	275.14
"orf19.3954"	"Chr5"	"PSD2"	1438.68	1378.47	678.29	625.74	645.54	425.52
"orf19.3914"	"Chr5"	"CDC332"	1964.74	2221.02	2462.16	1642.07	958.89	2478.57
"orf19.3914"	"Chr5"	"CDC332"	1045.57	1475.61	546.91	592.94	591.95	807.39
"orf19.4231"	"Chr5"	"PTH2"	57.33	416.11	259.57	281.4	168.88	199.96
"orf19.4231"	"Chr5"	"PTH2"	34.84	366.86	244.02	297.2	184.56	187.12
"orf19.4143"	"Chr5"	"FYV7"	282.32	597.63	248.31	463.39	387.96	233.34
"orf19.4143"	"Chr5"	"FYV7"	34.36	367.21	708.21	286.38	251.66	932.1
"orf19.1932"	"Chr5"	"FRE5/CFL4"	-16.34	335.91	213.17	243.39	135.35	117.09
"orf19.1932"	"Chr5"	"FRE5/CFL4"	-16.3	309.45	265.23	258.35	140.51	208.32
"orf19.3201"	"Chr5"	"MATa1/MTLA1/A1"	42.36	378.22	303.65	196.17	143.9	155.05
"orf19.3201"	"Chr5"	"MATa1/MTLA1/A1"	-30.17	329.77	249.11	171.83	145.53	132.35
"orf19.3169"	"Chr5"		695.74	815.53	1997.89	1160.5	641.46	3174.27
"orf19.3169"	"Chr5"		574.53	982.17	2967.31	552.5	801.65	4237.93
"orf19.4286"	"Chr5"		130.09	484.09	933.01	337.25	260.05	1195.31
"orf19.4286"	"Chr5"		75.38	435.83	547.4	279.79	220.38	477.83
"orf19.4309"	"Chr5"	"GRP3/GRP2/GRE99"	1130.87	1824.76	2075.05	1425.54	945.96	2527.19
"orf19.4309"	"Chr5"	"GRP3/GRP2/GRE99"	2075.38	2653.9	2588.01	1296.97	1779.38	2732.69
"orf19.3177"	"Chr5"	"RIB2"	1281.57	1552.12	1491.5	1344.93	697.43	1315.31
"orf19.3177"	"Chr5"	"RIB2"	2593.18	2386.55	1320.19	1164.44	1442.09	1380.01
"orf19.4321"	"Chr5"		-2.87	366.74	248.07	296.95	193.91	156.71
"orf19.4263"	"Chr5"		91.99	429.2	240.87	255.38	201.81	176.82
"orf19.4263"	"Chr5"		753.84	773.84	704.15	760.24	504.49	574.17
"orf19.949"	"Chr5"		1190.41	1488.92	1891.11	1270.33	838.02	1410.04
"orf19.949"	"Chr5"		283.74	638.06	363.22	245.41	289.36	301.05
"orf19.4005"	"Chr5"	"YDR196"	594.27	856.2	1602.77	902.14	569.04	1549.39
"orf19.4005"	"Chr5"	"YDR196"	24.62	418.61	312.24	257.1	221.61	267.76
"orf19.936"	"Chr5"		80.75	399.47	406.79	348.79	213.6	203.31
"orf19.936"	"Chr5"		199.81	512.39	550.15	593.6	369.57	319.2
"orf19.1968.1"	"Chr5"		308.53	599.68	540.04	470.46	301.16	367.22
"orf19.3916"	"Chr5"		781.9	967.92	564.19	1232.61	705.18	697.5
"orf19.3916"	"Chr5"		156.91	503.12	1976.88	386.88	347.68	1593.74
"orf19.3967"	"Chr5"	"PFK1"	3807.98	3949.02	4833.77	3305.02	2150.85	8085.31
"orf19.3967"	"Chr5"	"PFK1"	7594.27	9695.91	12548.89	4479.67	4348.1	14606.1
"orf19.1981"	"Chr5"	"IMP2"	103.41	568.51	420.05	520.05	475.33	348.1
"orf19.1981"	"Chr5"	"IMP2"	106.52	468.09	1229.67	264.56	236.89	1088.11
"orf19.4221"	"Chr5"	"ORC4"	454.94	729.39	523.12	888.98	539.47	528.11
"orf19.4221"	"Chr5"	"ORC4"	497.09	825.23	707.07	577.07	498.89	744.61
"orf19.1972"	"Chr5"	"SET5"	1298.74	1534.37	1175.61	1024.72	684.12	1211.74
"orf19.1972"	"Chr5"	"SET5"	596.66	1125.96	1373.61	790.03	479.55	1539.62
"orf19.921"	"Chr5"		-30	334.61	570.57	208.31	163.69	626.17
"orf19.921"	"Chr5"		142.66	594.96	302.49	330.36	307.4	228.88
"orf19.3997"	"Chr5"	"ADH1/ADH/CAD"	64737.43	77882.09	65778.9	44568.91	28760.71	48411.41
"orf19.3997"	"Chr5"	"ADH1/ADH/CAD"	25623.1	33857.07	99914.17	24214.68	22917.76	66422.18
"orf19.4278"	"Chr5"		577.64	863.39	795.57	635.98	389.23	643.95
"orf19.4278"	"Chr5"		1121.14	1258.94	1080.39	601.14	812.78	801.02
"orf19.1948"	"Chr5"		607.96	950.99	663.71	653.39	410.69	613.93
"orf19.1948"	"Chr5"		349.88	712.06	450.3	375.04	321.33	255.41
"orf19.4133"	"Chr5"		768.12	1187.17	888.37	825.46	607.8	791.72
"orf19.4133"	"Chr5"		344.12	808.77	611.56	500.86	482.46	620.25
"orf19.3218"	"Chr5"		333.74	615.93	583.43	479.01	323.46	468.65
"orf19.3218"	"Chr5"		203.34	531.46	280.52	276.94	246.8	193.86
"orf19.3934"	"Chr5"	"CAR1"	795.38	1082.85	2146.51	890.36	680.38	4320.42
"orf19.3934"	"Chr5"	"CAR1"	916.19	1083.61	1832.2	913.06	962.58	5132.06
"orf19.6660"	"Chr5"		2887.99	3277.75	5540.27	2438.92	1541.32	3661.6
"orf19.6660"	"Chr5"		3298.57	3420.15	4116.18	1182.11	2223.82	2325.09
"orf19.3924"	"Chr5"		-53.48	263.11	195.69	206.51	118.07	121.97
"orf19.3924"	"Chr5"		-19.91	326.22	242.56	232.39	157.35	166.15
"orf19.1110"	"Chr5"	"THI80"	171.07	537.12	349.94	426.52	276.42	270.38
"orf19.1110"	"Chr5"	"THI80"	3780.33	1994.63	2651.37	2396.29	2243.53	2390.72
"orf19.1287"	"Chr5"		4415.38	4796.64	3245.17	3309.81	2300.33	2338.83
"orf19.1287"	"Chr5"		1879.79	2523.24	950.64	1604.44	1349.14	1021.47
"orf19.3983"	"Chr5"		3184.26	2578.12	5202.44	5389.5	3508.02	3467.89
"orf19.3983"	"Chr5"		1464.12	1589.07	1417	1062.52	1176.52	1773.46
"orf19.932"	"Chr5"	"DNF1"	373.06	688.84	584.18	594.28	426.56	311.36
"orf19.932"	"Chr5"	"DNF1"	528.33	953.79	592.87	635.46	562.64	526.64
"orf19.979"	"Chr5"	"FAS1"	6848.95	8320.9	4172.59	3553.98	3080.18	1879.72
"orf19.979"	"Chr5"	"FAS1"	3633.05	5209.9	1536.33	2308.14	2971.36	2392.01
"orf19.3925"	"Chr5"		-46.61	297.25	201.59	184.29	123.37	114.8
"orf19.4003"	"Chr5"	"TIP20"	647.4	1210.33	1211.09	716.14	452.7	1322.31
"orf19.4003"	"Chr5"	"TIP20"	1685.15	2743.25	721.37	938.73	1055	719.88
"orf19.3209"	"Chr5"	"FGR42"	443.42	612.7	1362.59	434.36	348.86	1095.71
"orf19.3209"	"Chr5"	"FGR42"	4.53	299	227.42	426.5	214.09	136.73
"orf19.6674"	"Chr5"	"BTS1"	84.43	449.65	438.07	339.71	268.61	397.26
"orf19.6674"	"Chr5"	"BTS1"	400.86	781.13	670.77	470.74	528.18	886.11
"orf19.3966"	"Chr5"	"CRH2/CRH12"	8.53	329.95	316.25	281.21	180.57	231.23
"orf19.3966"	"Chr5"	"CRH2/CRH12"	-17.52	343.12	227.32	313.85	189.93	150.33
"orf19.3182"	"Chr5"	"GIS2"	10162.37	10738.65	8691.21	10294.61	6652.57	7658.65
"orf19.3182"	"Chr5"	"GIS2"	8300.03	7591.23	12069.44	3608.66	5697.14	11992.76
"orf19.3974"	"Chr5"	"PUT2"	2951.46	3318.44	3217.36	3151.12	2198.9	2341.91
"orf19.3974"	"Chr5"	"PUT2"	1703.66	1753.91	1370.27	701.2	907.44	665.74
"orf19.1106"	"Chr5"		-2.7	350.79	238.27	207.62	202.67	164.59
"orf19.1106"	"Chr5"		20.97	361.68	240.79	355.74	204.36	152.29
"orf19.3949"	"Chr5"	"YTA7"	772.07	1161.38	530.79	688.28	478.14	532.16
"orf19.3949"	"Chr5"	"YTA7"	1018.89	1393.75	969.35	456.62	610.94	537.2
"orf19.4264"	"Chr5"		-64.21	303.43	330.71	185.03	158.1	211.97
"orf19.4264"	"Chr5"		148.55	436.59	247	426.3	271.38	191.94
"orf19.3971"	"Chr5"		152.46	560.94	210.69	312.1	418.43	147.43
"orf19.3971"	"Chr5"		57.24	429.2	250.49	294.26	230.05	190.89
"orf19.3173"	"Chr5"	"SSP120"	1768.17	1623.65	4589.98	2188.49	1351.55	4140.31
"orf19.3173"	"Chr5"	"SSP120"	433.02	918.74	992.66	538.2	587.87	1373.63
"orf19.2655"	"Chr5"	"BUB3"	361.57	709.86	1176.15	621.66	446.73	1471.96
"orf19.2655"	"Chr5"	"BUB3"	1290.42	2004.64	5729.23	1777.53	1147.14	7417.73
"orf19.1124"	"Chr5"	"DPH52"	424.75	803.44	2669.08	598.39	505.61	2932.17
"orf19.1124"	"Chr5"	"DPH52"	1863.67	2152.34	581.62	1921.06	1652.88	600.46
"orf19.5686"	"Chr5"		1793.8	2895.54	9371.8	3371.07	2957.02	12554.59
"orf19.6670"	"Chr5"	"CAC2"	386.67	843.73	819.95	526.47	380.44	636.76
"orf19.6670"	"Chr5"	"CAC2"	400.39	846.74	381.68	466.85	384.4	314.16
"orf19.570"	"Chr5"	"HYR9/IFF8"	-30.34	302.76	252.9	198.42	154.45	141.34
"orf19.570"	"Chr5"	"HYR9/IFF8"	15.72	400.68	283.39	261.49	233.32	177.39
"orf19.1949"	"Chr5"	"VPS1"	3165.57	4063.66	2149.77	2907.73	1899.52	3290.33
"orf19.1949"	"Chr5"	"VPS1"	3509.94	3403.34	1824.24	1742.29	2430.62	2321.86
"orf19.3990"	"Chr5"	"RPC17"	141.52	477.77	327.12	241.84	264.02	282.48
"orf19.3990"	"Chr5"	"RPC17"	1378.84	2215.9	2726.56	1327.02	1523.51	2429
"orf19.3944"	"Chr5"	"GRR1"	1358.52	2012.41	604.3	916.82	763.7	791.52
"orf19.3944"	"Chr5"	"GRR1"	1119.94	1365.66	1449.61	513.78	632.09	1515.37
"orf19.3976"	"Chr5"	"JNM1"	-39.61	303.26	2758.62	167.2	129.88	1631.54
"orf19.3976"	"Chr5"	"JNM1"	1933.34	1558.11	228.61	1768.24	1233.42	116.68
"orf19.3203"	"Chr5"	"RCY1"	95.69	493.08	292.11	350.25	266.19	218.36
"orf19.3203"	"Chr5"	"RCY1"	30.48	451.26	260.57	249.13	254.04	227.67
"orf19.4273"	"Chr5"	"SLS1"	645.45	996.11	219.11	1040.95	542.09	122.56
"orf19.4273"	"Chr5"	"SLS1"	-3.11	363.1	1217.2	258.63	175.28	1177.37
"orf19.1279"	"Chr5"	"CDS1"	3716.05	4533.83	2040.91	2260.02	1836	1828
"orf19.1279"	"Chr5"	"CDS1"	764.24	1459.42	5287.94	805.39	907.87	5382.75
"orf19.6656"	"Chr5"	"DUR8/DUR3"	249.89	637.65	993.81	482.35	408.69	1149.2
"orf19.6656"	"Chr5"	"DUR8/DUR3"	1113.43	1394.45	850.05	817.68	898.28	845.22
"orf19.4045"	"Chr5"	"EST1"	26.95	381.26	1569.63	256.94	193.55	1695.61
"orf19.4045"	"Chr5"	"EST1"	1505.87	1391.61	410.19	1231.01	1092.21	389.08
"orf19.5693"	"Chr5"	"GAA1"	962.47	1073.63	314.4	558.6	469.82	172.92
"orf19.5693"	"Chr5"	"GAA1"	245.24	518.28	546.3	424.07	310.1	550.01
"orf19.3962"	"Chr5"	"HAS1"	3610.07	3736.1	3682.85	3108.72	2097.31	4707.17
"orf19.3962"	"Chr5"	"HAS1"	2782.43	3755.46	4400.23	1633.63	2235.24	3520.11
"orf19.1938"	"Chr5"		90.55	434.68	446.65	367.32	247.27	293.9
"orf19.1938"	"Chr5"		189.53	530.06	258.67	460.9	346.25	189.97
"orf19.4019"	"Chr5"		97.81	515.08	483.39	419.39	267.7	243.44
"orf19.953.1"	"Chr5"	"COF1"	14747.22	18037.22	16523.95	13692.89	9296.11	15267.26
"orf19.953.1"	"Chr5"	"COF1"	8234.69	11495.92	14661.65	5863.87	5988.89	17935.73
"orf19.4328"	"Chr5"	"CCC2"	537.21	863.86	633.08	560.58	365.13	527.92
"orf19.4328"	"Chr5"	"CCC2"	1509.83	1471.16	2270.1	1350.61	995.02	2370.26
"orf19.945"	"Chr5"	"DID4/VPS2"	519.34	1131.36	927.16	434.79	433.22	790.63
"orf19.945"	"Chr5"	"DID4/VPS2"	725.49	1084.43	757.45	565.92	646.73	616.86
"orf19.1926"	"Chr5"	"SEF2"	259.99	634.84	1348	461.74	270.75	1344.57
"orf19.1926"	"Chr5"	"SEF2"	726.84	820.85	269.47	722	572.39	286.47
"orf19.3176"	"Chr5"	"RIM21"	421.32	711.58	877.66	513.67	354.64	690.17
"orf19.3176"	"Chr5"	"RIM21"	278.9	663.06	579.04	529.47	539.88	765.82
"orf19.5683"	"Chr5"		913.97	1284.1	1780.31	778.68	724.6	328.9
"orf19.5683"	"Chr5"		797.11	987.88	2546.93	587.76	512.43	2616.15
"orf19.3198"	"Chr5"	"OBPa/OBPA"	919.44	1369.41	668	163.87	121.18	115.67
"orf19.3198"	"Chr5"	"OBPa/OBPA"	2731.01	2592.02	1861.82	430.82	139.18	115.26
"orf19.3960"	"Chr5"	"HYS2"	991.04	1494.59	1228.58	1260.38	761.48	702.39
"orf19.3960"	"Chr5"	"HYS2"	1069.84	1134.81	565.12	653.94	761.23	523.88
"orf19.2638"	"Chr5"		-26.1	328.93	193.46	222.17	195.16	115.42
"orf19.2638"	"Chr5"		47.38	375.45	261.58	355.18	227.78	131.72
"orf19.4131"	"Chr5"		807.22	1418.19	3083.48	816.97	574.83	3368.96
"orf19.4131"	"Chr5"		3604.21	3402.89	694.48	2026.16	2343.92	912.81
"orf19.954"	"Chr5"	"XDJ1"	242.22	689.96	438.28	363.41	308.36	496.49
"orf19.954"	"Chr5"	"XDJ1"	224.86	680.56	332.57	499.69	340.83	343.77
"orf19.3906"	"Chr5"		330.27	567.68	721.41	574.03	402.13	460.4
"orf19.938"	"Chr5"		-7.71	331.4	202.26	186.98	150.94	107.21
"orf19.938"	"Chr5"		9.26	322.26	224.16	222.49	161.35	150.94
"orf19.4251"	"Chr5"		60.15	398.33	377.31	375.71	194.99	248.6
"orf19.4251"	"Chr5"		64.71	437.63	202.69	423.16	227.09	129.8
"orf19.3208"	"Chr5"	"DAL52"	149.71	478.44	476.26	347.27	274.95	410.01
"orf19.3208"	"Chr5"	"DAL52"	-23.87	286.29	187.93	183.39	157.49	108.91
"orf19.3185"	"Chr5"	"NAT1"	1590.79	2117.02	929.42	1340.62	1043.79	1286.47
"orf19.3185"	"Chr5"	"NAT1"	1531.99	2176.31	1331.37	1280.72	1406.59	1344.56
"orf19.2650.1"	"Chr5"		25.14	374.71	315.35	252.37	168.38	180.64
"orf19.2650.1"	"Chr5"		638.86	1068.84	955.82	712.71	609.15	1140.32
"orf19.4036"	"Chr5"	"APM1"	497.36	1098.76	918.64	714.12	447.96	525.22
"orf19.4036"	"Chr5"	"APM1"	604.1	1296.86	651.39	578.64	617.75	611.68
"orf19.3939"	"Chr5"		195.15	597.82	720.33	442.03	322.3	1035.35
"orf19.3939"	"Chr5"		17.55	346	242.92	208.72	205.6	324.54
"orf19.3915"	"Chr5"		2982.22	3647.86	2664.53	2485.86	1810.5	3793.5
"orf19.3915"	"Chr5"		9692	6233.8	3848.84	2666.67	4084.95	5337.54
"orf19.4310"	"Chr5"		-49.88	270.66	199.16	197.69	121.87	116.72
"orf19.1286"	"Chr5"		-25.95	312.68	272.79	224.18	163.59	135.85
"orf19.3220"	"Chr5"		145.16	479.72	327.84	271.34	236.1	311.1
"orf19.1936"	"Chr5"	"SNF1"	1682.98	2624.08	1406.55	1603.29	1192.47	2673.62
"orf19.1936"	"Chr5"	"SNF1"	2361.22	1922.89	3268.78	800.87	1048.44	2450.27
"orf19.943"	"Chr5"	"FET33"	135.91	524.92	492.03	357.73	314.43	177.99
"orf19.943"	"Chr5"	"FET33"	189.24	577.49	343.21	395.01	381.99	233.08
"orf19.3931"	"Chr5"	"SFC1"	288.76	753.18	1165.06	475.75	388.28	1620.64
"orf19.3931"	"Chr5"	"SFC1"	1449.15	2047.82	334.78	1108.94	897.94	230.78
"orf19.4230"	"Chr5"	"PRE4"	461.57	820.35	1403.73	473.77	535.94	2116.62
"orf19.4230"	"Chr5"	"PRE4"	433.85	816.46	1207.09	515.87	622.64	1791.35
"orf19.579"	"Chr5"	"FOL1"	892.16	1337.76	731.79	749.06	521.41	556.78
"orf19.579"	"Chr5"	"FOL1"	377.62	796.64	387.96	467.08	521.03	320.22
"orf19.3893"	"Chr5"	"SCW11"	652.48	1183.53	3077.47	339.41	338.14	2922.16
"orf19.3893"	"Chr5"	"SCW11"	4311.3	3037.58	1297.82	1215.26	1541.07	788.59
"orf19.4232"	"Chr5"	"PTH1"	411.94	844.95	771.75	694.31	590.64	1645.83
"orf19.4232"	"Chr5"	"PTH1"	1372.43	1276.62	893.39	597.17	681.33	1503.65
"orf19.3205"	"Chr5"	"MRPL36"	310.86	719.75	304.92	484.61	436.37	199.24
"orf19.3205"	"Chr5"	"MRPL36"	640.38	870.69	370.32	609.13	584.66	309.03
"orf19.4222"	"Chr5"	"SST2"	53.34	405.8	438.71	217.37	190.76	508.33
"orf19.4222"	"Chr5"	"SST2"	119	453.03	229.49	394.63	251.77	238.16
"orf19.929"	"Chr5"		-17.91	309.56	191.14	239.15	145.9	115.26
"orf19.929"	"Chr5"		-44.64	316.49	206.21	196.06	163.91	118.25
"orf19.1105.3"	"Chr5"		-1.2	318.79	397.43	278.33	174.83	297.29
"orf19.4148"	"Chr5"		591.88	1014.62	547.91	404.85	361.07	515.92
"orf19.4148"	"Chr5"		404.24	683.37	352.98	297.47	296.13	398.82
"orf19.952"	"Chr5"		103.07	481.86	319.61	306.08	199.6	167.67
"orf19.952"	"Chr5"		131.16	444.87	251.87	276.48	221.76	221.37
"orf19.4336"	"Chr5"	"RPS5"	11501.79	18883.95	5571.14	10729.71	10880.65	6835.7
"orf19.4336"	"Chr5"	"RPS5"	18953.41	19269.8	8190.32	7810.12	15140.7	8807.34
"orf19.4257"	"Chr5"	"INT1/BUD4"	147.28	592.68	470.44	326.5	241.91	410.15
"orf19.4257"	"Chr5"	"INT1/BUD4"	781.11	1108.44	240.25	407.93	402.83	183.69
"orf19.4301"	"Chr5"		491.9	945.37	673.15	447.29	307.65	245.5
"orf19.4301"	"Chr5"		531.01	1077.6	423.3	478.02	413.38	295.76
"orf19.4299"	"Chr5"	"MSW1"	108.97	509.62	532.89	373.66	294.15	276.87
"orf19.4299"	"Chr5"	"MSW1"	319.74	593.7	463.97	411.33	352.61	432.26
"orf19.4279"	"Chr5"	"MNN1"	2035.36	3011.93	3459.86	2389.47	2421.05	2488.79
"orf19.4279"	"Chr5"	"MNN1"	4275.28	5377.52	4058.21	2867.1	3332.94	2722.2
"orf19.4270"	"Chr5"	"MNT2"	103.19	456.76	527.9	483.22	228.72	416.6
"orf19.4270"	"Chr5"	"MNT2"	598.96	856.89	380.77	603.49	586.85	185.74
"orf19.3174"	"Chr5"	"CDC24"	1018.11	1661.79	1086.82	934	582.96	906.89
"orf19.3174"	"Chr5"	"CDC24"	627.38	1143.41	655.37	463.07	454.8	602.18
"orf19.3965"	"Chr5"		47.82	388.18	321.88	278.64	254.61	218.4
"orf19.4145"	"Chr5"	"HAP1"	288.06	683.68	519.46	401.97	326.01	441.53
"orf19.4145"	"Chr5"	"HAP1"	491.42	686.09	419.7	485.29	394.21	318.76
"orf19.3911"	"Chr5"	"SAH1"	11895.69	12878.69	13361.7	5013.53	4979.2	11327.39
"orf19.3911"	"Chr5"	"SAH1"	9601.01	15020.33	10906.67	7830.55	10273.37	9465.6
"orf19.4023"	"Chr5"	"MRP2"	1651.9	2613.91	2935.67	1264.5	1349	2598.69
"orf19.4023"	"Chr5"	"MRP2"	2234.62	2134.77	2093.9	751.88	1332.47	1477.65
"orf19.6681"	"Chr5"		161.34	534.42	302.95	418.13	268.39	297.09
"orf19.6681"	"Chr5"		194.21	561.95	534.5	388.41	304.25	511.51
"orf19.4243"	"Chr5"	"YKL090"	-34.28	354.28	235.67	198.38	187.58	150.83
"orf19.4243"	"Chr5"	"YKL090"	39.88	412.08	198.67	242.53	239.56	130.96
"orf19.955"	"Chr5"		480.9	962.5	758.8	600.64	452.55	1073.68
"orf19.955"	"Chr5"		527.84	755.2	542.4	532.58	436.49	648.19
"orf19.1975"	"Chr5"	"DIB1"	-54.19	304.42	323.35	216.45	183.84	247.7
"orf19.1975"	"Chr5"	"DIB1"	168.57	613.64	785.57	461.56	348.35	717.49
"orf19.586"	"Chr5"	"ERV46"	2868.19	3331.34	2142.92	2155.72	1628.2	2634.43
"orf19.586"	"Chr5"	"ERV46"	1858.07	1896.29	839.83	650.33	719.23	397.22
"orf19.1939"	"Chr5"		4.34	358.48	195.74	237.59	205.01	118.05
"orf19.1939"	"Chr5"		0.74	367.99	296.48	241.58	173.22	137.74
"orf19.581"	"Chr5"	"NRD1"	538.4	1036.84	498.36	546.89	512.63	504.58
"orf19.581"	"Chr5"	"NRD1"	398.97	719.04	544.63	557.78	627.77	699.55
"orf19.3186"	"Chr5"		38.91	366.23	400.71	307.91	188.04	321.26
"orf19.4255"	"Chr5"	"ECM331/ECM33/PST1"	2819.64	3232.48	6269.61	2656.25	2187.69	3928.22
"orf19.4255"	"Chr5"	"ECM331/ECM33/PST1"	18684.88	12411.01	855.86	7662.46	8990.03	410.38
"orf19.1953"	"Chr5"		190.62	649.33	499	522.45	444.28	970.84
"orf19.956"	"Chr5"	"CSF1"	88.98	464.9	529.66	291.31	254.47	328.26
"orf19.956"	"Chr5"	"CSF1"	413.14	735.58	230.07	395.89	278.38	171.46
"orf19.3166"	"Chr5"	"DOP1"	476.04	860.64	309.56	486.98	383.74	229.08
"orf19.3166"	"Chr5"	"DOP1"	643.3	899.45	828.02	559.11	542.03	570.69
"orf19.967"	"Chr5"	"NUC1"	884.6	1536.36	1362.82	1292.58	1016.13	945.85
"orf19.967"	"Chr5"	"NUC1"	1851.46	2121.47	1388.79	1069.24	1683.55	1119.94
"orf19.5689"	"Chr5"	"SEC28"	563.94	1219.6	2318.41	518.69	530.7	2083.86
"orf19.5689"	"Chr5"	"SEC28"	1713.16	2044.98	762.24	997.85	1070.57	824.07
"orf19.4004"	"Chr5"	"CCT3"	914.04	1762.42	749.32	1230.93	986.78	681.21
"orf19.4004"	"Chr5"	"CCT3"	4966.39	4150.52	3390.6	2382.26	2785.51	3056.62
"orf19.3950"	"Chr5"	"MSM1"	5558.48	4093.99	17633.66	8916.4	5822.32	5737.24
"orf19.3950"	"Chr5"	"MSM1"	1131.89	875.08	770.73	626.14	575.82	769.81
"orf19.4136"	"Chr5"	"TOF1"	95.19	447.07	246.06	231.7	195.29	151.26
"orf19.4136"	"Chr5"	"TOF1"	1107.48	1325.12	686.71	536.24	655.12	466.9
"orf19.3178"	"Chr5"	"PRP9"	80.78	473.51	427.24	255.91	243.56	645.18
"orf19.3178"	"Chr5"	"PRP9"	306.29	673.34	247.58	433.13	474.94	194.4
"orf19.6296"	"Chr5"	"SNF8"	185.07	644.04	313.9	396.09	361.64	254.79
"orf19.6296"	"Chr5"	"SNF8"	116.75	471.14	347.96	667.49	317.3	329.39
"orf19.2639"	"Chr5"	"LSM7"	94.36	468.52	386.04	229.47	147.25	115.54
"orf19.2639"	"Chr5"	"LSM7"	1521.44	1671.21	1116.84	705.64	1074.3	1462.94
"orf19.6298"	"Chr5"	"SBP4"	209.59	552.59	373.39	264.65	212.6	135.47
"orf19.6298"	"Chr5"	"SBP4"	165.78	575.6	414.72	220.99	148.83	280.38
"orf19.3210"	"Chr5"		-48.96	302.49	218.79	188.89	147.79	141.88
"orf19.4282"	"Chr5"		221.83	626.31	307.87	309.21	274.43	256.52
"orf19.4282"	"Chr5"		1099.12	1061.22	925.96	668.24	685.05	706.02
"orf19.2642"	"Chr5"	"CAM1"	57.86	414.76	240.42	260.46	199.65	169.46
"orf19.2642"	"Chr5"	"CAM1"	232.36	567.77	343.83	388.62	350.86	199.18
"orf19.4150"	"Chr5"		115.95	462.72	370.03	248.18	223.2	251.22
"orf19.4150"	"Chr5"		1384.77	1223.92	1137.98	468.25	578.39	1310.71
"orf19.3183"	"Chr5"		212.22	620.59	881.6	475.94	423.45	487.73
"orf19.1973"	"Chr5"	"HAP5"	560.19	953.68	474.65	488.93	425.46	487.03
"orf19.1973"	"Chr5"	"HAP5"	894.94	1106.13	1024.94	500.73	504.33	738.32
"orf19.3947"	"Chr5"	"SPT4"	1049.11	1769.9	1228.01	947.14	951.93	1628.4
"orf19.3947"	"Chr5"	"SPT4"	358.16	772.99	2263.49	317.19	427.33	2208.22
"orf19.4241"	"Chr5"		540.24	978.8	824.91	648.63	713.92	742.26
"orf19.4325"	"Chr5"		800.38	1181.19	1519.88	1234.47	567.18	1450.68
"orf19.4325"	"Chr5"		1383.86	1526.16	1550.07	1023.36	808.38	1363.48
"orf19.2646"	"Chr5"	"HAP4/HAP1"	329.53	647.25	442.61	398.77	355.34	312.59
"orf19.2646"	"Chr5"	"HAP4/HAP1"	552.97	845.93	1733.89	1104.81	699.23	1294.4
"orf19.4018"	"Chr5"	"RSM7"	201.67	625.63	312.69	352.18	389.85	272.38
"orf19.4018"	"Chr5"	"RSM7"	897.67	1280.48	835.91	812.2	910.73	1014.87
"orf19.3172"	"Chr5"		-4.38	318.99	296.88	292.92	174.02	200.25
"orf19.4242"	"Chr5"	"CST20(STE20)/CST20/STE20"	457.63	753.18	708.66	262.9	208.75	321.59
"orf19.4242"	"Chr5"	"CST20(STE20)/CST20/STE20"	220.21	530.76	305.16	342.23	309.34	276.13
"orf19.4311"	"Chr5"	"YNK1"	3519.24	4960.51	14343.52	2366.99	3589.06	9498.33
"orf19.4311"	"Chr5"	"YNK1"	21761.12	15324.17	4099.09	7309.13	14004.22	2247.11
"orf19.577"	"Chr5"		1461.9	1609.88	1962.65	1331.44	1083.41	1292.36
"orf19.577"	"Chr5"		772.74	1109.36	945.86	726.64	760.76	890.41
"orf19.3951"	"Chr5"	"YIP1"	1040.64	1468.56	1144	837.24	767.6	1471.75
"orf19.3951"	"Chr5"	"YIP1"	540.24	969.42	755.4	474.35	582.36	732.1
"orf19.3920"	"Chr5"	"MPD1"	506.57	920.39	724.07	603.13	640.3	513.72
"orf19.3920"	"Chr5"	"MPD1"	515.55	756.58	540.41	556.98	616.13	498.57
"orf19.1944"	"Chr5"	"GPR1"	497.83	1014.09	916.26	527.63	614.45	832.56
"orf19.1944"	"Chr5"	"GPR1"	599.28	786.77	530.58	591.89	569.2	539.72
"orf19.568"	"Chr5"	"SPE2"	2656.69	4287.7	2658.39	1361.53	1687.63	2137.44
"orf19.568"	"Chr5"	"SPE2"	5351.24	4059.49	1301.34	1995.94	2655.44	755.8
"orf19.4223"	"Chr5"	"GCD11/EIF2"	7854.62	9880.71	5160.07	5866.13	6608.32	5286.47
"orf19.4223"	"Chr5"	"GCD11/EIF2"	8244.59	6690.06	8216.38	2792.4	4744.8	7611.94
"orf19.4043"	"Chr5"	"ASK10"	2265.36	2723.95	2916.78	1353.87	1352.48	4632.02
"orf19.4043"	"Chr5"	"ASK10"	3619.99	3620.26	2351.66	1336.67	2268.17	3610.39
"orf19.920"	"Chr5"	"RMT2"	99.1	516.15	261.74	318.63	233.72	208.01
"orf19.920"	"Chr5"	"RMT2"	407.15	743.82	542.22	531.81	451.84	305.66
"orf19.4216"	"Chr5"	"HSP122/HSP12"	8514.19	11850.94	10120.86	8219.58	10553.51	12009
"orf19.4216"	"Chr5"	"HSP122/HSP12"	15.57	376.02	259.83	237.1	260.27	159.62
"orf19.1956"	"Chr5"		2268	3114.77	928.55	1130.39	1244.94	963.29
"orf19.1956"	"Chr5"		1281.76	1387.12	333.13	567.83	630.16	277.75
"orf19.4304"	"Chr5"	"GAP1"	129.4	408.85	500.83	309.25	276.79	488.12
"orf19.4304"	"Chr5"	"GAP1"	189.45	452.21	801.05	571.04	494.49	1901.61
"orf19.4342"	"Chr5"		773.05	1170.6	525.13	903.28	794.96	373.18
"orf19.4342"	"Chr5"		139.52	495.15	1980.19	295.85	252.4	1438.94
"orf19.4293"	"Chr5"		1811.27	2133.77	1573.05	1585.95	1341.19	1273.73
"orf19.4293"	"Chr5"		1182.74	1314.05	2179.83	667.67	929.91	2609.72
"orf19.3181.1"	"Chr5"	"NCE11"	933.5	1330.27	2029.49	846.1	863.59	1302.82
"orf19.3181.1"	"Chr5"	"NCE11"	1861.15	1720.04	2127.05	681.31	726.68	962.81
"orf19.4151"	"Chr5"	"SPO1"	-19.47	337.22	236.55	206.35	180.38	131.21
"orf19.4151"	"Chr5"	"SPO1"	46.31	554.89	344.56	508.38	321.72	150.68
"orf19.4051"	"Chr5"	"HTS1"	3049.96	4284.51	2800.82	2485.59	2503	2705
"orf19.4051"	"Chr5"	"HTS1"	3901.16	3898.9	2856.82	1538.61	3040.27	2606.11
"orf19.4326"	"Chr5"		64.22	422.91	244.79	248.87	189.36	368.84
"orf19.4326"	"Chr5"		186.8	453.04	259.46	379.99	214.14	278.55
"orf19.1115"	"Chr5"	"GUK1"	1418.53	1650.26	396.22	1177.3	903.11	222.01
"orf19.1115"	"Chr5"	"GUK1"	634.36	818.47	1285.6	410.79	528.38	1096.24
"orf19.978"	"Chr5"	"BDF1"	219.89	584.95	463.47	318.94	334.68	463.99
"orf19.978"	"Chr5"	"BDF1"	629.34	1089.37	387.08	454.07	483.94	418.68
"orf19.3937"	"Chr5"	"SDF1"	-14.78	324.3	223.59	188.97	150.7	158.84
"orf19.3937"	"Chr5"	"SDF1"	458.05	662.53	569.98	482.95	293.5	342.86
"orf19.6676"	"Chr5"	"DPH5"	1601.47	2201.48	3416.63	1348.27	1466.86	2920.76
"orf19.6676"	"Chr5"	"DPH5"	6036.18	4795.51	2110.67	2109.37	3094.17	2152.06
"orf19.567"	"Chr5"	"TFB3"	78.34	399.67	1486.05	258.82	193.64	1137.48
"orf19.567"	"Chr5"	"TFB3"	511.39	782.83	362.89	478.56	402.46	248.4
"orf19.3193"	"Chr5"	"YAP3(FCR3)/FCR3"	1109.03	1698.84	2442.09	847.94	903.66	2113.04
"orf19.3193"	"Chr5"	"YAP3(FCR3)/FCR3"	222.21	532.31	550.94	443.3	253.91	320.68
"orf19.935"	"Chr5"	"AGA1"	1784.61	2034.13	1293.66	2753.82	2053.17	1338.95
"orf19.935"	"Chr5"	"AGA1"	873.34	902.16	5168.57	1092.29	725.37	5274.66
"orf19.1950"	"Chr5"		49.91	400.47	2798.06	279.86	276.49	2807.35
"orf19.1950"	"Chr5"		2050.17	1811.17	393.3	1311.01	1613.97	503.2
"orf19.3968"	"Chr5"		-61.26	315.08	209.75	209.53	165.28	125.6
"orf19.3998"	"Chr5"		164.4	450.5	486.64	439.35	343.55	406.22
"orf19.4265"	"Chr5"	"UAP1/YDL103"	611.8	1029.87	554.49	533.41	498.95	599.17
"orf19.4265"	"Chr5"	"UAP1/YDL103"	1544.12	1882.51	1232.44	725.33	1003.2	864.84
"orf19.4266"	"Chr5"	"SPR28"	273.67	524.41	427.53	370.11	320.42	382.79
"orf19.4266"	"Chr5"	"SPR28"	-13.81	322.32	343.25	249.26	165.04	295.75
"orf19.1952"	"Chr5"		49.06	404.51	289.02	308.03	236.66	188.43
"orf19.3213"	"Chr5"		62.67	456.24	304.14	354.04	209.22	306.39
"orf19.3213"	"Chr5"		513.25	633.05	554.87	682.94	509.2	532.35
"orf19.4153"	"Chr5"	"ULA1"	-26.49	304.1	208.46	277.29	132.15	119.42
"orf19.4153"	"Chr5"	"ULA1"	131.49	390.16	486.89	405.06	248.39	362.08
"orf19.4032"	"Chr5"	"RPN5"	1533.83	2016.38	1374.55	773.08	1334.42	2018.31
"orf19.4032"	"Chr5"	"RPN5"	1742.1	1636.83	1193.18	472.96	561.14	681.39
"orf19.576"	"Chr5"	"CTF8"	6.93	368.19	325.27	309.57	222.84	181.37
"orf19.576"	"Chr5"	"CTF8"	2085	1855.33	3393.74	1520.35	1600.61	816.74
"orf19.927"	"Chr5"		674.92	1070.33	682.13	573.45	846.37	632.29
"orf19.3956"	"Chr5"		278.74	670.82	292.04	441.84	392.19	219.23
"orf19.3956"	"Chr5"		188.74	449.52	689.27	368.92	238.79	590.54
"orf19.4320"	"Chr5"		-18.55	325.79	222.86	214.94	162.57	148.57
"orf19.947"	"Chr5"	"MRP17"	613.51	939.47	305.37	476.94	664.9	258.36
"orf19.947"	"Chr5"	"MRP17"	239.52	586.57	481.47	345.7	334	333.8
"orf19.3957"	"Chr5"	"FOL2"	1192.71	1620.26	1636.18	1003.44	979.78	1555.57
"orf19.3957"	"Chr5"	"FOL2"	129.87	446.89	313.64	268.44	237.19	213.47
"orf19.4219"	"Chr5"	"VCP1"	268.59	671.31	962.7	485.8	379.48	580.38
"orf19.4219"	"Chr5"	"VCP1"	1278.57	1635	366.77	791.3	1011.38	309.42
"orf19.4013"	"Chr5"		29.19	410.99	250.35	340.68	206.16	163.25
"orf19.4013"	"Chr5"		521.69	729.01	678.57	439.01	426.18	567.53
"orf19.1961"	"Chr5"		1468.22	1816.11	346.56	795.45	1180.17	215.82
"orf19.1961"	"Chr5"		273.26	511.32	1044.89	299.96	237.98	657.9
"orf19.4040"	"Chr5"	"ILV3"	10165.76	9185.46	391.4	3675.55	7082.89	419.1
"orf19.4040"	"Chr5"	"ILV3"	724.34	947.66	6025.1	692.81	894.49	5361.13
"orf19.4048"	"Chr5"	"DES1"	6166.19	5506.67	2143.86	2507.09	3786.45	2260.05
"orf19.4048"	"Chr5"	"DES1"	2800.77	2505.27	6293.2	1064.83	1820.38	7628.55
"orf19.1974"	"Chr5"	"TFS1"	1821.83	2427	3922.53	1395.01	2602.6	3759.75
"orf19.1974"	"Chr5"	"TFS1"	4398.31	3768.5	3233.22	1709.6	2774.51	3888.58
"orf19.3936"	"Chr5"		4029.97	2945.82	564.76	2726.93	2602.18	265.91
"orf19.3936"	"Chr5"		595.05	1462.79	6507.51	449.52	327.19	7083.39
"orf19.1943"	"Chr5"		136.78	514.38	353.94	441.14	247.75	305.87
"orf19.1943"	"Chr5"		253.31	537.48	444.43	357.68	299.91	377.45
"orf19.4305.1"	"Chr5"		55.66	387.79	331.24	407.8	217.01	197.45
"orf19.4305.1"	"Chr5"		120	394.85	323.48	440.8	289.31	202.43
"orf19.2647"	"Chr5"		275.48	550.1	224.23	389.3	275	131.34
"orf19.2647"	"Chr5"		204.82	724.94	533.53	292.41	515.77	267.97
"orf19.4152"	"Chr5"	"EFT3/CEF3/TEF3/YEF3"	11780.52	12170.14	4792.65	4094.9	6320.59	6137.23
"orf19.4152"	"Chr5"	"EFT3/CEF3/TEF3/YEF3"	7429.52	7240.62	3246.45	2310.27	4242.05	3130.1
"orf19.4324"	"Chr5"		63.62	432.1	256.44	203.22	171.62	121.43
"orf19.969"	"Chr5"	"PRS2"	7260	6274.29	5944.62	3089.66	4276.27	5246.17
"orf19.969"	"Chr5"	"PRS2"	8635.48	6024.84	3216.97	3073.3	4057.98	4621.04
"orf19.1120"	"Chr5"		181.32	495.62	453.63	420.94	384.47	292.34
"orf19.3940"	"Chr5"		98.19	453.44	368.58	221.65	154.05	145.35
"orf19.3940"	"Chr5"		65.19	367.51	295.56	417.79	233.59	147.58
"orf19.4217"	"Chr5"		21.24	377.08	261.68	239.33	165.75	161.29
"orf19.587"	"Chr5"	"TEX1"	483.79	828.8	660.55	376.74	435.16	376.29
"orf19.587"	"Chr5"	"TEX1"	619.03	838.28	375.71	552.84	481.55	326.89
"orf19.3901"	"Chr5"		2299.19	3187.72	418.46	2155.16	2931.7	305.93
"orf19.3901"	"Chr5"		453.69	724.67	3571.71	553.55	657.35	2328.42
"orf19.5685"	"Chr5"	"THS1"	5628.97	5100.51	1750.41	1979.29	2779.36	1939.71
"orf19.5685"	"Chr5"	"THS1"	7785.79	5953.73	2671.82	1743.83	2906.82	2577.76
"orf19.4009"	"Chr5"	"CNB1"	1439.11	1984.42	1455.4	1183.47	1508.4	1366.01
"orf19.4009"	"Chr5"	"CNB1"	1899.51	1543.63	1703.63	1014.04	1610.99	1103.08
"orf19.3160"	"Chr5"	"HSP13/HSP12"	23464.21	28666.84	67891.02	21155.59	27643.66	66299.18
"orf19.3160"	"Chr5"	"HSP13/HSP12"	63303.28	77259.03	25103.18	30637.83	28760.71	23145.27
"orf19.1108"	"Chr5"	"HAM1"	2920.5	2789.9	2197.28	2037.37	2475.09	2277.54
"orf19.1108"	"Chr5"	"HAM1"	1486.59	1450.47	4476.84	817.11	1231.37	3225.5
"orf19.4225"	"Chr5"	"LEU3"	222.38	624.41	324.21	348.13	323.65	223.83
"orf19.4225"	"Chr5"	"LEU3"	1795.96	1534.99	1237.44	1029.64	970.33	1062.02
"orf19.1935"	"Chr5"		506.03	728.59	601.31	499.99	388.18	576.48
"orf19.970"	"Chr5"		313.84	597.1	461.18	348.19	349.98	363.33
"orf19.942"	"Chr5"	"KRE8(CWH48)"	-34.91	318.6	212.77	294.88	159.14	136.7
"orf19.942"	"Chr5"	"KRE8(CWH48)"	-7.52	289.91	241.14	307.88	142.18	147.18
"orf19.926"	"Chr5"	"EXO1(DHS1)"	1041.59	1246.65	256.44	634.41	638.5	154.74
"orf19.926"	"Chr5"	"EXO1(DHS1)"	142.55	463.85	595.16	406.38	323.6	472.87
"orf19.1933"	"Chr5"	"PEX29"	450	776.29	385.51	408.65	325.92	368.24
"orf19.1933"	"Chr5"	"PEX29"	581.27	826.57	457.25	561.61	427.87	379.28
"orf19.3907"	"Chr5"		-36.64	300.04	189.26	254.67	154.19	113.35
"orf19.3938"	"Chr5"		1291.78	1418.17	368.15	785.33	954.8	142.74
"orf19.3938"	"Chr5"		589.15	768.76	651.92	370.8	256.73	831.95
"orf19.4146"	"Chr5"	"SMD3"	1193.21	1566.75	1167.18	991.09	1306.26	1236.07
"orf19.4146"	"Chr5"	"SMD3"	492.4	706.57	2371.68	731.99	978.78	3485.06
"orf19.4346"	"Chr5"	"SEC16"	402.38	729.78	511.36	442.46	353.18	251.67
"orf19.4346"	"Chr5"	"SEC16"	494.06	776.48	515.34	409.19	417.09	510.86
"orf19.4028"	"Chr5"	"RER2"	247.99	619.44	640.82	537.76	454.71	498.26
"orf19.4028"	"Chr5"	"RER2"	325.98	611.55	559.01	506.65	428.71	463.8
"orf19.1123"	"Chr5"		-3.29	326.73	392.67	393.39	209.88	322.03
"orf19.976"	"Chr5"	"BRE1"	155.02	437.6	1277.76	277.71	195.08	1417.87
"orf19.976"	"Chr5"	"BRE1"	2116.26	2019.76	351.08	846.53	1137.95	173.47
"orf19.6662"	"Chr5"		283.49	596.19	657.83	420.62	378.56	346.2
"orf19.3910"	"Chr5"	"RNY1"	167.53	507.94	305.71	355.27	235.35	198.39
"orf19.3910"	"Chr5"	"RNY1"	406.27	592.3	654.95	434.26	455.23	608
"orf19.4132"	"Chr5"		14163.59	9642.77	15198.03	5266.38	9168.96	27425.74
"orf19.3211"	"Chr5"	"RCF3"	2591.15	1932.42	1032.91	998.87	1648.06	638.64
"orf19.3211"	"Chr5"	"RCF3"	2441.98	1887.39	1339.71	880.92	1296.65	946.11
"orf19.1116"	"Chr5"		663.86	682.65	742.1	474.28	557.71	523.58
"orf19.3899"	"Chr5"		222.34	509.94	363.22	360.42	309.14	311.63
"orf19.4002"	"Chr5"	"DUN1"	171.1	420.56	225.57	239.89	249.66	151.33
"orf19.4002"	"Chr5"	"DUN1"	197.05	485.14	471.5	316.79	250.87	301
"orf19.1114"	"Chr5"		2025.77	1705.05	1769.92	1162.56	1617.08	1675.76
"orf19.4341"	"Chr5"	"CDC91"	2868.88	2111.02	232.01	1916.28	1662.39	125.6
"orf19.4341"	"Chr5"	"CDC91"	276.02	509.86	1425.47	403.41	209.85	1088.98
"orf19.3982"	"Chr5"		354.57	534.13	550.02	252.66	182.2	459.84
"orf19.3982"	"Chr5"		2766.96	2233.2	247.64	482.19	435.42	191.08
"orf19.2641"	"Chr5"	"ARP1"	494.87	592.51	351.39	488.93	416.49	310.59
"orf19.2641"	"Chr5"	"ARP1"	513.94	677.66	353.47	706.82	436.27	207.99
"orf19.3167"	"Chr5"	"COX10"	941.66	988.63	636.46	607.62	600.21	614.92
"orf19.3167"	"Chr5"	"COX10"	3846.47	2898.14	2702.62	1825.9	1977.88	3162.21
"orf19.3903"	"Chr5"		189.07	579.34	321.81	355.3	380.86	254.86
"orf19.3159.4"	"Chr5"	"UTP20"	419.78	552.18	211.05	703.41	585.82	120.9
"orf19.3159.4"	"Chr5"	"UTP20"	-25.4	285.68	594.76	352.47	140.06	532.01
"orf19.6671"	"Chr5"	"LAP5"	1176.53	1185.27	495.41	804.97	603.4	492.66
"orf19.6671"	"Chr5"	"LAP5"	445.08	702.43	1223.92	506.18	454.93	1489.57
"orf19.6672"	"Chr5"	"MDJ1"	12148.17	8632.31	13926.14	6874.74	12935.31	12145.27
"orf19.6672"	"Chr5"	"MDJ1"	596.95	731.9	811.77	518.66	462.72	598.74
"orf19.962"	"Chr5"		1381.11	1391.49	1463.96	721.74	1047.55	787.02
"orf19.4046"	"Chr5"		149.27	465.83	690.25	386.86	296.09	506.26
"orf19.4054"	"Chr5"	"CTA24"	18386.26	19487.63	3635.13	7785.34	23913.53	2472.95
"orf19.4054"	"Chr5"	"CTA24"	3461.99	3904.56	21191.24	2181.52	5852.33	23596.24
"orf19.3908"	"Chr5"		985.65	915.66	1605.2	987.91	942.13	1668.53
